Transaction_Date,Daily_Sales,Num_Transactions,Num_Companies,Num_Products,Total_Quantity,Year,Month,Day,Day_of_Week,Quarter,Week_of_Year,Is_Weekend,Is_Month_Start,Is_Month_End,Sales_Lag_1d,Sales_Lag_7d,Sales_Lag_30d,Sales_Lag_90d,Sales_MA_7d,Sales_Std_7d,Sales_MA_30d,Sales_Std_30d,Sales_MA_90d,Sales_Std_90d,Sales_Growth_7d,Sales_Growth_30d,Avg_Transaction_Size,High_Value_Sales,High_Value_Pct,Cumulative_Monthly_Sales,Cumulative_Quarterly_Sales
2020-01-11,2156000.0,1.0,1.0,1.0,10.0,2020,1,11,5,1,2,1,0,0,0.0,0.0,0.0,0.0,2156000.0,0.0,2156000.0,0.0,2156000.0,0.0,0.0,0.0,1078000.0,2156000.0,99.99995361783228,2156000.0,2156000.0
2020-01-12,0.0,0.0,0.0,0.0,0.0,2020,1,12,6,1,2,1,0,0,2156000.0,0.0,0.0,0.0,1078000.0,1524522.2202381964,1078000.0,1524522.2202381964,1078000.0,1524522.2202381964,0.0,0.0,0.0,0.0,0.0,2156000.0,2156000.0
2020-01-13,0.0,0.0,0.0,0.0,0.0,2020,1,13,0,1,3,0,0,0,0.0,0.0,0.0,0.0,718666.6666666666,1244767.1803728333,718666.6666666666,1244767.1803728333,718666.6666666666,1244767.1803728333,0.0,0.0,0.0,0.0,0.0,2156000.0,2156000.0
2020-01-14,0.0,0.0,0.0,0.0,0.0,2020,1,14,1,1,3,0,0,0,0.0,0.0,0.0,0.0,539000.0,1078000.0,539000.0,1078000.0,539000.0,1078000.0,0.0,0.0,0.0,0.0,0.0,2156000.0,2156000.0
2020-01-15,0.0,0.0,0.0,0.0,0.0,2020,1,15,2,1,3,0,0,0,0.0,0.0,0.0,0.0,431200.0,964192.5118979093,431200.0,964192.5118979093,431200.0,964192.5118979093,0.0,0.0,0.0,0.0,0.0,2156000.0,2156000.0
2020-01-16,0.0,0.0,0.0,0.0,0.0,2020,1,16,3,1,3,0,0,0,0.0,0.0,0.0,0.0,359333.3333333333,880183.3142400887,359333.3333333333,880183.3142400887,359333.3333333333,880183.3142400887,0.0,0.0,0.0,0.0,0.0,2156000.0,2156000.0
2020-01-17,0.0,0.0,0.0,0.0,0.0,2020,1,17,4,1,3,0,0,0,0.0,0.0,0.0,0.0,308000.0,814891.403807894,308000.0,814891.403807894,308000.0,814891.403807894,0.0,0.0,0.0,0.0,0.0,2156000.0,2156000.0
2020-01-18,0.0,0.0,0.0,0.0,0.0,2020,1,18,5,1,3,1,0,0,0.0,2156000.0,0.0,0.0,0.0,0.0,269500.0,762261.1101190983,269500.0,762261.1101190983,-99.99995361783228,0.0,0.0,0.0,0.0,2156000.0,2156000.0
2020-01-19,0.0,0.0,0.0,0.0,0.0,2020,1,19,6,1,3,1,0,0,0.0,0.0,0.0,0.0,0.0,0.0,239555.55555555556,718666.6666666667,239555.55555555556,718666.6666666667,0.0,0.0,0.0,0.0,0.0,2156000.0,2156000.0
2020-01-20,0.0,0.0,0.0,0.0,0.0,2020,1,20,0,1,4,0,0,0,0.0,0.0,0.0,0.0,0.0,0.0,215600.0,681787.0635323026,215600.0,681787.0635323026,0.0,0.0,0.0,0.0,0.0,2156000.0,2156000.0
2020-01-21,0.0,0.0,0.0,0.0,0.0,2020,1,21,1,1,4,0,0,0,0.0,0.0,0.0,0.0,0.0,0.0,196000.0,650058.4589096584,196000.0,650058.4589096584,0.0,0.0,0.0,0.0,0.0,2156000.0,2156000.0
2020-01-22,0.0,0.0,0.0,0.0,0.0,2020,1,22,2,1,4,0,0,0,0.0,0.0,0.0,0.0,0.0,0.0,179666.66666666666,622383.5901864166,179666.66666666666,622383.5901864166,0.0,0.0,0.0,0.0,0.0,2156000.0,2156000.0
2020-01-23,0.0,0.0,0.0,0.0,0.0,2020,1,23,3,1,4,0,0,0,0.0,0.0,0.0,0.0,0.0,0.0,165846.15384615384,597966.811530797,165846.15384615384,597966.811530797,0.0,0.0,0.0,0.0,0.0,2156000.0,2156000.0
2020-01-24,0.0,0.0,0.0,0.0,0.0,2020,1,24,4,1,4,0,0,0,0.0,0.0,0.0,0.0,0.0,0.0,154000.0,576215.237563187,154000.0,576215.237563187,0.0,0.0,0.0,0.0,0.0,2156000.0,2156000.0
2020-01-25,0.0,0.0,0.0,0.0,0.0,2020,1,25,5,1,4,1,0,1,0.0,0.0,0.0,0.0,0.0,0.0,143733.33333333334,556676.8062948794,143733.33333333334,556676.8062948794,0.0,0.0,0.0,0.0,0.0,2156000.0,2156000.0
2020-01-26,0.0,0.0,0.0,0.0,0.0,2020,1,26,6,1,4,1,0,1,0.0,0.0,0.0,0.0,0.0,0.0,134750.0,539000.0,134750.0,539000.0,0.0,0.0,0.0,0.0,0.0,2156000.0,2156000.0
2020-01-27,0.0,0.0,0.0,0.0,0.0,2020,1,27,0,1,5,0,0,1,0.0,0.0,0.0,0.0,0.0,0.0,126823.5294117647,522906.80757833394,126823.5294117647,522906.80757833394,0.0,0.0,0.0,0.0,0.0,2156000.0,2156000.0
2020-01-28,0.0,0.0,0.0,0.0,0.0,2020,1,28,1,1,5,0,0,1,0.0,0.0,0.0,0.0,0.0,0.0,119777.77777777778,508174.07341273216,119777.77777777778,508174.07341273216,0.0,0.0,0.0,0.0,0.0,2156000.0,2156000.0
2020-01-29,0.0,0.0,0.0,0.0,0.0,2020,1,29,2,1,5,0,0,1,0.0,0.0,0.0,0.0,0.0,0.0,113473.68421052632,494620.3222249312,113473.68421052632,494620.3222249312,0.0,0.0,0.0,0.0,0.0,2156000.0,2156000.0
2020-01-30,0.0,0.0,0.0,0.0,0.0,2020,1,30,3,1,5,0,0,1,0.0,0.0,0.0,0.0,0.0,0.0,107800.0,482096.2559489547,107800.0,482096.2559489547,0.0,0.0,0.0,0.0,0.0,2156000.0,2156000.0
2020-01-31,0.0,0.0,0.0,0.0,0.0,2020,1,31,4,1,5,0,0,1,0.0,0.0,0.0,0.0,0.0,0.0,102666.66666666667,470477.77134879964,102666.66666666667,470477.77134879964,0.0,0.0,0.0,0.0,0.0,2156000.0,2156000.0
2020-02-01,0.0,0.0,0.0,0.0,0.0,2020,2,1,5,1,5,1,1,0,0.0,0.0,0.0,0.0,0.0,0.0,98000.0,459660.74446269614,98000.0,459660.74446269614,0.0,0.0,0.0,0.0,0.0,0.0,2156000.0
2020-02-02,0.0,0.0,0.0,0.0,0.0,2020,2,2,6,1,5,1,1,0,0.0,0.0,0.0,0.0,0.0,0.0,93739.13043478261,449557.07670705323,93739.13043478261,449557.07670705323,0.0,0.0,0.0,0.0,0.0,0.0,2156000.0
2020-02-03,0.0,0.0,0.0,0.0,0.0,2020,2,3,0,1,6,0,1,0,0.0,0.0,0.0,0.0,0.0,0.0,89833.33333333333,440091.65712004434,89833.33333333333,440091.65712004434,0.0,0.0,0.0,0.0,0.0,0.0,2156000.0
2020-02-04,0.0,0.0,0.0,0.0,0.0,2020,2,4,1,1,6,0,1,0,0.0,0.0,0.0,0.0,0.0,0.0,86240.0,431200.00000000006,86240.0,431200.00000000006,0.0,0.0,0.0,0.0,0.0,0.0,2156000.0
2020-02-05,0.0,0.0,0.0,0.0,0.0,2020,2,5,2,1,6,0,1,0,0.0,0.0,0.0,0.0,0.0,0.0,82923.07692307692,422826.3873579248,82923.07692307692,422826.3873579248,0.0,0.0,0.0,0.0,0.0,0.0,2156000.0
2020-02-06,0.0,0.0,0.0,0.0,0.0,2020,2,6,3,1,6,0,0,0,0.0,0.0,0.0,0.0,0.0,0.0,79851.85185185185,414922.3934576111,79851.85185185185,414922.3934576111,0.0,0.0,0.0,0.0,0.0,0.0,2156000.0
2020-02-07,0.0,0.0,0.0,0.0,0.0,2020,2,7,4,1,6,0,0,0,0.0,0.0,0.0,0.0,0.0,0.0,77000.0,407445.701903947,77000.0,407445.701903947,0.0,0.0,0.0,0.0,0.0,0.0,2156000.0
2020-02-08,0.0,0.0,0.0,0.0,0.0,2020,2,8,5,1,6,1,0,0,0.0,0.0,0.0,0.0,0.0,0.0,74344.8275862069,400359.14910972386,74344.8275862069,400359.14910972386,0.0,0.0,0.0,0.0,0.0,0.0,2156000.0
2020-02-09,0.0,0.0,0.0,0.0,0.0,2020,2,9,6,1,6,1,0,0,0.0,0.0,0.0,0.0,0.0,0.0,71866.66666666667,393629.9446603794,71866.66666666667,393629.9446603794,0.0,0.0,0.0,0.0,0.0,0.0,2156000.0
2020-02-10,0.0,0.0,0.0,0.0,0.0,2020,2,10,0,1,7,0,0,0,0.0,0.0,2156000.0,0.0,0.0,0.0,0.0,0.0,69548.3870967742,387229.0311697267,0.0,-99.99995361783228,0.0,0.0,0.0,0.0,2156000.0
2020-02-11,7963200.0,3.0,3.0,3.0,55.0,2020,2,11,1,1,7,0,0,0,0.0,0.0,0.0,0.0,1137600.0,3009806.6914670784,265440.0,1453874.756641713,316225.0,1446474.5375366742,796320000.0,796320000.0,1990800.0,6440000.0,80.87200109604166,7963200.0,10119200.0
2020-02-12,1724800.0,1.0,1.0,1.0,11.0,2020,2,12,2,1,7,0,0,0,7963200.0,0.0,0.0,0.0,1384000.0,2971511.884546316,322933.3333333333,1476936.6146447046,358909.0909090909,1444655.0843461815,172480000.0,172480000.0,862400.0,0.0,0.0,9688000.0,11844000.0
2020-02-13,0.0,0.0,0.0,0.0,0.0,2020,2,13,3,1,7,0,0,0,1724800.0,0.0,0.0,0.0,1384000.0,2971511.884546316,322933.3333333333,1476936.6146447046,348352.9411764706,1423928.9759771908,0.0,0.0,0.0,0.0,0.0,9688000.0,11844000.0
2020-02-14,0.0,0.0,0.0,0.0,0.0,2020,2,14,4,1,7,0,0,0,0.0,0.0,0.0,0.0,1384000.0,2971511.884546316,322933.3333333333,1476936.6146447046,338400.0,1404067.784520894,0.0,0.0,0.0,0.0,0.0,9688000.0,11844000.0
2020-02-15,0.0,0.0,0.0,0.0,0.0,2020,2,15,5,1,7,1,0,0,0.0,0.0,0.0,0.0,1384000.0,2971511.884546316,322933.3333333333,1476936.6146447046,329000.0,1385013.143619944,0.0,0.0,0.0,0.0,0.0,9688000.0,11844000.0
2020-02-16,0.0,0.0,0.0,0.0,0.0,2020,2,16,6,1,7,1,0,0,0.0,0.0,0.0,0.0,1384000.0,2971511.884546316,322933.3333333333,1476936.6146447046,320108.1081081081,1366712.0403806067,0.0,0.0,0.0,0.0,0.0,9688000.0,11844000.0
2020-02-17,0.0,0.0,0.0,0.0,0.0,2020,2,17,0,1,8,0,0,0,0.0,0.0,0.0,0.0,1384000.0,2971511.884546316,322933.3333333333,1476936.6146447046,311684.2105263158,1349116.2021008353,0.0,0.0,0.0,0.0,0.0,9688000.0,11844000.0
2020-02-18,0.0,0.0,0.0,0.0,0.0,2020,2,18,1,1,8,0,0,0,0.0,7963200.0,0.0,0.0,246400.0,651913.1230463154,322933.3333333333,1476936.6146447046,303692.3076923077,1332181.5664510236,-99.99998744223585,0.0,0.0,0.0,0.0,9688000.0,11844000.0
2020-02-19,0.0,0.0,0.0,0.0,0.0,2020,2,19,2,1,8,0,0,0,0.0,1724800.0,0.0,0.0,0.0,0.0,322933.3333333333,1476936.6146447046,296100.0,1315867.8220582055,-99.99994202229706,0.0,0.0,0.0,0.0,9688000.0,11844000.0
2020-02-20,0.0,0.0,0.0,0.0,0.0,2020,2,20,3,1,8,0,0,0,0.0,0.0,0.0,0.0,0.0,0.0,322933.3333333333,1476936.6146447046,288878.0487804878,1300138.0087344951,0.0,0.0,0.0,0.0,0.0,9688000.0,11844000.0
2020-02-21,0.0,0.0,0.0,0.0,0.0,2020,2,21,4,1,8,0,0,0,0.0,0.0,0.0,0.0,0.0,0.0,322933.3333333333,1476936.6146447046,282000.0,1284958.1684374579,0.0,0.0,0.0,0.0,0.0,9688000.0,11844000.0
2020-02-22,0.0,0.0,0.0,0.0,0.0,2020,2,22,5,1,8,1,0,0,0.0,0.0,0.0,0.0,0.0,0.0,322933.3333333333,1476936.6146447046,275441.8604651163,1270297.0395471174,0.0,0.0,0.0,0.0,0.0,9688000.0,11844000.0
2020-02-23,0.0,0.0,0.0,0.0,0.0,2020,2,23,6,1,8,1,0,0,0.0,0.0,0.0,0.0,0.0,0.0,322933.3333333333,1476936.6146447046,269181.8181818182,1256125.7882635815,0.0,0.0,0.0,0.0,0.0,9688000.0,11844000.0
2020-02-24,0.0,0.0,0.0,0.0,0.0,2020,2,24,0,1,9,0,0,0,0.0,0.0,0.0,0.0,0.0,0.0,322933.3333333333,1476936.6146447046,263200.0,1242417.7719269795,0.0,0.0,0.0,0.0,0.0,9688000.0,11844000.0
2020-02-25,0.0,0.0,0.0,0.0,0.0,2020,2,25,1,1,9,0,0,1,0.0,0.0,0.0,0.0,0.0,0.0,322933.3333333333,1476936.6146447046,257478.26086956522,1229148.3298814027,0.0,0.0,0.0,0.0,0.0,9688000.0,11844000.0
2020-02-26,0.0,0.0,0.0,0.0,0.0,2020,2,26,2,1,9,0,0,1,0.0,0.0,0.0,0.0,0.0,0.0,322933.3333333333,1476936.6146447046,252000.0,1216294.5981813853,0.0,0.0,0.0,0.0,0.0,9688000.0,11844000.0
2020-02-27,0.0,0.0,0.0,0.0,0.0,2020,2,27,3,1,9,0,0,1,0.0,0.0,0.0,0.0,0.0,0.0,322933.3333333333,1476936.6146447046,246750.0,1203835.3450004451,0.0,0.0,0.0,0.0,0.0,9688000.0,11844000.0
2020-02-28,0.0,0.0,0.0,0.0,0.0,2020,2,28,4,1,9,0,0,1,0.0,0.0,0.0,0.0,0.0,0.0,322933.3333333333,1476936.6146447046,241714.2857142857,1191750.8240679621,0.0,0.0,0.0,0.0,0.0,9688000.0,11844000.0
2020-02-29,0.0,0.0,0.0,0.0,0.0,2020,2,29,5,1,9,1,0,1,0.0,0.0,0.0,0.0,0.0,0.0,322933.3333333333,1476936.6146447046,236880.0,1180022.6438505324,0.0,0.0,0.0,0.0,0.0,9688000.0,11844000.0
2020-03-01,0.0,0.0,0.0,0.0,0.0,2020,3,1,6,1,9,1,1,0,0.0,0.0,0.0,0.0,0.0,0.0,322933.3333333333,1476936.6146447046,232235.29411764705,1168633.6505207317,0.0,0.0,0.0,0.0,0.0,0.0,11844000.0
2020-03-02,0.0,0.0,0.0,0.0,0.0,2020,3,2,0,1,10,0,1,0,0.0,0.0,0.0,0.0,0.0,0.0,322933.3333333333,1476936.6146447046,227769.23076923078,1157567.823031136,0.0,0.0,0.0,0.0,0.0,0.0,11844000.0
2020-03-03,0.0,0.0,0.0,0.0,0.0,2020,3,3,1,1,10,0,1,0,0.0,0.0,0.0,0.0,0.0,0.0,322933.3333333333,1476936.6146447046,223471.69811320756,1146810.1788434668,0.0,0.0,0.0,0.0,0.0,0.0,11844000.0
2020-03-04,0.0,0.0,0.0,0.0,0.0,2020,3,4,2,1,10,0,1,0,0.0,0.0,0.0,0.0,0.0,0.0,322933.3333333333,1476936.6146447046,219333.33333333334,1136346.6890592189,0.0,0.0,0.0,0.0,0.0,0.0,11844000.0
2020-03-05,0.0,0.0,0.0,0.0,0.0,2020,3,5,3,1,10,0,1,0,0.0,0.0,0.0,0.0,0.0,0.0,322933.3333333333,1476936.6146447046,215345.45454545456,1126164.2018650253,0.0,0.0,0.0,0.0,0.0,0.0,11844000.0
2020-03-06,0.0,0.0,0.0,0.0,0.0,2020,3,6,4,1,10,0,0,0,0.0,0.0,0.0,0.0,0.0,0.0,322933.3333333333,1476936.6146447046,211500.0,1116250.3733482019,0.0,0.0,0.0,0.0,0.0,0.0,11844000.0
2020-03-07,0.0,0.0,0.0,0.0,0.0,2020,3,7,5,1,10,1,0,0,0.0,0.0,0.0,0.0,0.0,0.0,322933.3333333333,1476936.6146447046,207789.47368421053,1106593.6048594306,0.0,0.0,0.0,0.0,0.0,0.0,11844000.0
2020-03-08,0.0,0.0,0.0,0.0,0.0,2020,3,8,6,1,10,1,0,0,0.0,0.0,0.0,0.0,0.0,0.0,322933.3333333333,1476936.6146447046,204206.89655172414,1097182.986203651,0.0,0.0,0.0,0.0,0.0,0.0,11844000.0
2020-03-09,0.0,0.0,0.0,0.0,0.0,2020,3,9,0,1,11,0,0,0,0.0,0.0,0.0,0.0,0.0,0.0,322933.3333333333,1476936.6146447046,200745.7627118644,1088008.2440296873,0.0,0.0,0.0,0.0,0.0,0.0,11844000.0
2020-03-10,0.0,0.0,0.0,0.0,0.0,2020,3,10,1,1,11,0,0,0,0.0,0.0,0.0,0.0,0.0,0.0,322933.3333333333,1476936.6146447046,197400.0,1079059.6948662042,0.0,0.0,0.0,0.0,0.0,0.0,11844000.0
2020-03-11,2284800.0,2.0,2.0,2.0,12.0,2020,3,11,2,1,11,0,0,0,0.0,0.0,0.0,0.0,326400.0,863573.2279314826,399093.3333333333,1518047.017338585,231619.67213114753,1102902.4457946816,228480000.0,228480000.0,761600.0,0.0,0.0,2284800.0,14128800.0
2020-03-12,0.0,0.0,0.0,0.0,0.0,2020,3,12,3,1,11,0,0,0,2284800.0,0.0,7963200.0,0.0,326400.0,863573.2279314826,133653.33333333334,513921.69250089873,227883.87096774194,1094220.3653434308,0.0,-99.99998744223585,0.0,0.0,0.0,2284800.0,14128800.0
2020-03-13,0.0,0.0,0.0,0.0,0.0,2020,3,13,4,1,11,0,0,0,0.0,0.0,1724800.0,0.0,326400.0,863573.2279314826,76160.0,417145.49979593424,224266.66666666666,1085739.806054661,0.0,-99.99994202229706,0.0,0.0,0.0,2284800.0,14128800.0
2020-03-14,0.0,0.0,0.0,0.0,0.0,2020,3,14,5,1,11,1,0,0,0.0,0.0,0.0,0.0,326400.0,863573.2279314826,76160.0,417145.49979593424,220762.5,1077453.104419038,0.0,0.0,0.0,0.0,0.0,2284800.0,14128800.0
2020-03-15,0.0,0.0,0.0,0.0,0.0,2020,3,15,6,1,11,1,0,0,0.0,0.0,0.0,0.0,326400.0,863573.2279314826,76160.0,417145.49979593424,217366.15384615384,1069352.9980607613,0.0,0.0,0.0,0.0,0.0,2284800.0,14128800.0
2020-03-16,0.0,0.0,0.0,0.0,0.0,2020,3,16,0,1,12,0,0,0,0.0,0.0,0.0,0.0,326400.0,863573.2279314826,76160.0,417145.49979593424,214072.72727272726,1061432.5991928882,0.0,0.0,0.0,0.0,0.0,2284800.0,14128800.0
2020-03-17,0.0,0.0,0.0,0.0,0.0,2020,3,17,1,1,12,0,0,0,0.0,0.0,0.0,0.0,326400.0,863573.2279314826,76160.0,417145.49979593424,210877.61194029852,1053685.3701839393,0.0,0.0,0.0,0.0,0.0,2284800.0,14128800.0
2020-03-18,0.0,0.0,0.0,0.0,0.0,2020,3,18,2,1,12,0,0,0,0.0,2284800.0,0.0,0.0,0.0,0.0,76160.0,417145.49979593424,207776.4705882353,1046105.1010406069,-99.99995623251216,0.0,0.0,0.0,0.0,2284800.0,14128800.0
2020-03-19,0.0,0.0,0.0,0.0,0.0,2020,3,19,3,1,12,0,0,0,0.0,0.0,0.0,0.0,0.0,0.0,76160.0,417145.49979593424,204765.21739130435,1038685.8886318648,0.0,0.0,0.0,0.0,0.0,2284800.0,14128800.0
2020-03-20,0.0,0.0,0.0,0.0,0.0,2020,3,20,4,1,12,0,0,0,0.0,0.0,0.0,0.0,0.0,0.0,76160.0,417145.49979593424,201840.0,1031422.1174978594,0.0,0.0,0.0,0.0,0.0,2284800.0,14128800.0
2020-03-21,0.0,0.0,0.0,0.0,0.0,2020,3,21,5,1,12,1,0,0,0.0,0.0,0.0,0.0,0.0,0.0,76160.0,417145.49979593424,198997.18309859154,1024308.4421029539,0.0,0.0,0.0,0.0,0.0,2284800.0,14128800.0
2020-03-22,0.0,0.0,0.0,0.0,0.0,2020,3,22,6,1,12,1,0,0,0.0,0.0,0.0,0.0,0.0,0.0,76160.0,417145.49979593424,196233.33333333334,1017339.7704064774,0.0,0.0,0.0,0.0,0.0,2284800.0,14128800.0
2020-03-23,0.0,0.0,0.0,0.0,0.0,2020,3,23,0,1,13,0,0,0,0.0,0.0,0.0,0.0,0.0,0.0,76160.0,417145.49979593424,193545.20547945207,1010511.2486373057,0.0,0.0,0.0,0.0,0.0,2284800.0,14128800.0
2020-03-24,0.0,0.0,0.0,0.0,0.0,2020,3,24,1,1,13,0,0,0,0.0,0.0,0.0,0.0,0.0,0.0,76160.0,417145.49979593424,190929.72972972973,1003818.2471695814,0.0,0.0,0.0,0.0,0.0,2284800.0,14128800.0
2020-03-25,0.0,0.0,0.0,0.0,0.0,2020,3,25,2,1,13,0,0,1,0.0,0.0,0.0,0.0,0.0,0.0,76160.0,417145.49979593424,188384.0,997256.3474068457,0.0,0.0,0.0,0.0,0.0,2284800.0,14128800.0
2020-03-26,0.0,0.0,0.0,0.0,0.0,2020,3,26,3,1,13,0,0,1,0.0,0.0,0.0,0.0,0.0,0.0,76160.0,417145.49979593424,185905.26315789475,990821.3295907238,0.0,0.0,0.0,0.0,0.0,2284800.0,14128800.0
2020-03-27,0.0,0.0,0.0,0.0,0.0,2020,3,27,4,1,13,0,0,1,0.0,0.0,0.0,0.0,0.0,0.0,76160.0,417145.49979593424,183490.9090909091,984509.1614582442,0.0,0.0,0.0,0.0,0.0,2284800.0,14128800.0
2020-03-28,0.0,0.0,0.0,0.0,0.0,2020,3,28,5,1,13,1,0,1,0.0,0.0,0.0,0.0,0.0,0.0,76160.0,417145.49979593424,181138.46153846153,978315.9876789562,0.0,0.0,0.0,0.0,0.0,2284800.0,14128800.0
2020-03-29,0.0,0.0,0.0,0.0,0.0,2020,3,29,6,1,13,1,0,1,0.0,0.0,0.0,0.0,0.0,0.0,76160.0,417145.49979593424,178845.56962025317,972238.1200093683,0.0,0.0,0.0,0.0,0.0,2284800.0,14128800.0
2020-03-30,0.0,0.0,0.0,0.0,0.0,2020,3,30,0,1,14,0,0,1,0.0,0.0,0.0,0.0,0.0,0.0,76160.0,417145.49979593424,176610.0,966272.0281079224,0.0,0.0,0.0,0.0,0.0,2284800.0,14128800.0
2020-03-31,0.0,0.0,0.0,0.0,0.0,2020,3,31,1,1,14,0,0,1,0.0,0.0,0.0,0.0,0.0,0.0,76160.0,417145.49979593424,174429.62962962964,960414.3309588373,0.0,0.0,0.0,0.0,0.0,2284800.0,14128800.0
2020-04-01,0.0,0.0,0.0,0.0,0.0,2020,4,1,2,2,14,0,1,0,0.0,0.0,0.0,0.0,0.0,0.0,76160.0,417145.49979593424,172302.43902439025,954661.788857755,0.0,0.0,0.0,0.0,0.0,0.0,0.0
2020-04-02,0.0,0.0,0.0,0.0,0.0,2020,4,2,3,2,14,0,1,0,0.0,0.0,0.0,0.0,0.0,0.0,76160.0,417145.49979593424,170226.5060240964,949011.2959162645,0.0,0.0,0.0,0.0,0.0,0.0,0.0
2020-04-03,0.0,0.0,0.0,0.0,0.0,2020,4,3,4,2,14,0,1,0,0.0,0.0,0.0,0.0,0.0,0.0,76160.0,417145.49979593424,168200.0,943459.8730461157,0.0,0.0,0.0,0.0,0.0,0.0,0.0
2020-04-04,0.0,0.0,0.0,0.0,0.0,2020,4,4,5,2,14,1,1,0,0.0,0.0,0.0,0.0,0.0,0.0,76160.0,417145.49979593424,166221.17647058822,938004.6613873056,0.0,0.0,0.0,0.0,0.0,0.0,0.0
2020-04-05,0.0,0.0,0.0,0.0,0.0,2020,4,5,6,2,14,1,1,0,0.0,0.0,0.0,0.0,0.0,0.0,76160.0,417145.49979593424,164288.37209302327,932642.9161472635,0.0,0.0,0.0,0.0,0.0,0.0,0.0
2020-04-06,0.0,0.0,0.0,0.0,0.0,2020,4,6,0,2,15,0,0,0,0.0,0.0,0.0,0.0,0.0,0.0,76160.0,417145.49979593424,162400.0,927372.000821125,0.0,0.0,0.0,0.0,0.0,0.0,0.0
2020-04-07,0.0,0.0,0.0,0.0,0.0,2020,4,7,1,2,15,0,0,0,0.0,0.0,0.0,0.0,0.0,0.0,76160.0,417145.49979593424,160554.54545454544,922189.3817655733,0.0,0.0,0.0,0.0,0.0,0.0,0.0
2020-04-08,0.0,0.0,0.0,0.0,0.0,2020,4,8,2,2,15,0,0,0,0.0,0.0,0.0,0.0,0.0,0.0,76160.0,417145.49979593424,158750.5617977528,917092.6231009993,0.0,0.0,0.0,0.0,0.0,0.0,0.0
2020-04-09,0.0,0.0,0.0,0.0,0.0,2020,4,9,3,2,15,0,0,0,0.0,0.0,0.0,0.0,0.0,0.0,76160.0,417145.49979593424,156986.66666666666,912079.3819187825,0.0,0.0,0.0,0.0,0.0,0.0,0.0
2020-04-10,0.0,0.0,0.0,0.0,0.0,2020,4,10,4,2,15,0,0,0,0.0,0.0,2284800.0,2156000.0,0.0,0.0,0.0,0.0,133031.11111111112,886953.1575795447,0.0,-99.99995623251216,0.0,0.0,0.0,0.0,0.0
2020-04-11,1848000.0,1.0,1.0,1.0,14.0,2020,4,11,5,2,15,1,0,0,0.0,0.0,0.0,0.0,264000.0,698478.3461210522,61600.0,337397.095423182,153564.44444444444,905045.2893641564,184800000.0,184800000.0,924000.0,0.0,0.0,1848000.0,1848000.0
2020-04-12,3808000.0,3.0,3.0,3.0,32.0,2020,4,12,6,2,15,1,0,0,1848000.0,0.0,0.0,0.0,808000.0,1491415.4350817215,188533.33333333334,762247.6624106987,195875.55555555556,983405.6698690458,380800000.0,380800000.0,952000.0,2800000.0,73.52939245551669,5656000.0,5656000.0
2020-04-13,0.0,0.0,0.0,0.0,0.0,2020,4,13,0,2,16,0,0,0,3808000.0,0.0,0.0,0.0,808000.0,1491415.4350817215,188533.33333333334,762247.6624106987,195875.55555555556,983405.6698690458,0.0,0.0,0.0,0.0,0.0,5656000.0,5656000.0
2020-04-14,0.0,0.0,0.0,0.0,0.0,2020,4,14,1,2,16,0,0,0,0.0,0.0,0.0,0.0,808000.0,1491415.4350817215,188533.33333333334,762247.6624106987,195875.55555555556,983405.6698690458,0.0,0.0,0.0,0.0,0.0,5656000.0,5656000.0
2020-04-15,0.0,0.0,0.0,0.0,0.0,2020,4,15,2,2,16,0,0,0,0.0,0.0,0.0,0.0,808000.0,1491415.4350817215,188533.33333333334,762247.6624106987,195875.55555555556,983405.6698690458,0.0,0.0,0.0,0.0,0.0,5656000.0,5656000.0
2020-04-16,0.0,0.0,0.0,0.0,0.0,2020,4,16,3,2,16,0,0,0,0.0,0.0,0.0,0.0,808000.0,1491415.4350817215,188533.33333333334,762247.6624106987,195875.55555555556,983405.6698690458,0.0,0.0,0.0,0.0,0.0,5656000.0,5656000.0
2020-04-17,0.0,0.0,0.0,0.0,0.0,2020,4,17,4,2,16,0,0,0,0.0,0.0,0.0,0.0,808000.0,1491415.4350817215,188533.33333333334,762247.6624106987,195875.55555555556,983405.6698690458,0.0,0.0,0.0,0.0,0.0,5656000.0,5656000.0
2020-04-18,0.0,0.0,0.0,0.0,0.0,2020,4,18,5,2,16,1,0,0,0.0,1848000.0,0.0,0.0,544000.0,1439288.7132191374,188533.33333333334,762247.6624106987,195875.55555555556,983405.6698690458,-99.99994588747518,0.0,0.0,0.0,0.0,5656000.0,5656000.0
2020-04-19,0.0,0.0,0.0,0.0,0.0,2020,4,19,6,2,16,1,0,0,0.0,3808000.0,0.0,0.0,0.0,0.0,188533.33333333334,762247.6624106987,195875.55555555556,983405.6698690458,-99.99997373950269,0.0,0.0,0.0,0.0,5656000.0,5656000.0
2020-04-20,0.0,0.0,0.0,0.0,0.0,2020,4,20,0,2,17,0,0,0,0.0,0.0,0.0,0.0,0.0,0.0,188533.33333333334,762247.6624106987,195875.55555555556,983405.6698690458,0.0,0.0,0.0,0.0,0.0,5656000.0,5656000.0
2020-04-21,0.0,0.0,0.0,0.0,0.0,2020,4,21,1,2,17,0,0,0,0.0,0.0,0.0,0.0,0.0,0.0,188533.33333333334,762247.6624106987,195875.55555555556,983405.6698690458,0.0,0.0,0.0,0.0,0.0,5656000.0,5656000.0
2020-04-22,0.0,0.0,0.0,0.0,0.0,2020,4,22,2,2,17,0,0,0,0.0,0.0,0.0,0.0,0.0,0.0,188533.33333333334,762247.6624106987,195875.55555555556,983405.6698690458,0.0,0.0,0.0,0.0,0.0,5656000.0,5656000.0
2020-04-23,0.0,0.0,0.0,0.0,0.0,2020,4,23,3,2,17,0,0,0,0.0,0.0,0.0,0.0,0.0,0.0,188533.33333333334,762247.6624106987,195875.55555555556,983405.6698690458,0.0,0.0,0.0,0.0,0.0,5656000.0,5656000.0
2020-04-24,0.0,0.0,0.0,0.0,0.0,2020,4,24,4,2,17,0,0,0,0.0,0.0,0.0,0.0,0.0,0.0,188533.33333333334,762247.6624106987,195875.55555555556,983405.6698690458,0.0,0.0,0.0,0.0,0.0,5656000.0,5656000.0
2020-04-25,0.0,0.0,0.0,0.0,0.0,2020,4,25,5,2,17,1,0,1,0.0,0.0,0.0,0.0,0.0,0.0,188533.33333333334,762247.6624106987,195875.55555555556,983405.6698690458,0.0,0.0,0.0,0.0,0.0,5656000.0,5656000.0
2020-04-26,0.0,0.0,0.0,0.0,0.0,2020,4,26,6,2,17,1,0,1,0.0,0.0,0.0,0.0,0.0,0.0,188533.33333333334,762247.6624106987,195875.55555555556,983405.6698690458,0.0,0.0,0.0,0.0,0.0,5656000.0,5656000.0
2020-04-27,0.0,0.0,0.0,0.0,0.0,2020,4,27,0,2,18,0,0,1,0.0,0.0,0.0,0.0,0.0,0.0,188533.33333333334,762247.6624106987,195875.55555555556,983405.6698690458,0.0,0.0,0.0,0.0,0.0,5656000.0,5656000.0
2020-04-28,0.0,0.0,0.0,0.0,0.0,2020,4,28,1,2,18,0,0,1,0.0,0.0,0.0,0.0,0.0,0.0,188533.33333333334,762247.6624106987,195875.55555555556,983405.6698690458,0.0,0.0,0.0,0.0,0.0,5656000.0,5656000.0
2020-04-29,0.0,0.0,0.0,0.0,0.0,2020,4,29,2,2,18,0,0,1,0.0,0.0,0.0,0.0,0.0,0.0,188533.33333333334,762247.6624106987,195875.55555555556,983405.6698690458,0.0,0.0,0.0,0.0,0.0,5656000.0,5656000.0
2020-04-30,0.0,0.0,0.0,0.0,0.0,2020,4,30,3,2,18,0,0,1,0.0,0.0,0.0,0.0,0.0,0.0,188533.33333333334,762247.6624106987,195875.55555555556,983405.6698690458,0.0,0.0,0.0,0.0,0.0,5656000.0,5656000.0
2020-05-01,0.0,0.0,0.0,0.0,0.0,2020,5,1,4,2,18,0,1,0,0.0,0.0,0.0,0.0,0.0,0.0,188533.33333333334,762247.6624106987,195875.55555555556,983405.6698690458,0.0,0.0,0.0,0.0,0.0,0.0,5656000.0
2020-05-02,0.0,0.0,0.0,0.0,0.0,2020,5,2,5,2,18,1,1,0,0.0,0.0,0.0,0.0,0.0,0.0,188533.33333333334,762247.6624106987,195875.55555555556,983405.6698690458,0.0,0.0,0.0,0.0,0.0,0.0,5656000.0
2020-05-03,0.0,0.0,0.0,0.0,0.0,2020,5,3,6,2,18,1,1,0,0.0,0.0,0.0,0.0,0.0,0.0,188533.33333333334,762247.6624106987,195875.55555555556,983405.6698690458,0.0,0.0,0.0,0.0,0.0,0.0,5656000.0
2020-05-04,0.0,0.0,0.0,0.0,0.0,2020,5,4,0,2,19,0,1,0,0.0,0.0,0.0,0.0,0.0,0.0,188533.33333333334,762247.6624106987,195875.55555555556,983405.6698690458,0.0,0.0,0.0,0.0,0.0,0.0,5656000.0
2020-05-05,0.0,0.0,0.0,0.0,0.0,2020,5,5,1,2,19,0,1,0,0.0,0.0,0.0,0.0,0.0,0.0,188533.33333333334,762247.6624106987,195875.55555555556,983405.6698690458,0.0,0.0,0.0,0.0,0.0,0.0,5656000.0
2020-05-06,0.0,0.0,0.0,0.0,0.0,2020,5,6,2,2,19,0,0,0,0.0,0.0,0.0,0.0,0.0,0.0,188533.33333333334,762247.6624106987,195875.55555555556,983405.6698690458,0.0,0.0,0.0,0.0,0.0,0.0,5656000.0
2020-05-07,0.0,0.0,0.0,0.0,0.0,2020,5,7,3,2,19,0,0,0,0.0,0.0,0.0,0.0,0.0,0.0,188533.33333333334,762247.6624106987,195875.55555555556,983405.6698690458,0.0,0.0,0.0,0.0,0.0,0.0,5656000.0
2020-05-08,0.0,0.0,0.0,0.0,0.0,2020,5,8,4,2,19,0,0,0,0.0,0.0,0.0,0.0,0.0,0.0,188533.33333333334,762247.6624106987,195875.55555555556,983405.6698690458,0.0,0.0,0.0,0.0,0.0,0.0,5656000.0
2020-05-09,0.0,0.0,0.0,0.0,0.0,2020,5,9,5,2,19,1,0,0,0.0,0.0,0.0,0.0,0.0,0.0,188533.33333333334,762247.6624106987,195875.55555555556,983405.6698690458,0.0,0.0,0.0,0.0,0.0,0.0,5656000.0
2020-05-10,0.0,0.0,0.0,0.0,0.0,2020,5,10,6,2,19,1,0,0,0.0,0.0,0.0,0.0,0.0,0.0,188533.33333333334,762247.6624106987,195875.55555555556,983405.6698690458,0.0,0.0,0.0,0.0,0.0,0.0,5656000.0
2020-05-11,1288000.0,1.0,1.0,1.0,11.0,2020,5,11,0,2,20,0,0,0,0.0,0.0,1848000.0,7963200.0,184000.0,486818.241235885,169866.66666666666,726212.8372987296,121706.66666666667,545018.6259676684,128800000.0,-30.303013905295508,644000.0,0.0,0.0,1288000.0,6944000.0
2020-05-12,2195200.0,1.0,1.0,1.0,14.0,2020,5,12,1,2,20,0,0,0,1288000.0,0.0,3808000.0,1724800.0,497600.0,889251.2505848204,116106.66666666667,457633.50411869294,126933.33333333333,562538.7844806291,219520000.0,-42.352930054377616,1097600.0,0.0,0.0,3483200.0,9139200.0
2020-05-13,0.0,0.0,0.0,0.0,0.0,2020,5,13,2,2,20,0,0,0,2195200.0,0.0,0.0,0.0,497600.0,889251.2505848204,116106.66666666667,457633.50411869294,126933.33333333333,562538.7844806291,0.0,0.0,0.0,0.0,0.0,3483200.0,9139200.0
2020-05-14,0.0,0.0,0.0,0.0,0.0,2020,5,14,3,2,20,0,0,0,0.0,0.0,0.0,0.0,497600.0,889251.2505848204,116106.66666666667,457633.50411869294,126933.33333333333,562538.7844806291,0.0,0.0,0.0,0.0,0.0,3483200.0,9139200.0
2020-05-15,0.0,0.0,0.0,0.0,0.0,2020,5,15,4,2,20,0,0,0,0.0,0.0,0.0,0.0,497600.0,889251.2505848204,116106.66666666667,457633.50411869294,126933.33333333333,562538.7844806291,0.0,0.0,0.0,0.0,0.0,3483200.0,9139200.0
2020-05-16,0.0,0.0,0.0,0.0,0.0,2020,5,16,5,2,20,1,0,0,0.0,0.0,0.0,0.0,497600.0,889251.2505848204,116106.66666666667,457633.50411869294,126933.33333333333,562538.7844806291,0.0,0.0,0.0,0.0,0.0,3483200.0,9139200.0
2020-05-17,0.0,0.0,0.0,0.0,0.0,2020,5,17,6,2,20,1,0,0,0.0,0.0,0.0,0.0,497600.0,889251.2505848204,116106.66666666667,457633.50411869294,126933.33333333333,562538.7844806291,0.0,0.0,0.0,0.0,0.0,3483200.0,9139200.0
2020-05-18,0.0,0.0,0.0,0.0,0.0,2020,5,18,0,2,21,0,0,0,0.0,1288000.0,0.0,0.0,313600.0,829707.6111498558,116106.66666666667,457633.50411869294,126933.33333333333,562538.7844806291,-99.99992236030873,0.0,0.0,0.0,0.0,3483200.0,9139200.0
2020-05-19,0.0,0.0,0.0,0.0,0.0,2020,5,19,1,2,21,0,0,0,0.0,2195200.0,0.0,0.0,0.0,0.0,116106.66666666667,457633.50411869294,126933.33333333333,562538.7844806291,-99.9999544460849,0.0,0.0,0.0,0.0,3483200.0,9139200.0
2020-05-20,0.0,0.0,0.0,0.0,0.0,2020,5,20,2,2,21,0,0,0,0.0,0.0,0.0,0.0,0.0,0.0,116106.66666666667,457633.50411869294,126933.33333333333,562538.7844806291,0.0,0.0,0.0,0.0,0.0,3483200.0,9139200.0
2020-05-21,0.0,0.0,0.0,0.0,0.0,2020,5,21,3,2,21,0,0,0,0.0,0.0,0.0,0.0,0.0,0.0,116106.66666666667,457633.50411869294,126933.33333333333,562538.7844806291,0.0,0.0,0.0,0.0,0.0,3483200.0,9139200.0
2020-05-22,0.0,0.0,0.0,0.0,0.0,2020,5,22,4,2,21,0,0,0,0.0,0.0,0.0,0.0,0.0,0.0,116106.66666666667,457633.50411869294,126933.33333333333,562538.7844806291,0.0,0.0,0.0,0.0,0.0,3483200.0,9139200.0
2020-05-23,0.0,0.0,0.0,0.0,0.0,2020,5,23,5,2,21,1,0,0,0.0,0.0,0.0,0.0,0.0,0.0,116106.66666666667,457633.50411869294,126933.33333333333,562538.7844806291,0.0,0.0,0.0,0.0,0.0,3483200.0,9139200.0
2020-05-24,0.0,0.0,0.0,0.0,0.0,2020,5,24,6,2,21,1,0,0,0.0,0.0,0.0,0.0,0.0,0.0,116106.66666666667,457633.50411869294,126933.33333333333,562538.7844806291,0.0,0.0,0.0,0.0,0.0,3483200.0,9139200.0
2020-05-25,0.0,0.0,0.0,0.0,0.0,2020,5,25,0,2,22,0,0,1,0.0,0.0,0.0,0.0,0.0,0.0,116106.66666666667,457633.50411869294,126933.33333333333,562538.7844806291,0.0,0.0,0.0,0.0,0.0,3483200.0,9139200.0
2020-05-26,0.0,0.0,0.0,0.0,0.0,2020,5,26,1,2,22,0,0,1,0.0,0.0,0.0,0.0,0.0,0.0,116106.66666666667,457633.50411869294,126933.33333333333,562538.7844806291,0.0,0.0,0.0,0.0,0.0,3483200.0,9139200.0
2020-05-27,0.0,0.0,0.0,0.0,0.0,2020,5,27,2,2,22,0,0,1,0.0,0.0,0.0,0.0,0.0,0.0,116106.66666666667,457633.50411869294,126933.33333333333,562538.7844806291,0.0,0.0,0.0,0.0,0.0,3483200.0,9139200.0
2020-05-28,0.0,0.0,0.0,0.0,0.0,2020,5,28,3,2,22,0,0,1,0.0,0.0,0.0,0.0,0.0,0.0,116106.66666666667,457633.50411869294,126933.33333333333,562538.7844806291,0.0,0.0,0.0,0.0,0.0,3483200.0,9139200.0
2020-05-29,0.0,0.0,0.0,0.0,0.0,2020,5,29,4,2,22,0,0,1,0.0,0.0,0.0,0.0,0.0,0.0,116106.66666666667,457633.50411869294,126933.33333333333,562538.7844806291,0.0,0.0,0.0,0.0,0.0,3483200.0,9139200.0
2020-05-30,0.0,0.0,0.0,0.0,0.0,2020,5,30,5,2,22,1,0,1,0.0,0.0,0.0,0.0,0.0,0.0,116106.66666666667,457633.50411869294,126933.33333333333,562538.7844806291,0.0,0.0,0.0,0.0,0.0,3483200.0,9139200.0
2020-05-31,0.0,0.0,0.0,0.0,0.0,2020,5,31,6,2,22,1,0,1,0.0,0.0,0.0,0.0,0.0,0.0,116106.66666666667,457633.50411869294,126933.33333333333,562538.7844806291,0.0,0.0,0.0,0.0,0.0,3483200.0,9139200.0
2020-06-01,0.0,0.0,0.0,0.0,0.0,2020,6,1,0,2,23,0,1,0,0.0,0.0,0.0,0.0,0.0,0.0,116106.66666666667,457633.50411869294,126933.33333333333,562538.7844806291,0.0,0.0,0.0,0.0,0.0,0.0,9139200.0
2020-06-02,0.0,0.0,0.0,0.0,0.0,2020,6,2,1,2,23,0,1,0,0.0,0.0,0.0,0.0,0.0,0.0,116106.66666666667,457633.50411869294,126933.33333333333,562538.7844806291,0.0,0.0,0.0,0.0,0.0,0.0,9139200.0
2020-06-03,0.0,0.0,0.0,0.0,0.0,2020,6,3,2,2,23,0,1,0,0.0,0.0,0.0,0.0,0.0,0.0,116106.66666666667,457633.50411869294,126933.33333333333,562538.7844806291,0.0,0.0,0.0,0.0,0.0,0.0,9139200.0
2020-06-04,0.0,0.0,0.0,0.0,0.0,2020,6,4,3,2,23,0,1,0,0.0,0.0,0.0,0.0,0.0,0.0,116106.66666666667,457633.50411869294,126933.33333333333,562538.7844806291,0.0,0.0,0.0,0.0,0.0,0.0,9139200.0
2020-06-05,0.0,0.0,0.0,0.0,0.0,2020,6,5,4,2,23,0,1,0,0.0,0.0,0.0,0.0,0.0,0.0,116106.66666666667,457633.50411869294,126933.33333333333,562538.7844806291,0.0,0.0,0.0,0.0,0.0,0.0,9139200.0
2020-06-06,0.0,0.0,0.0,0.0,0.0,2020,6,6,5,2,23,1,0,0,0.0,0.0,0.0,0.0,0.0,0.0,116106.66666666667,457633.50411869294,126933.33333333333,562538.7844806291,0.0,0.0,0.0,0.0,0.0,0.0,9139200.0
2020-06-07,0.0,0.0,0.0,0.0,0.0,2020,6,7,6,2,23,1,0,0,0.0,0.0,0.0,0.0,0.0,0.0,116106.66666666667,457633.50411869294,126933.33333333333,562538.7844806291,0.0,0.0,0.0,0.0,0.0,0.0,9139200.0
2020-06-08,0.0,0.0,0.0,0.0,0.0,2020,6,8,0,2,24,0,0,0,0.0,0.0,0.0,0.0,0.0,0.0,116106.66666666667,457633.50411869294,126933.33333333333,562538.7844806291,0.0,0.0,0.0,0.0,0.0,0.0,9139200.0
2020-06-09,0.0,0.0,0.0,0.0,0.0,2020,6,9,1,2,24,0,0,0,0.0,0.0,0.0,2284800.0,0.0,0.0,116106.66666666667,457633.50411869294,101546.66666666667,513478.5505186136,0.0,0.0,0.0,0.0,0.0,0.0,9139200.0
2020-06-10,0.0,0.0,0.0,0.0,0.0,2020,6,10,2,2,24,0,0,0,0.0,0.0,1288000.0,0.0,0.0,0.0,73173.33333333333,400786.8527451132,101546.66666666667,513478.5505186136,0.0,-99.99992236030873,0.0,0.0,0.0,0.0,9139200.0
2020-06-11,0.0,0.0,0.0,0.0,0.0,2020,6,11,3,2,24,0,0,0,0.0,0.0,2195200.0,0.0,0.0,0.0,0.0,0.0,101546.66666666667,513478.5505186136,0.0,-99.9999544460849,0.0,0.0,0.0,0.0,9139200.0
2020-06-12,3673600.0,2.0,2.0,2.0,29.0,2020,6,12,4,2,24,0,0,0,0.0,0.0,0.0,0.0,524800.0,1388490.2880466972,122453.33333333333,670704.5290836592,142364.44444444444,636573.2068744034,367360000.0,367360000.0,1224533.3333333333,0.0,0.0,3673600.0,12812800.0
2020-06-13,0.0,0.0,0.0,0.0,0.0,2020,6,13,5,2,24,1,0,0,3673600.0,0.0,0.0,0.0,524800.0,1388490.2880466972,122453.33333333333,670704.5290836592,142364.44444444444,636573.2068744034,0.0,0.0,0.0,0.0,0.0,3673600.0,12812800.0
2020-06-14,0.0,0.0,0.0,0.0,0.0,2020,6,14,6,2,24,1,0,0,0.0,0.0,0.0,0.0,524800.0,1388490.2880466972,122453.33333333333,670704.5290836592,142364.44444444444,636573.2068744034,0.0,0.0,0.0,0.0,0.0,3673600.0,12812800.0
2020-06-15,0.0,0.0,0.0,0.0,0.0,2020,6,15,0,2,25,0,0,0,0.0,0.0,0.0,0.0,524800.0,1388490.2880466972,122453.33333333333,670704.5290836592,142364.44444444444,636573.2068744034,0.0,0.0,0.0,0.0,0.0,3673600.0,12812800.0
2020-06-16,0.0,0.0,0.0,0.0,0.0,2020,6,16,1,2,25,0,0,0,0.0,0.0,0.0,0.0,524800.0,1388490.2880466972,122453.33333333333,670704.5290836592,142364.44444444444,636573.2068744034,0.0,0.0,0.0,0.0,0.0,3673600.0,12812800.0
2020-06-17,0.0,0.0,0.0,0.0,0.0,2020,6,17,2,2,25,0,0,0,0.0,0.0,0.0,0.0,524800.0,1388490.2880466972,122453.33333333333,670704.5290836592,142364.44444444444,636573.2068744034,0.0,0.0,0.0,0.0,0.0,3673600.0,12812800.0
2020-06-18,0.0,0.0,0.0,0.0,0.0,2020,6,18,3,2,25,0,0,0,0.0,0.0,0.0,0.0,524800.0,1388490.2880466972,122453.33333333333,670704.5290836592,142364.44444444444,636573.2068744034,0.0,0.0,0.0,0.0,0.0,3673600.0,12812800.0
2020-06-19,0.0,0.0,0.0,0.0,0.0,2020,6,19,4,2,25,0,0,0,0.0,3673600.0,0.0,0.0,0.0,0.0,122453.33333333333,670704.5290836592,142364.44444444444,636573.2068744034,-99.99997277875306,0.0,0.0,0.0,0.0,3673600.0,12812800.0
2020-06-20,0.0,0.0,0.0,0.0,0.0,2020,6,20,5,2,25,1,0,0,0.0,0.0,0.0,0.0,0.0,0.0,122453.33333333333,670704.5290836592,142364.44444444444,636573.2068744034,0.0,0.0,0.0,0.0,0.0,3673600.0,12812800.0
2020-06-21,0.0,0.0,0.0,0.0,0.0,2020,6,21,6,2,25,1,0,0,0.0,0.0,0.0,0.0,0.0,0.0,122453.33333333333,670704.5290836592,142364.44444444444,636573.2068744034,0.0,0.0,0.0,0.0,0.0,3673600.0,12812800.0
2020-06-22,0.0,0.0,0.0,0.0,0.0,2020,6,22,0,2,26,0,0,0,0.0,0.0,0.0,0.0,0.0,0.0,122453.33333333333,670704.5290836592,142364.44444444444,636573.2068744034,0.0,0.0,0.0,0.0,0.0,3673600.0,12812800.0
2020-06-23,0.0,0.0,0.0,0.0,0.0,2020,6,23,1,2,26,0,0,0,0.0,0.0,0.0,0.0,0.0,0.0,122453.33333333333,670704.5290836592,142364.44444444444,636573.2068744034,0.0,0.0,0.0,0.0,0.0,3673600.0,12812800.0
2020-06-24,0.0,0.0,0.0,0.0,0.0,2020,6,24,2,2,26,0,0,0,0.0,0.0,0.0,0.0,0.0,0.0,122453.33333333333,670704.5290836592,142364.44444444444,636573.2068744034,0.0,0.0,0.0,0.0,0.0,3673600.0,12812800.0
2020-06-25,0.0,0.0,0.0,0.0,0.0,2020,6,25,3,2,26,0,0,1,0.0,0.0,0.0,0.0,0.0,0.0,122453.33333333333,670704.5290836592,142364.44444444444,636573.2068744034,0.0,0.0,0.0,0.0,0.0,3673600.0,12812800.0
2020-06-26,0.0,0.0,0.0,0.0,0.0,2020,6,26,4,2,26,0,0,1,0.0,0.0,0.0,0.0,0.0,0.0,122453.33333333333,670704.5290836592,142364.44444444444,636573.2068744034,0.0,0.0,0.0,0.0,0.0,3673600.0,12812800.0
2020-06-27,0.0,0.0,0.0,0.0,0.0,2020,6,27,5,2,26,1,0,1,0.0,0.0,0.0,0.0,0.0,0.0,122453.33333333333,670704.5290836592,142364.44444444444,636573.2068744034,0.0,0.0,0.0,0.0,0.0,3673600.0,12812800.0
2020-06-28,0.0,0.0,0.0,0.0,0.0,2020,6,28,6,2,26,1,0,1,0.0,0.0,0.0,0.0,0.0,0.0,122453.33333333333,670704.5290836592,142364.44444444444,636573.2068744034,0.0,0.0,0.0,0.0,0.0,3673600.0,12812800.0
2020-06-29,0.0,0.0,0.0,0.0,0.0,2020,6,29,0,2,27,0,0,1,0.0,0.0,0.0,0.0,0.0,0.0,122453.33333333333,670704.5290836592,142364.44444444444,636573.2068744034,0.0,0.0,0.0,0.0,0.0,3673600.0,12812800.0
2020-06-30,0.0,0.0,0.0,0.0,0.0,2020,6,30,1,2,27,0,0,1,0.0,0.0,0.0,0.0,0.0,0.0,122453.33333333333,670704.5290836592,142364.44444444444,636573.2068744034,0.0,0.0,0.0,0.0,0.0,3673600.0,12812800.0
2020-07-01,0.0,0.0,0.0,0.0,0.0,2020,7,1,2,3,27,0,1,0,0.0,0.0,0.0,0.0,0.0,0.0,122453.33333333333,670704.5290836592,142364.44444444444,636573.2068744034,0.0,0.0,0.0,0.0,0.0,0.0,0.0
2020-07-02,0.0,0.0,0.0,0.0,0.0,2020,7,2,3,3,27,0,1,0,0.0,0.0,0.0,0.0,0.0,0.0,122453.33333333333,670704.5290836592,142364.44444444444,636573.2068744034,0.0,0.0,0.0,0.0,0.0,0.0,0.0
2020-07-03,0.0,0.0,0.0,0.0,0.0,2020,7,3,4,3,27,0,1,0,0.0,0.0,0.0,0.0,0.0,0.0,122453.33333333333,670704.5290836592,142364.44444444444,636573.2068744034,0.0,0.0,0.0,0.0,0.0,0.0,0.0
2020-07-04,0.0,0.0,0.0,0.0,0.0,2020,7,4,5,3,27,1,1,0,0.0,0.0,0.0,0.0,0.0,0.0,122453.33333333333,670704.5290836592,142364.44444444444,636573.2068744034,0.0,0.0,0.0,0.0,0.0,0.0,0.0
2020-07-05,0.0,0.0,0.0,0.0,0.0,2020,7,5,6,3,27,1,1,0,0.0,0.0,0.0,0.0,0.0,0.0,122453.33333333333,670704.5290836592,142364.44444444444,636573.2068744034,0.0,0.0,0.0,0.0,0.0,0.0,0.0
2020-07-06,0.0,0.0,0.0,0.0,0.0,2020,7,6,0,3,28,0,0,0,0.0,0.0,0.0,0.0,0.0,0.0,122453.33333333333,670704.5290836592,142364.44444444444,636573.2068744034,0.0,0.0,0.0,0.0,0.0,0.0,0.0
2020-07-07,0.0,0.0,0.0,0.0,0.0,2020,7,7,1,3,28,0,0,0,0.0,0.0,0.0,0.0,0.0,0.0,122453.33333333333,670704.5290836592,142364.44444444444,636573.2068744034,0.0,0.0,0.0,0.0,0.0,0.0,0.0
2020-07-08,0.0,0.0,0.0,0.0,0.0,2020,7,8,2,3,28,0,0,0,0.0,0.0,0.0,0.0,0.0,0.0,122453.33333333333,670704.5290836592,142364.44444444444,636573.2068744034,0.0,0.0,0.0,0.0,0.0,0.0,0.0
2020-07-09,0.0,0.0,0.0,0.0,0.0,2020,7,9,3,3,28,0,0,0,0.0,0.0,0.0,0.0,0.0,0.0,122453.33333333333,670704.5290836592,142364.44444444444,636573.2068744034,0.0,0.0,0.0,0.0,0.0,0.0,0.0
2020-07-10,0.0,0.0,0.0,0.0,0.0,2020,7,10,4,3,28,0,0,0,0.0,0.0,0.0,1848000.0,0.0,0.0,122453.33333333333,670704.5290836592,121831.11111111111,610196.0840940356,0.0,0.0,0.0,0.0,0.0,0.0,0.0
2020-07-11,1646400.0,2.0,2.0,2.0,16.0,2020,7,11,5,3,28,1,0,0,0.0,0.0,0.0,3808000.0,235200.0,622280.7083623919,177333.33333333334,725461.9595214096,97813.33333333333,495176.1305532233,164640000.0,164640000.0,548800.0,0.0,0.0,1646400.0,1646400.0
2020-07-12,1758400.0,2.0,2.0,2.0,15.0,2020,7,12,6,3,28,1,0,0,1646400.0,0.0,3673600.0,0.0,486400.0,831315.1027137666,113493.33333333333,432163.02075229294,117351.11111111111,525061.4947921417,175840000.0,-52.13413214989869,586133.3333333334,0.0,0.0,3404800.0,3404800.0
2020-07-13,0.0,0.0,0.0,0.0,0.0,2020,7,13,0,3,29,0,0,0,1758400.0,0.0,0.0,0.0,486400.0,831315.1027137666,113493.33333333333,432163.02075229294,117351.11111111111,525061.4947921417,0.0,0.0,0.0,0.0,0.0,3404800.0,3404800.0
2020-07-14,0.0,0.0,0.0,0.0,0.0,2020,7,14,1,3,29,0,0,0,0.0,0.0,0.0,0.0,486400.0,831315.1027137666,113493.33333333333,432163.02075229294,117351.11111111111,525061.4947921417,0.0,0.0,0.0,0.0,0.0,3404800.0,3404800.0
2020-07-15,0.0,0.0,0.0,0.0,0.0,2020,7,15,2,3,29,0,0,0,0.0,0.0,0.0,0.0,486400.0,831315.1027137666,113493.33333333333,432163.02075229294,117351.11111111111,525061.4947921417,0.0,0.0,0.0,0.0,0.0,3404800.0,3404800.0
2020-07-16,0.0,0.0,0.0,0.0,0.0,2020,7,16,3,3,29,0,0,0,0.0,0.0,0.0,0.0,486400.0,831315.1027137666,113493.33333333333,432163.02075229294,117351.11111111111,525061.4947921417,0.0,0.0,0.0,0.0,0.0,3404800.0,3404800.0
2020-07-17,0.0,0.0,0.0,0.0,0.0,2020,7,17,4,3,29,0,0,0,0.0,0.0,0.0,0.0,486400.0,831315.1027137666,113493.33333333333,432163.02075229294,117351.11111111111,525061.4947921417,0.0,0.0,0.0,0.0,0.0,3404800.0,3404800.0
2020-07-18,0.0,0.0,0.0,0.0,0.0,2020,7,18,5,3,29,1,0,0,0.0,1646400.0,0.0,0.0,251200.0,664612.7293394253,113493.33333333333,432163.02075229294,117351.11111111111,525061.4947921417,-99.99993926145575,0.0,0.0,0.0,0.0,3404800.0,3404800.0
2020-07-19,0.0,0.0,0.0,0.0,0.0,2020,7,19,6,3,29,1,0,0,0.0,1758400.0,0.0,0.0,0.0,0.0,113493.33333333333,432163.02075229294,117351.11111111111,525061.4947921417,-99.99994313015063,0.0,0.0,0.0,0.0,3404800.0,3404800.0
2020-07-20,0.0,0.0,0.0,0.0,0.0,2020,7,20,0,3,30,0,0,0,0.0,0.0,0.0,0.0,0.0,0.0,113493.33333333333,432163.02075229294,117351.11111111111,525061.4947921417,0.0,0.0,0.0,0.0,0.0,3404800.0,3404800.0
2020-07-21,0.0,0.0,0.0,0.0,0.0,2020,7,21,1,3,30,0,0,0,0.0,0.0,0.0,0.0,0.0,0.0,113493.33333333333,432163.02075229294,117351.11111111111,525061.4947921417,0.0,0.0,0.0,0.0,0.0,3404800.0,3404800.0
2020-07-22,0.0,0.0,0.0,0.0,0.0,2020,7,22,2,3,30,0,0,0,0.0,0.0,0.0,0.0,0.0,0.0,113493.33333333333,432163.02075229294,117351.11111111111,525061.4947921417,0.0,0.0,0.0,0.0,0.0,3404800.0,3404800.0
2020-07-23,0.0,0.0,0.0,0.0,0.0,2020,7,23,3,3,30,0,0,0,0.0,0.0,0.0,0.0,0.0,0.0,113493.33333333333,432163.02075229294,117351.11111111111,525061.4947921417,0.0,0.0,0.0,0.0,0.0,3404800.0,3404800.0
2020-07-24,0.0,0.0,0.0,0.0,0.0,2020,7,24,4,3,30,0,0,0,0.0,0.0,0.0,0.0,0.0,0.0,113493.33333333333,432163.02075229294,117351.11111111111,525061.4947921417,0.0,0.0,0.0,0.0,0.0,3404800.0,3404800.0
2020-07-25,0.0,0.0,0.0,0.0,0.0,2020,7,25,5,3,30,1,0,1,0.0,0.0,0.0,0.0,0.0,0.0,113493.33333333333,432163.02075229294,117351.11111111111,525061.4947921417,0.0,0.0,0.0,0.0,0.0,3404800.0,3404800.0
2020-07-26,0.0,0.0,0.0,0.0,0.0,2020,7,26,6,3,30,1,0,1,0.0,0.0,0.0,0.0,0.0,0.0,113493.33333333333,432163.02075229294,117351.11111111111,525061.4947921417,0.0,0.0,0.0,0.0,0.0,3404800.0,3404800.0
2020-07-27,0.0,0.0,0.0,0.0,0.0,2020,7,27,0,3,31,0,0,1,0.0,0.0,0.0,0.0,0.0,0.0,113493.33333333333,432163.02075229294,117351.11111111111,525061.4947921417,0.0,0.0,0.0,0.0,0.0,3404800.0,3404800.0
2020-07-28,0.0,0.0,0.0,0.0,0.0,2020,7,28,1,3,31,0,0,1,0.0,0.0,0.0,0.0,0.0,0.0,113493.33333333333,432163.02075229294,117351.11111111111,525061.4947921417,0.0,0.0,0.0,0.0,0.0,3404800.0,3404800.0
2020-07-29,0.0,0.0,0.0,0.0,0.0,2020,7,29,2,3,31,0,0,1,0.0,0.0,0.0,0.0,0.0,0.0,113493.33333333333,432163.02075229294,117351.11111111111,525061.4947921417,0.0,0.0,0.0,0.0,0.0,3404800.0,3404800.0
2020-07-30,0.0,0.0,0.0,0.0,0.0,2020,7,30,3,3,31,0,0,1,0.0,0.0,0.0,0.0,0.0,0.0,113493.33333333333,432163.02075229294,117351.11111111111,525061.4947921417,0.0,0.0,0.0,0.0,0.0,3404800.0,3404800.0
2020-07-31,0.0,0.0,0.0,0.0,0.0,2020,7,31,4,3,31,0,0,1,0.0,0.0,0.0,0.0,0.0,0.0,113493.33333333333,432163.02075229294,117351.11111111111,525061.4947921417,0.0,0.0,0.0,0.0,0.0,3404800.0,3404800.0
2020-08-01,0.0,0.0,0.0,0.0,0.0,2020,8,1,5,3,31,1,1,0,0.0,0.0,0.0,0.0,0.0,0.0,113493.33333333333,432163.02075229294,117351.11111111111,525061.4947921417,0.0,0.0,0.0,0.0,0.0,0.0,3404800.0
2020-08-02,0.0,0.0,0.0,0.0,0.0,2020,8,2,6,3,31,1,1,0,0.0,0.0,0.0,0.0,0.0,0.0,113493.33333333333,432163.02075229294,117351.11111111111,525061.4947921417,0.0,0.0,0.0,0.0,0.0,0.0,3404800.0
2020-08-03,0.0,0.0,0.0,0.0,0.0,2020,8,3,0,3,32,0,1,0,0.0,0.0,0.0,0.0,0.0,0.0,113493.33333333333,432163.02075229294,117351.11111111111,525061.4947921417,0.0,0.0,0.0,0.0,0.0,0.0,3404800.0
2020-08-04,0.0,0.0,0.0,0.0,0.0,2020,8,4,1,3,32,0,1,0,0.0,0.0,0.0,0.0,0.0,0.0,113493.33333333333,432163.02075229294,117351.11111111111,525061.4947921417,0.0,0.0,0.0,0.0,0.0,0.0,3404800.0
2020-08-05,0.0,0.0,0.0,0.0,0.0,2020,8,5,2,3,32,0,1,0,0.0,0.0,0.0,0.0,0.0,0.0,113493.33333333333,432163.02075229294,117351.11111111111,525061.4947921417,0.0,0.0,0.0,0.0,0.0,0.0,3404800.0
2020-08-06,0.0,0.0,0.0,0.0,0.0,2020,8,6,3,3,32,0,0,0,0.0,0.0,0.0,0.0,0.0,0.0,113493.33333333333,432163.02075229294,117351.11111111111,525061.4947921417,0.0,0.0,0.0,0.0,0.0,0.0,3404800.0
2020-08-07,0.0,0.0,0.0,0.0,0.0,2020,8,7,4,3,32,0,0,0,0.0,0.0,0.0,0.0,0.0,0.0,113493.33333333333,432163.02075229294,117351.11111111111,525061.4947921417,0.0,0.0,0.0,0.0,0.0,0.0,3404800.0
2020-08-08,0.0,0.0,0.0,0.0,0.0,2020,8,8,5,3,32,1,0,0,0.0,0.0,0.0,0.0,0.0,0.0,113493.33333333333,432163.02075229294,117351.11111111111,525061.4947921417,0.0,0.0,0.0,0.0,0.0,0.0,3404800.0
2020-08-09,0.0,0.0,0.0,0.0,0.0,2020,8,9,6,3,32,1,0,0,0.0,0.0,0.0,1288000.0,0.0,0.0,113493.33333333333,432163.02075229294,103040.0,510136.4851078603,0.0,0.0,0.0,0.0,0.0,0.0,3404800.0
2020-08-10,0.0,0.0,0.0,0.0,0.0,2020,8,10,0,3,33,0,0,0,0.0,0.0,1646400.0,2195200.0,0.0,0.0,58613.333333333336,321038.4483723609,78648.88888888889,458885.21715875895,0.0,-99.99993926145575,0.0,0.0,0.0,0.0,3404800.0
2020-08-11,0.0,0.0,0.0,0.0,0.0,2020,8,11,1,3,33,0,0,0,0.0,0.0,1758400.0,0.0,0.0,0.0,0.0,0.0,78648.88888888889,458885.21715875895,0.0,-99.99994313015063,0.0,0.0,0.0,0.0,3404800.0
2020-08-12,1965600.0,1.0,1.0,1.0,12.0,2020,8,12,2,3,33,0,0,0,0.0,0.0,0.0,0.0,280800.0,742926.9681469372,65520.0,358867.8196773844,100488.88888888889,500030.36232407176,196560000.0,196560000.0,982800.0,0.0,0.0,1965600.0,5370400.0
2020-08-13,0.0,0.0,0.0,0.0,0.0,2020,8,13,3,3,33,0,0,0,1965600.0,0.0,0.0,0.0,280800.0,742926.9681469372,65520.0,358867.8196773844,100488.88888888889,500030.36232407176,0.0,0.0,0.0,0.0,0.0,1965600.0,5370400.0
2020-08-14,0.0,0.0,0.0,0.0,0.0,2020,8,14,4,3,33,0,0,0,0.0,0.0,0.0,0.0,280800.0,742926.9681469372,65520.0,358867.8196773844,100488.88888888889,500030.36232407176,0.0,0.0,0.0,0.0,0.0,1965600.0,5370400.0
2020-08-15,0.0,0.0,0.0,0.0,0.0,2020,8,15,5,3,33,1,0,0,0.0,0.0,0.0,0.0,280800.0,742926.9681469372,65520.0,358867.8196773844,100488.88888888889,500030.36232407176,0.0,0.0,0.0,0.0,0.0,1965600.0,5370400.0
2020-08-16,0.0,0.0,0.0,0.0,0.0,2020,8,16,6,3,33,1,0,0,0.0,0.0,0.0,0.0,280800.0,742926.9681469372,65520.0,358867.8196773844,100488.88888888889,500030.36232407176,0.0,0.0,0.0,0.0,0.0,1965600.0,5370400.0
2020-08-17,0.0,0.0,0.0,0.0,0.0,2020,8,17,0,3,34,0,0,0,0.0,0.0,0.0,0.0,280800.0,742926.9681469372,65520.0,358867.8196773844,100488.88888888889,500030.36232407176,0.0,0.0,0.0,0.0,0.0,1965600.0,5370400.0
2020-08-18,0.0,0.0,0.0,0.0,0.0,2020,8,18,1,3,34,0,0,0,0.0,0.0,0.0,0.0,280800.0,742926.9681469372,65520.0,358867.8196773844,100488.88888888889,500030.36232407176,0.0,0.0,0.0,0.0,0.0,1965600.0,5370400.0
2020-08-19,0.0,0.0,0.0,0.0,0.0,2020,8,19,2,3,34,0,0,0,0.0,1965600.0,0.0,0.0,0.0,0.0,65520.0,358867.8196773844,100488.88888888889,500030.36232407176,-99.999949124975,0.0,0.0,0.0,0.0,1965600.0,5370400.0
2020-08-20,0.0,0.0,0.0,0.0,0.0,2020,8,20,3,3,34,0,0,0,0.0,0.0,0.0,0.0,0.0,0.0,65520.0,358867.8196773844,100488.88888888889,500030.36232407176,0.0,0.0,0.0,0.0,0.0,1965600.0,5370400.0
2020-08-21,0.0,0.0,0.0,0.0,0.0,2020,8,21,4,3,34,0,0,0,0.0,0.0,0.0,0.0,0.0,0.0,65520.0,358867.8196773844,100488.88888888889,500030.36232407176,0.0,0.0,0.0,0.0,0.0,1965600.0,5370400.0
2020-08-22,0.0,0.0,0.0,0.0,0.0,2020,8,22,5,3,34,1,0,0,0.0,0.0,0.0,0.0,0.0,0.0,65520.0,358867.8196773844,100488.88888888889,500030.36232407176,0.0,0.0,0.0,0.0,0.0,1965600.0,5370400.0
2020-08-23,0.0,0.0,0.0,0.0,0.0,2020,8,23,6,3,34,1,0,0,0.0,0.0,0.0,0.0,0.0,0.0,65520.0,358867.8196773844,100488.88888888889,500030.36232407176,0.0,0.0,0.0,0.0,0.0,1965600.0,5370400.0
2020-08-24,0.0,0.0,0.0,0.0,0.0,2020,8,24,0,3,35,0,0,0,0.0,0.0,0.0,0.0,0.0,0.0,65520.0,358867.8196773844,100488.88888888889,500030.36232407176,0.0,0.0,0.0,0.0,0.0,1965600.0,5370400.0
2020-08-25,0.0,0.0,0.0,0.0,0.0,2020,8,25,1,3,35,0,0,1,0.0,0.0,0.0,0.0,0.0,0.0,65520.0,358867.8196773844,100488.88888888889,500030.36232407176,0.0,0.0,0.0,0.0,0.0,1965600.0,5370400.0
2020-08-26,0.0,0.0,0.0,0.0,0.0,2020,8,26,2,3,35,0,0,1,0.0,0.0,0.0,0.0,0.0,0.0,65520.0,358867.8196773844,100488.88888888889,500030.36232407176,0.0,0.0,0.0,0.0,0.0,1965600.0,5370400.0
2020-08-27,0.0,0.0,0.0,0.0,0.0,2020,8,27,3,3,35,0,0,1,0.0,0.0,0.0,0.0,0.0,0.0,65520.0,358867.8196773844,100488.88888888889,500030.36232407176,0.0,0.0,0.0,0.0,0.0,1965600.0,5370400.0
2020-08-28,0.0,0.0,0.0,0.0,0.0,2020,8,28,4,3,35,0,0,1,0.0,0.0,0.0,0.0,0.0,0.0,65520.0,358867.8196773844,100488.88888888889,500030.36232407176,0.0,0.0,0.0,0.0,0.0,1965600.0,5370400.0
2020-08-29,0.0,0.0,0.0,0.0,0.0,2020,8,29,5,3,35,1,0,1,0.0,0.0,0.0,0.0,0.0,0.0,65520.0,358867.8196773844,100488.88888888889,500030.36232407176,0.0,0.0,0.0,0.0,0.0,1965600.0,5370400.0
2020-08-30,0.0,0.0,0.0,0.0,0.0,2020,8,30,6,3,35,1,0,1,0.0,0.0,0.0,0.0,0.0,0.0,65520.0,358867.8196773844,100488.88888888889,500030.36232407176,0.0,0.0,0.0,0.0,0.0,1965600.0,5370400.0
2020-08-31,0.0,0.0,0.0,0.0,0.0,2020,8,31,0,3,36,0,0,1,0.0,0.0,0.0,0.0,0.0,0.0,65520.0,358867.8196773844,100488.88888888889,500030.36232407176,0.0,0.0,0.0,0.0,0.0,1965600.0,5370400.0
2020-09-01,0.0,0.0,0.0,0.0,0.0,2020,9,1,1,3,36,0,1,0,0.0,0.0,0.0,0.0,0.0,0.0,65520.0,358867.8196773844,100488.88888888889,500030.36232407176,0.0,0.0,0.0,0.0,0.0,0.0,5370400.0
2020-09-02,0.0,0.0,0.0,0.0,0.0,2020,9,2,2,3,36,0,1,0,0.0,0.0,0.0,0.0,0.0,0.0,65520.0,358867.8196773844,100488.88888888889,500030.36232407176,0.0,0.0,0.0,0.0,0.0,0.0,5370400.0
2020-09-03,0.0,0.0,0.0,0.0,0.0,2020,9,3,3,3,36,0,1,0,0.0,0.0,0.0,0.0,0.0,0.0,65520.0,358867.8196773844,100488.88888888889,500030.36232407176,0.0,0.0,0.0,0.0,0.0,0.0,5370400.0
2020-09-04,0.0,0.0,0.0,0.0,0.0,2020,9,4,4,3,36,0,1,0,0.0,0.0,0.0,0.0,0.0,0.0,65520.0,358867.8196773844,100488.88888888889,500030.36232407176,0.0,0.0,0.0,0.0,0.0,0.0,5370400.0
2020-09-05,0.0,0.0,0.0,0.0,0.0,2020,9,5,5,3,36,1,1,0,0.0,0.0,0.0,0.0,0.0,0.0,65520.0,358867.8196773844,100488.88888888889,500030.36232407176,0.0,0.0,0.0,0.0,0.0,0.0,5370400.0
2020-09-06,0.0,0.0,0.0,0.0,0.0,2020,9,6,6,3,36,1,0,0,0.0,0.0,0.0,0.0,0.0,0.0,65520.0,358867.8196773844,100488.88888888889,500030.36232407176,0.0,0.0,0.0,0.0,0.0,0.0,5370400.0
2020-09-07,0.0,0.0,0.0,0.0,0.0,2020,9,7,0,3,37,0,0,0,0.0,0.0,0.0,0.0,0.0,0.0,65520.0,358867.8196773844,100488.88888888889,500030.36232407176,0.0,0.0,0.0,0.0,0.0,0.0,5370400.0
2020-09-08,0.0,0.0,0.0,0.0,0.0,2020,9,8,1,3,37,0,0,0,0.0,0.0,0.0,0.0,0.0,0.0,65520.0,358867.8196773844,100488.88888888889,500030.36232407176,0.0,0.0,0.0,0.0,0.0,0.0,5370400.0
2020-09-09,0.0,0.0,0.0,0.0,0.0,2020,9,9,2,3,37,0,0,0,0.0,0.0,0.0,0.0,0.0,0.0,65520.0,358867.8196773844,100488.88888888889,500030.36232407176,0.0,0.0,0.0,0.0,0.0,0.0,5370400.0
2020-09-10,0.0,0.0,0.0,0.0,0.0,2020,9,10,3,3,37,0,0,0,0.0,0.0,0.0,3673600.0,0.0,0.0,65520.0,358867.8196773844,59671.11111111111,324049.6761905509,0.0,0.0,0.0,0.0,0.0,0.0,5370400.0
2020-09-11,0.0,0.0,0.0,0.0,0.0,2020,9,11,4,3,37,0,0,0,0.0,0.0,1965600.0,0.0,0.0,0.0,0.0,0.0,59671.11111111111,324049.6761905509,0.0,-99.999949124975,0.0,0.0,0.0,0.0,5370400.0
2020-09-12,985600.0,1.0,1.0,1.0,8.0,2020,9,12,5,3,37,1,0,0,0.0,0.0,0.0,0.0,140800.0,372521.7845978947,32853.333333333336,179945.11755902972,70622.22222222222,338348.92228066764,98560000.0,98560000.0,492800.0,0.0,0.0,985600.0,6356000.0
2020-09-13,0.0,0.0,0.0,0.0,0.0,2020,9,13,6,3,37,1,0,0,985600.0,0.0,0.0,0.0,140800.0,372521.7845978947,32853.333333333336,179945.11755902972,70622.22222222222,338348.92228066764,0.0,0.0,0.0,0.0,0.0,985600.0,6356000.0
2020-09-14,0.0,0.0,0.0,0.0,0.0,2020,9,14,0,3,38,0,0,0,0.0,0.0,0.0,0.0,140800.0,372521.7845978947,32853.333333333336,179945.11755902972,70622.22222222222,338348.92228066764,0.0,0.0,0.0,0.0,0.0,985600.0,6356000.0
2020-09-15,0.0,0.0,0.0,0.0,0.0,2020,9,15,1,3,38,0,0,0,0.0,0.0,0.0,0.0,140800.0,372521.7845978947,32853.333333333336,179945.11755902972,70622.22222222222,338348.92228066764,0.0,0.0,0.0,0.0,0.0,985600.0,6356000.0
2020-09-16,0.0,0.0,0.0,0.0,0.0,2020,9,16,2,3,38,0,0,0,0.0,0.0,0.0,0.0,140800.0,372521.7845978947,32853.333333333336,179945.11755902972,70622.22222222222,338348.92228066764,0.0,0.0,0.0,0.0,0.0,985600.0,6356000.0
2020-09-17,0.0,0.0,0.0,0.0,0.0,2020,9,17,3,3,38,0,0,0,0.0,0.0,0.0,0.0,140800.0,372521.7845978947,32853.333333333336,179945.11755902972,70622.22222222222,338348.92228066764,0.0,0.0,0.0,0.0,0.0,985600.0,6356000.0
2020-09-18,0.0,0.0,0.0,0.0,0.0,2020,9,18,4,3,38,0,0,0,0.0,0.0,0.0,0.0,140800.0,372521.7845978947,32853.333333333336,179945.11755902972,70622.22222222222,338348.92228066764,0.0,0.0,0.0,0.0,0.0,985600.0,6356000.0
2020-09-19,0.0,0.0,0.0,0.0,0.0,2020,9,19,5,3,38,1,0,0,0.0,985600.0,0.0,0.0,0.0,0.0,32853.333333333336,179945.11755902972,70622.22222222222,338348.92228066764,-99.99989853906398,0.0,0.0,0.0,0.0,985600.0,6356000.0
2020-09-20,0.0,0.0,0.0,0.0,0.0,2020,9,20,6,3,38,1,0,0,0.0,0.0,0.0,0.0,0.0,0.0,32853.333333333336,179945.11755902972,70622.22222222222,338348.92228066764,0.0,0.0,0.0,0.0,0.0,985600.0,6356000.0
2020-09-21,0.0,0.0,0.0,0.0,0.0,2020,9,21,0,3,39,0,0,0,0.0,0.0,0.0,0.0,0.0,0.0,32853.333333333336,179945.11755902972,70622.22222222222,338348.92228066764,0.0,0.0,0.0,0.0,0.0,985600.0,6356000.0
2020-09-22,0.0,0.0,0.0,0.0,0.0,2020,9,22,1,3,39,0,0,0,0.0,0.0,0.0,0.0,0.0,0.0,32853.333333333336,179945.11755902972,70622.22222222222,338348.92228066764,0.0,0.0,0.0,0.0,0.0,985600.0,6356000.0
2020-09-23,0.0,0.0,0.0,0.0,0.0,2020,9,23,2,3,39,0,0,0,0.0,0.0,0.0,0.0,0.0,0.0,32853.333333333336,179945.11755902972,70622.22222222222,338348.92228066764,0.0,0.0,0.0,0.0,0.0,985600.0,6356000.0
2020-09-24,0.0,0.0,0.0,0.0,0.0,2020,9,24,3,3,39,0,0,0,0.0,0.0,0.0,0.0,0.0,0.0,32853.333333333336,179945.11755902972,70622.22222222222,338348.92228066764,0.0,0.0,0.0,0.0,0.0,985600.0,6356000.0
2020-09-25,0.0,0.0,0.0,0.0,0.0,2020,9,25,4,3,39,0,0,1,0.0,0.0,0.0,0.0,0.0,0.0,32853.333333333336,179945.11755902972,70622.22222222222,338348.92228066764,0.0,0.0,0.0,0.0,0.0,985600.0,6356000.0
2020-09-26,0.0,0.0,0.0,0.0,0.0,2020,9,26,5,3,39,1,0,1,0.0,0.0,0.0,0.0,0.0,0.0,32853.333333333336,179945.11755902972,70622.22222222222,338348.92228066764,0.0,0.0,0.0,0.0,0.0,985600.0,6356000.0
2020-09-27,0.0,0.0,0.0,0.0,0.0,2020,9,27,6,3,39,1,0,1,0.0,0.0,0.0,0.0,0.0,0.0,32853.333333333336,179945.11755902972,70622.22222222222,338348.92228066764,0.0,0.0,0.0,0.0,0.0,985600.0,6356000.0
2020-09-28,0.0,0.0,0.0,0.0,0.0,2020,9,28,0,3,40,0,0,1,0.0,0.0,0.0,0.0,0.0,0.0,32853.333333333336,179945.11755902972,70622.22222222222,338348.92228066764,0.0,0.0,0.0,0.0,0.0,985600.0,6356000.0
2020-09-29,0.0,0.0,0.0,0.0,0.0,2020,9,29,1,3,40,0,0,1,0.0,0.0,0.0,0.0,0.0,0.0,32853.333333333336,179945.11755902972,70622.22222222222,338348.92228066764,0.0,0.0,0.0,0.0,0.0,985600.0,6356000.0
2020-09-30,0.0,0.0,0.0,0.0,0.0,2020,9,30,2,3,40,0,0,1,0.0,0.0,0.0,0.0,0.0,0.0,32853.333333333336,179945.11755902972,70622.22222222222,338348.92228066764,0.0,0.0,0.0,0.0,0.0,985600.0,6356000.0
2020-10-01,0.0,0.0,0.0,0.0,0.0,2020,10,1,3,4,40,0,1,0,0.0,0.0,0.0,0.0,0.0,0.0,32853.333333333336,179945.11755902972,70622.22222222222,338348.92228066764,0.0,0.0,0.0,0.0,0.0,0.0,0.0
2020-10-02,0.0,0.0,0.0,0.0,0.0,2020,10,2,4,4,40,0,1,0,0.0,0.0,0.0,0.0,0.0,0.0,32853.333333333336,179945.11755902972,70622.22222222222,338348.92228066764,0.0,0.0,0.0,0.0,0.0,0.0,0.0
2020-10-03,0.0,0.0,0.0,0.0,0.0,2020,10,3,5,4,40,1,1,0,0.0,0.0,0.0,0.0,0.0,0.0,32853.333333333336,179945.11755902972,70622.22222222222,338348.92228066764,0.0,0.0,0.0,0.0,0.0,0.0,0.0
2020-10-04,0.0,0.0,0.0,0.0,0.0,2020,10,4,6,4,40,1,1,0,0.0,0.0,0.0,0.0,0.0,0.0,32853.333333333336,179945.11755902972,70622.22222222222,338348.92228066764,0.0,0.0,0.0,0.0,0.0,0.0,0.0
2020-10-05,0.0,0.0,0.0,0.0,0.0,2020,10,5,0,4,41,0,1,0,0.0,0.0,0.0,0.0,0.0,0.0,32853.333333333336,179945.11755902972,70622.22222222222,338348.92228066764,0.0,0.0,0.0,0.0,0.0,0.0,0.0
2020-10-06,0.0,0.0,0.0,0.0,0.0,2020,10,6,1,4,41,0,0,0,0.0,0.0,0.0,0.0,0.0,0.0,32853.333333333336,179945.11755902972,70622.22222222222,338348.92228066764,0.0,0.0,0.0,0.0,0.0,0.0,0.0
2020-10-07,0.0,0.0,0.0,0.0,0.0,2020,10,7,2,4,41,0,0,0,0.0,0.0,0.0,0.0,0.0,0.0,32853.333333333336,179945.11755902972,70622.22222222222,338348.92228066764,0.0,0.0,0.0,0.0,0.0,0.0,0.0
2020-10-08,0.0,0.0,0.0,0.0,0.0,2020,10,8,3,4,41,0,0,0,0.0,0.0,0.0,0.0,0.0,0.0,32853.333333333336,179945.11755902972,70622.22222222222,338348.92228066764,0.0,0.0,0.0,0.0,0.0,0.0,0.0
2020-10-09,0.0,0.0,0.0,0.0,0.0,2020,10,9,4,4,41,0,0,0,0.0,0.0,0.0,1646400.0,0.0,0.0,32853.333333333336,179945.11755902972,52328.88888888889,293765.04302651365,0.0,0.0,0.0,0.0,0.0,0.0,0.0
2020-10-10,0.0,0.0,0.0,0.0,0.0,2020,10,10,5,4,41,1,0,0,0.0,0.0,0.0,1758400.0,0.0,0.0,32853.333333333336,179945.11755902972,32791.11111111111,230734.47926155242,0.0,0.0,0.0,0.0,0.0,0.0,0.0
2020-10-11,4463200.0,4.0,4.0,4.0,44.0,2020,10,11,6,4,41,1,0,0,0.0,0.0,0.0,0.0,637600.0,1686931.035934783,181626.66666666666,828415.9004340474,82382.22222222222,520849.8911573292,446320000.0,446320000.0,892640.0,0.0,0.0,4463200.0,4463200.0
2020-10-12,3886400.0,3.0,3.0,3.0,30.0,2020,10,12,0,4,42,0,0,0,4463200.0,0.0,985600.0,0.0,1192800.0,2043887.4854877247,278320.0,1061885.0922964213,125564.44444444444,657201.0043129214,388640000.0,294.3178832001997,971600.0,2184000.0,56.19595095822587,8349600.0,8349600.0
2020-10-13,0.0,0.0,0.0,0.0,0.0,2020,10,13,1,4,42,0,0,0,3886400.0,0.0,0.0,0.0,1192800.0,2043887.4854877247,278320.0,1061885.0922964213,125564.44444444444,657201.0043129214,0.0,0.0,0.0,0.0,0.0,8349600.0,8349600.0
2020-10-14,0.0,0.0,0.0,0.0,0.0,2020,10,14,2,4,42,0,0,0,0.0,0.0,0.0,0.0,1192800.0,2043887.4854877247,278320.0,1061885.0922964213,125564.44444444444,657201.0043129214,0.0,0.0,0.0,0.0,0.0,8349600.0,8349600.0
2020-10-15,0.0,0.0,0.0,0.0,0.0,2020,10,15,3,4,42,0,0,0,0.0,0.0,0.0,0.0,1192800.0,2043887.4854877247,278320.0,1061885.0922964213,125564.44444444444,657201.0043129214,0.0,0.0,0.0,0.0,0.0,8349600.0,8349600.0
2020-10-16,0.0,0.0,0.0,0.0,0.0,2020,10,16,4,4,42,0,0,0,0.0,0.0,0.0,0.0,1192800.0,2043887.4854877247,278320.0,1061885.0922964213,125564.44444444444,657201.0043129214,0.0,0.0,0.0,0.0,0.0,8349600.0,8349600.0
2020-10-17,0.0,0.0,0.0,0.0,0.0,2020,10,17,5,4,42,1,0,0,0.0,0.0,0.0,0.0,1192800.0,2043887.4854877247,278320.0,1061885.0922964213,125564.44444444444,657201.0043129214,0.0,0.0,0.0,0.0,0.0,8349600.0,8349600.0
2020-10-18,0.0,0.0,0.0,0.0,0.0,2020,10,18,6,4,42,1,0,0,0.0,4463200.0,0.0,0.0,555200.0,1468921.127903061,278320.0,1061885.0922964213,125564.44444444444,657201.0043129214,-99.99997759455601,0.0,0.0,0.0,0.0,8349600.0,8349600.0
2020-10-19,0.0,0.0,0.0,0.0,0.0,2020,10,19,0,4,43,0,0,0,0.0,3886400.0,0.0,0.0,0.0,0.0,278320.0,1061885.0922964213,125564.44444444444,657201.0043129214,-99.99997426925322,0.0,0.0,0.0,0.0,8349600.0,8349600.0
2020-10-20,0.0,0.0,0.0,0.0,0.0,2020,10,20,1,4,43,0,0,0,0.0,0.0,0.0,0.0,0.0,0.0,278320.0,1061885.0922964213,125564.44444444444,657201.0043129214,0.0,0.0,0.0,0.0,0.0,8349600.0,8349600.0
2020-10-21,0.0,0.0,0.0,0.0,0.0,2020,10,21,2,4,43,0,0,0,0.0,0.0,0.0,0.0,0.0,0.0,278320.0,1061885.0922964213,125564.44444444444,657201.0043129214,0.0,0.0,0.0,0.0,0.0,8349600.0,8349600.0
2020-10-22,0.0,0.0,0.0,0.0,0.0,2020,10,22,3,4,43,0,0,0,0.0,0.0,0.0,0.0,0.0,0.0,278320.0,1061885.0922964213,125564.44444444444,657201.0043129214,0.0,0.0,0.0,0.0,0.0,8349600.0,8349600.0
2020-10-23,0.0,0.0,0.0,0.0,0.0,2020,10,23,4,4,43,0,0,0,0.0,0.0,0.0,0.0,0.0,0.0,278320.0,1061885.0922964213,125564.44444444444,657201.0043129214,0.0,0.0,0.0,0.0,0.0,8349600.0,8349600.0
2020-10-24,0.0,0.0,0.0,0.0,0.0,2020,10,24,5,4,43,1,0,0,0.0,0.0,0.0,0.0,0.0,0.0,278320.0,1061885.0922964213,125564.44444444444,657201.0043129214,0.0,0.0,0.0,0.0,0.0,8349600.0,8349600.0
2020-10-25,0.0,0.0,0.0,0.0,0.0,2020,10,25,6,4,43,1,0,1,0.0,0.0,0.0,0.0,0.0,0.0,278320.0,1061885.0922964213,125564.44444444444,657201.0043129214,0.0,0.0,0.0,0.0,0.0,8349600.0,8349600.0
2020-10-26,0.0,0.0,0.0,0.0,0.0,2020,10,26,0,4,44,0,0,1,0.0,0.0,0.0,0.0,0.0,0.0,278320.0,1061885.0922964213,125564.44444444444,657201.0043129214,0.0,0.0,0.0,0.0,0.0,8349600.0,8349600.0
2020-10-27,0.0,0.0,0.0,0.0,0.0,2020,10,27,1,4,44,0,0,1,0.0,0.0,0.0,0.0,0.0,0.0,278320.0,1061885.0922964213,125564.44444444444,657201.0043129214,0.0,0.0,0.0,0.0,0.0,8349600.0,8349600.0
2020-10-28,0.0,0.0,0.0,0.0,0.0,2020,10,28,2,4,44,0,0,1,0.0,0.0,0.0,0.0,0.0,0.0,278320.0,1061885.0922964213,125564.44444444444,657201.0043129214,0.0,0.0,0.0,0.0,0.0,8349600.0,8349600.0
2020-10-29,5068000.0,3.0,3.0,3.0,37.0,2020,10,29,3,4,44,0,0,1,0.0,0.0,0.0,0.0,724000.0,1915523.9492107637,447253.3333333333,1373490.605702865,181875.55555555556,838449.5410451969,506800000.0,506800000.0,1267000.0,1344000.0,26.519331783872968,13417600.0,13417600.0
2020-10-30,9576000.0,6.0,6.0,6.0,65.0,2020,10,30,4,4,44,0,0,1,5068000.0,0.0,0.0,0.0,2092000.0,3802392.9307739884,766453.3333333334,2155867.197581798,288275.55555555556,1297207.0182356401,957600000.0,957600000.0,1368000.0,2867200.0,29.94151734111139,22993600.0,22993600.0
2020-10-31,2548000.0,3.0,3.0,3.0,28.0,2020,10,31,5,4,44,1,0,1,9576000.0,0.0,0.0,0.0,2456000.0,3689018.659029345,851386.6666666666,2174738.8706872743,316586.6666666667,1318475.0867676514,254800000.0,254800000.0,637000.0,537600.0,21.09889281833092,25541600.0,25541600.0
2020-11-01,6944000.0,4.0,4.0,4.0,48.0,2020,11,1,6,4,44,1,1,0,2548000.0,0.0,0.0,0.0,3448000.0,3848699.1741799377,1082853.3333333333,2434967.669222924,393742.22222222225,1491557.2344333662,694400000.0,694400000.0,1388800.0,1848000.0,26.612899393303657,6944000.0,32485600.0
2020-11-02,4838400.0,2.0,2.0,2.0,25.0,2020,11,2,0,4,45,0,1,0,6944000.0,0.0,0.0,0.0,4139200.0,3549063.6812169678,1244133.3333333333,2519538.6908544675,447502.22222222225,1562704.2355673623,483840000.0,483840000.0,1612800.0,3584000.0,74.07405876445546,11782400.0,37324000.0
2020-11-03,8332800.0,5.0,5.0,5.0,62.0,2020,11,3,1,4,45,0,1,0,4838400.0,0.0,0.0,0.0,5329600.0,3319363.8265989064,1521893.3333333333,2819152.416392305,540088.8888888889,1769111.1194350861,833280000.0,833280000.0,1388800.0,504000.0,6.048386370921374,20115200.0,45656800.0
2020-11-04,12107200.0,7.0,7.0,7.0,84.0,2020,11,4,2,4,45,0,1,0,8332800.0,0.0,0.0,0.0,7059200.0,3232637.4618877387,1925466.6666666667,3400443.2008635066,674613.3333333334,2147446.2719835807,1210720000.0,1210720000.0,1513400.0,6020000.0,49.72247507908723,32222400.0,57764000.0
2020-11-05,10561600.0,7.0,7.0,6.0,65.0,2020,11,5,3,4,45,0,1,0,12107200.0,5068000.0,0.0,0.0,7844000.0,3333922.134663616,2277520.0,3725423.0747383717,791964.4444444445,2385545.7892124946,108.39776866658077,1056160000.0,1320200.0,5958400.0,56.41568925014304,42784000.0,68325600.0
2020-11-06,0.0,0.0,0.0,0.0,0.0,2020,11,6,4,4,45,0,0,0,10561600.0,9576000.0,0.0,0.0,6476000.0,4322783.91780112,2277520.0,3725423.0747383717,791964.4444444445,2385545.7892124946,-99.99998955722748,0.0,0.0,0.0,0.0,42784000.0,68325600.0
2020-11-07,2604000.0,2.0,2.0,2.0,14.0,2020,11,7,5,4,45,1,0,0,0.0,2548000.0,0.0,0.0,6484000.0,4314346.547663195,2364320.0,3700782.7696126755,820897.7777777778,2391616.1574788936,2.197801335242804,260400000.0,868000.0,1848000.0,70.96771468213721,45388000.0,70929600.0
2020-11-08,4648000.0,3.0,3.0,3.0,39.0,2020,11,8,6,4,45,1,0,0,2604000.0,6944000.0,0.0,0.0,6156000.0,4360575.74180291,2519253.3333333335,3695678.0688774297,872542.2222222222,2423660.2300614505,-33.06451136743787,464800000.0,1162000.0,1848000.0,39.75902759057065,50036000.0,75577600.0
2020-11-09,106400.0,1.0,1.0,1.0,2.0,2020,11,9,0,4,46,0,0,0,4648000.0,4838400.0,0.0,0.0,5480000.0,4928665.86410562,2522800.0,3693227.267160329,873724.4444444445,2423255.7522822036,-97.80090571244509,10640000.0,53200.0,0.0,0.0,50142400.0,75684000.0
2020-11-10,2128000.0,2.0,2.0,2.0,18.0,2020,11,10,1,4,46,0,0,0,106400.0,8332800.0,4463200.0,1965600.0,4593600.0,4887875.895860423,2444960.0,3675486.571926742,875528.8888888889,2424138.241749243,-74.46235665534314,-52.321192794140345,709333.3333333334,336000.0,15.789466264348558,52270400.0,77812000.0
2020-11-11,5812800.0,3.0,3.0,2.0,45.0,2020,11,11,2,4,46,0,0,0,2128000.0,12107200.0,3886400.0,0.0,3694400.0,3713047.352243168,2509173.3333333335,3718118.4576975578,940115.5555555555,2477399.8215740393,-51.98889487338981,49.56771058879411,1453200.0,0.0,0.0,58083200.0,83624800.0
2020-11-12,8243200.0,8.0,8.0,6.0,74.0,2020,11,12,3,4,46,0,0,0,5812800.0,10561600.0,0.0,0.0,3363200.0,3040987.10289932,2783946.6666666665,3829224.467059412,1031706.6666666666,2591981.15251852,-21.95121743379626,824320000.0,915911.1111111111,0.0,0.0,66326400.0,91868000.0
2020-11-13,6092800.0,4.0,4.0,3.0,44.0,2020,11,13,4,4,46,0,0,0,8243200.0,0.0,0.0,0.0,4233600.0,2778550.106320441,2987040.0,3838042.716119588,1099404.4444444445,2643780.869223924,609280000.0,609280000.0,1218560.0,336000.0,5.514704977234609,72419200.0,97960800.0
2020-11-14,11541600.0,8.0,8.0,5.0,90.0,2020,11,14,5,4,46,1,0,0,6092800.0,2604000.0,0.0,0.0,5510400.0,3778487.0058441823,3371760.0,4097957.3941003913,1227644.4444444445,2860861.5057890983,343.22567464451816,1154160000.0,1282400.0,3024000.0,26.200871092320728,83960800.0,109502400.0
2020-11-15,3864000.0,2.0,2.0,2.0,34.0,2020,11,15,6,4,46,1,0,0,11541600.0,4648000.0,0.0,0.0,5398400.0,3819704.951956368,3500560.0,4048755.623355795,1270577.7777777778,2871206.1568278656,-16.867466250545128,386400000.0,1288000.0,0.0,0.0,87824800.0,113366400.0
2020-11-16,12745600.0,7.0,7.0,7.0,85.0,2020,11,16,0,4,47,0,0,0,3864000.0,106400.0,0.0,0.0,7204000.0,3887921.892219544,3925413.3333333335,4327865.104320536,1412195.5555555555,3112059.1295872643,11878.835725228146,1274560000.0,1593200.0,8416800.0,66.03690167297721,100570400.0,126112000.0
2020-11-17,13160000.0,10.0,9.0,10.0,101.0,2020,11,17,1,4,47,0,0,0,12745600.0,2128000.0,0.0,0.0,8780000.0,3719707.6014117026,4364080.0,4576092.076961257,1558417.7777777778,3345380.008732411,518.4208090127777,1316000000.0,1196363.6363636365,5376000.0,40.85106072560329,113730400.0,139272000.0
2020-11-18,6675200.0,6.0,5.0,4.0,64.0,2020,11,18,2,4,47,0,0,0,13160000.0,5812800.0,0.0,0.0,8903200.0,3617941.5731416484,4586586.666666667,4518501.228148733,1632586.6666666667,3384211.8578992756,14.83622095440735,667520000.0,953600.0,504000.0,7.550334439367444,120405600.0,145947200.0
2020-11-19,5112800.0,3.0,3.0,3.0,45.0,2020,11,19,3,4,47,0,0,0,6675200.0,8243200.0,0.0,0.0,8456000.0,3895908.6368479775,4757013.333333333,4435194.327176217,1689395.5555555555,3399377.4944969537,-37.97553887136805,511280000.0,1278200.0,1176000.0,23.001090791525037,125518400.0,151060000.0
2020-11-20,2889600.0,3.0,3.0,3.0,26.0,2020,11,20,4,4,47,0,0,0,5112800.0,6092800.0,0.0,0.0,7998400.0,4378031.04602971,4853333.333333333,4359046.254853696,1721502.2222222222,3396887.1277129557,-52.57352078296993,288960000.0,722400.0,0.0,0.0,128408000.0,153949600.0
2020-11-21,7408800.0,5.0,4.0,4.0,63.0,2020,11,21,5,4,47,1,0,0,2889600.0,11541600.0,0.0,0.0,7408000.0,4089749.2148052305,5100293.333333333,4283823.346669569,1803822.2222222222,3444143.124620609,-35.807857159505,740880000.0,1234800.0,0.0,0.0,135816800.0,161358400.0
2020-11-22,6787200.0,5.0,4.0,5.0,60.0,2020,11,22,6,4,47,1,0,0,7408800.0,3864000.0,0.0,0.0,7825600.0,3807033.406735486,5326533.333333333,4183218.7631332274,1879235.5555555555,3478339.523597176,75.65215433432859,678720000.0,1131200.0,0.0,0.0,142604000.0,168145600.0
2020-11-23,5560800.0,2.0,2.0,2.0,39.0,2020,11,23,0,4,48,0,0,0,6787200.0,12745600.0,0.0,0.0,6799200.0,3175674.744050467,5511893.333333333,4060458.7434845627,1941022.2222222222,3493937.1036117706,-56.37082158777762,556080000.0,1853600.0,0.0,0.0,148164800.0,173706400.0
2020-11-24,8601600.0,7.0,7.0,7.0,70.0,2020,11,24,1,4,48,0,0,0,5560800.0,13160000.0,0.0,0.0,6148000.0,1840738.0548754523,5798613.333333333,3960283.425222487,2036595.5555555555,3557315.1922564693,-34.63829524025112,860160000.0,1075200.0,3388000.0,39.38801625418338,156766400.0,182308000.0
2020-11-25,5560800.0,5.0,5.0,4.0,53.0,2020,11,25,2,4,48,0,0,1,8601600.0,6675200.0,0.0,0.0,5988800.0,1835726.515579049,5983973.333333333,3806679.194198039,2098382.222222222,3569814.8454984436,-16.694628371490236,556080000.0,926800.0,0.0,0.0,162327200.0,187868800.0
2020-11-26,4289600.0,3.0,3.0,3.0,27.0,2020,11,26,3,4,48,0,0,1,5560800.0,5112800.0,0.0,0.0,5871200.0,1925376.4722775638,6126960.0,3651560.8220274136,2146044.4444444445,3570119.7857067254,-16.100763554067527,428960000.0,1072400.0,2800000.0,65.27413621919614,166616800.0,192158400.0
2020-11-27,4720800.0,5.0,5.0,5.0,45.0,2020,11,27,4,4,48,0,0,1,4289600.0,2889600.0,0.0,0.0,6132800.0,1538228.7996263744,6284320.0,3475916.047396963,2198497.777777778,3572913.798492161,63.37207109216809,472080000.0,786800.0,0.0,0.0,171337600.0,196879200.0
2020-11-28,5174400.0,4.0,4.0,2.0,38.0,2020,11,28,5,4,48,1,0,1,4720800.0,7408800.0,5068000.0,0.0,5813600.0,1459110.5235724936,6287866.666666667,3474686.23930409,2255991.111111111,3578766.2899555694,-30.15872608806742,2.09944709955661,1034880.0,0.0,0.0,176512000.0,202053600.0
2020-11-29,2318400.0,1.0,1.0,1.0,17.0,2020,11,29,6,4,48,1,0,1,5174400.0,6787200.0,9576000.0,0.0,5175200.0,1879258.0663655524,6045946.666666667,3490474.6026207143,2281751.111111111,3570679.9828681,-65.84157445757096,-75.7894657696882,1159200.0,0.0,0.0,178830400.0,204372000.0
2020-11-30,627200.0,1.0,1.0,1.0,5.0,2020,11,30,0,4,49,0,0,1,2318400.0,5560800.0,2548000.0,0.0,4470400.0,2524812.885476201,5981920.0,3573480.7610005937,2288720.0,3566786.5867368416,-88.72103137659485,-75.38458579882817,313600.0,0.0,0.0,179457600.0,204999200.0
2020-12-01,7632800.0,4.0,4.0,4.0,37.0,2020,12,1,1,4,49,0,1,0,627200.0,8601600.0,6944000.0,0.0,4332000.0,2274787.8670328786,6004880.0,3582077.8487853417,2373528.888888889,3602322.356332279,-11.263019523923512,9.919353410231365,1526560.0,5740000.0,75.20175096927065,7632800.0,212632000.0
2020-12-02,1008000.0,1.0,1.0,1.0,12.0,2020,12,2,2,4,49,0,1,0,7632800.0,5560800.0,4838400.0,0.0,3681600.0,2504191.302596507,5877200.0,3691678.6126788375,2384728.888888889,3596422.0454874896,-81.87309705921862,-79.16665030451175,504000.0,0.0,0.0,8640800.0,213640000.0
2020-12-03,2329600.0,2.0,2.0,2.0,18.0,2020,12,3,3,4,49,0,1,0,1008000.0,4289600.0,8332800.0,0.0,3401600.0,2534274.5339314216,5677093.333333333,3716600.4695553235,2410613.3333333335,3587437.809074539,-45.6918953534373,-72.0430021069746,776533.3333333334,0.0,0.0,10970400.0,215969600.0
2020-12-04,3354400.0,3.0,3.0,3.0,31.0,2020,12,4,4,4,49,0,1,0,2329600.0,4720800.0,12107200.0,0.0,3206400.0,2467471.7965291226,5385333.333333333,3533462.539906082,2447884.4444444445,3579528.0076754307,-28.944240606625865,-72.29416609173333,838600.0,0.0,0.0,14324800.0,219324000.0
2020-12-05,0.0,0.0,0.0,0.0,0.0,2020,12,5,5,4,49,1,1,0,3354400.0,5174400.0,10561600.0,0.0,2467200.0,2553218.9774217675,5033280.0,3526086.0402200175,2447884.4444444445,3579528.0076754307,-99.99998067409155,-99.99999053173852,0.0,0.0,0.0,14324800.0,219324000.0
2020-12-06,3192000.0,1.0,1.0,1.0,18.0,2020,12,6,6,4,49,1,0,0,0.0,2318400.0,0.0,0.0,2592000.0,2566051.805140858,5139680.0,3415391.005070612,2483351.111111111,3570804.2205367754,37.68114316720878,319200000.0,1596000.0,3192000.0,99.999968671689,17516800.0,222516000.0
2020-12-07,0.0,0.0,0.0,0.0,0.0,2020,12,7,0,4,50,0,0,0,3192000.0,627200.0,2604000.0,0.0,2502400.0,2655483.6044180957,5052880.0,3513729.652466264,2483351.111111111,3570804.2205367754,-99.99984056147869,-99.99996159755699,0.0,0.0,0.0,17516800.0,222516000.0
2020-12-08,453600.0,2.0,2.0,2.0,6.0,2020,12,8,1,4,50,0,0,0,0.0,7632800.0,4648000.0,0.0,1476800.0,1461913.6317398003,4913066.666666667,3612457.3817157545,2488391.111111111,3567578.378362947,-94.05721438302925,-90.24094444041643,151200.0,0.0,0.0,17970400.0,222969600.0
2020-12-09,3416000.0,4.0,4.0,4.0,20.0,2020,12,9,2,4,50,0,0,0,453600.0,1008000.0,106400.0,0.0,1820800.0,1609115.6991755813,5023386.666666667,3509679.4764482835,2526346.6666666665,3558967.925740472,238.88865189617866,3110.497081794344,683200.0,1971200.0,57.70490114025142,21386400.0,226385600.0
2020-12-10,3152800.0,3.0,3.0,3.0,34.0,2020,12,10,3,4,50,0,0,0,3416000.0,2329600.0,2128000.0,0.0,1938400.0,1680974.8282866462,5057546.666666667,3485430.137976179,2561377.777777778,3549325.0825365516,35.3365232930446,48.157872106263106,788200.0,0.0,0.0,24539200.0,229538400.0
2020-12-11,4748800.0,3.0,3.0,2.0,42.0,2020,12,11,4,4,50,0,0,0,3152800.0,3354400.0,5812800.0,985600.0,2137600.0,1939483.8626122468,5022080.0,3482892.4490013104,2603191.111111111,3552717.6630894784,41.56926974443425,-18.304428450242835,1187200.0,1344000.0,28.301880832656494,29288000.0,234287200.0
2020-12-12,8019200.0,6.0,6.0,5.0,53.0,2020,12,12,5,4,50,1,0,0,4748800.0,0.0,8243200.0,0.0,3283200.0,2689692.5226996965,5014613.333333333,3475982.1050026785,2692293.3333333335,3587090.568447804,801920000.0,-2.7173909746953884,1145600.0,0.0,0.0,37307200.0,242306400.0
2020-12-13,4860800.0,4.0,4.0,2.0,44.0,2020,12,13,6,4,50,1,0,0,8019200.0,3192000.0,6092800.0,0.0,3521600.0,2753462.59583577,4973546.666666667,3470077.3823959734,2746302.222222222,3582689.2162166405,52.280685375725135,-20.2205849165269,972160.0,0.0,0.0,42168000.0,247167200.0
2020-12-14,4933600.0,5.0,5.0,4.0,54.0,2020,12,14,0,4,51,0,0,0,4860800.0,0.0,11541600.0,0.0,4226400.0,2295074.935595784,4753280.0,3240947.1964120357,2801120.0,3577937.335707152,493360000.0,-57.253755349886035,822266.6666666666,0.0,0.0,47101600.0,252100800.0
2020-12-15,8467200.0,5.0,5.0,5.0,65.0,2020,12,15,1,4,51,0,0,0,4933600.0,453600.0,3864000.0,0.0,5371200.0,2088883.6444378595,4906720.0,3305713.397928105,2895200.0,3614588.3592383764,1766.6627719074693,119.13040395175881,1411200.0,3046400.0,35.97883172963533,55568800.0,260568000.0
2020-12-16,12544000.0,9.0,9.0,6.0,92.0,2020,12,16,2,4,51,0,0,0,8467200.0,3416000.0,12745600.0,0.0,6675200.0,3212059.310369802,4900000.0,3289393.3116337257,3034577.777777778,3741320.990580307,267.21303653014155,-1.5817221957599332,1254400.0,4256000.0,33.9285687238067,68112800.0,273112000.0
2020-12-17,7873600.0,6.0,6.0,4.0,64.0,2020,12,17,3,4,51,0,0,0,12544000.0,3152800.0,13160000.0,0.0,7349600.0,2821025.3266026042,4723786.666666667,2956385.87138177,3122062.222222222,3761565.866586569,149.7335226676216,-40.170209713509905,1124800.0,0.0,0.0,75986400.0,280985600.0
2020-12-18,10348800.0,6.0,6.0,6.0,80.0,2020,12,18,4,4,51,0,0,0,7873600.0,4748800.0,6675200.0,0.0,8149600.0,2753789.6119105876,4846240.0,3111985.848030937,3237048.888888889,3822733.7617617794,117.92450346940207,55.033548802500476,1478400.0,3332000.0,32.19696658579095,86335200.0,291334400.0
2020-12-19,4659200.0,3.0,3.0,3.0,46.0,2020,12,19,5,4,51,1,0,0,10348800.0,8019200.0,5112800.0,0.0,7669600.0,3056502.12279767,4831120.0,3111748.000434305,3288817.777777778,3809930.7558831335,-41.89943611589234,-8.871849305302513,1164800.0,0.0,0.0,90994400.0,295993600.0
2020-12-20,8780800.0,4.0,4.0,4.0,54.0,2020,12,20,6,4,51,1,0,0,4659200.0,4860800.0,2889600.0,0.0,8229600.0,2804860.048796255,5027493.333333333,3170336.056040413,3386382.222222222,3837096.855713945,80.64514469940242,203.87589843718908,1756160.0,5656000.0,64.4132579704289,99775200.0,304774400.0
2020-12-21,2688000.0,3.0,3.0,2.0,24.0,2020,12,21,0,4,52,0,0,0,8780800.0,4933600.0,7408800.0,0.0,7908800.0,3324875.071337267,4870133.333333333,3165218.481682048,3416248.888888889,3820869.1647597984,-45.51644934399843,-63.71881226125523,672000.0,0.0,0.0,102463200.0,307462400.0
2020-12-22,5376000.0,3.0,3.0,3.0,38.0,2020,12,22,1,4,52,0,0,0,2688000.0,8467200.0,6787200.0,0.0,7467200.0,3441582.891635765,4823093.333333333,3146174.506299985,3475982.222222222,3808865.185403558,-36.507932196247616,-20.79207614449609,1344000.0,0.0,0.0,107839200.0,312838400.0
2020-12-23,12992000.0,5.0,5.0,4.0,78.0,2020,12,23,2,4,52,0,0,0,5376000.0,12544000.0,5560800.0,0.0,7531200.0,3554054.060740588,5070800.0,3480983.184141495,3620337.777777778,3920215.656489866,3.571428286716495,133.6354241052683,2165333.3333333335,7616000.0,58.6206851431123,120831200.0,325830400.0
2020-12-24,8131200.0,5.0,5.0,4.0,59.0,2020,12,24,3,4,52,0,0,0,12992000.0,7873600.0,8601600.0,0.0,7568000.0,3559519.727903377,5055120.0,3465555.6233029785,3710684.4444444445,3929528.7851965018,3.27169232985009,-5.468749364217197,1355200.0,0.0,0.0,128962400.0,333961600.0
2020-12-25,3875200.0,3.0,3.0,3.0,36.0,2020,12,25,4,4,52,0,0,1,8131200.0,10348800.0,5560800.0,0.0,6643200.0,3557579.2818525713,4998933.333333333,3470734.734231687,3753742.222222222,3909592.8047108306,-62.55410650953671,-30.312179846032972,968800.0,1372000.0,35.40461514125332,132837600.0,337836800.0
2020-12-26,0.0,0.0,0.0,0.0,0.0,2020,12,26,5,4,52,1,0,1,3875200.0,4659200.0,4289600.0,0.0,5977600.0,4340370.736853399,4855946.666666667,3587366.7864473723,3753742.222222222,3909592.8047108306,-99.99997853709252,-99.99997668780848,0.0,0.0,0.0,132837600.0,337836800.0
2020-12-27,4743200.0,3.0,3.0,3.0,30.0,2020,12,27,6,4,52,1,0,1,0.0,8780800.0,4720800.0,0.0,5400800.0,4170728.038764135,4856693.333333333,3587340.0183897023,3806444.4444444445,3890345.271962523,-45.98213762047449,0.4744957476496044,1185800.0,0.0,0.0,137580800.0,342580000.0
2020-12-28,10388000.0,7.0,7.0,7.0,70.0,2020,12,28,0,4,53,0,0,1,4743200.0,2688000.0,5174400.0,0.0,6500800.0,4347656.729779847,5030480.0,3726834.6815661327,3921866.6666666665,3930041.072490297,286.45822676405254,100.75755628525891,1298500.0,4368000.0,42.048513472418804,147968800.0,352968000.0
2020-12-29,4289600.0,3.0,3.0,3.0,28.0,2020,12,29,1,4,53,0,0,1,10388000.0,5376000.0,2318400.0,0.0,6345600.0,4413395.052942046,5096186.666666667,3694607.486196263,3969528.888888889,3907892.575238667,-20.208329574343455,85.02411791575314,1072400.0,2856000.0,66.57961894358007,152258400.0,357257600.0
2020-12-30,2598400.0,3.0,3.0,2.0,16.0,2020,12,30,2,4,53,0,0,1,4289600.0,12992000.0,627200.0,0.0,4860800.0,3447288.6195772258,5161893.333333333,3629340.137890874,3998400.0,3887783.2075315174,-79.999993842365,314.2852131932188,649600.0,0.0,0.0,154856800.0,359856000.0
2020-12-31,1495200.0,2.0,2.0,2.0,13.0,2020,12,31,3,4,53,0,0,1,2598400.0,8131200.0,7632800.0,0.0,3912800.0,3307658.0879327073,4957306.666666667,3658126.4018180347,4015013.3333333335,3873674.2615718287,-81.61156021109305,-80.41084786567868,498400.0,0.0,0.0,156352000.0,361351200.0
2021-01-01,3589600.0,3.0,3.0,3.0,34.0,2021,1,1,4,1,53,0,1,0,1495200.0,3875200.0,1008000.0,0.0,3872000.0,3309959.822515472,5043360.0,3591782.851281327,4054897.777777778,3850279.1793999635,-7.369940294709874,256.11085703287995,897400.0,0.0,0.0,3589600.0,3589600.0
2021-01-02,12751200.0,5.0,5.0,4.0,65.0,2021,1,2,5,1,53,1,1,0,3589600.0,0.0,2329600.0,0.0,5693600.0,4210210.344705673,5390746.666666667,3817167.196227331,4196577.777777778,3933107.4070581505,1275120000.0,447.3555771997007,2125200.0,11228000.0,88.05445071409352,16340800.0,16340800.0
2021-01-03,10970400.0,6.0,6.0,3.0,65.0,2021,1,3,6,1,53,1,1,0,12751200.0,4743200.0,3354400.0,0.0,6583200.0,4614413.430401166,5644613.333333333,3928694.4912188496,4318471.111111111,3971396.180985608,131.28686724429346,227.04500743948026,1567200.0,9156000.0,83.46094185618192,27311200.0,27311200.0
2021-01-04,7504000.0,9.0,8.0,7.0,49.0,2021,1,4,0,1,1,0,1,0,10970400.0,10388000.0,0.0,0.0,6171200.0,4338587.124859889,5894746.666666667,3793475.4800508628,4401848.888888889,3958463.6014336627,-27.762800561917544,750400000.0,750400.0,2352000.0,31.3432794052133,34815200.0,34815200.0
2021-01-05,2128000.0,2.0,2.0,2.0,14.0,2021,1,5,1,1,1,0,1,0,7504000.0,4289600.0,3192000.0,0.0,5862400.0,4565807.249545254,5859280.0,3824463.1567734103,4425493.333333333,3938178.774332972,-50.39163316121942,-33.333322890563004,709333.3333333334,0.0,0.0,36943200.0,36943200.0
2021-01-06,7649600.0,4.0,4.0,4.0,53.0,2021,1,6,2,1,1,0,0,0,2128000.0,2598400.0,0.0,0.0,6584000.0,4358421.292165318,6114266.666666667,3672322.258165273,4510488.888888889,3924116.051280862,194.39647691022287,764960000.0,1529920.0,2184000.0,28.55050871280738,44592800.0,44592800.0
2021-01-07,11032000.0,7.0,7.0,5.0,89.0,2021,1,7,3,1,1,0,0,0,7649600.0,1495200.0,453600.0,0.0,7946400.0,3976407.490855701,6466880.0,3617502.669770003,4633066.666666667,3953829.665163081,637.8272887725462,2332.093624132222,1379000.0,2352000.0,21.319795021773473,55624800.0,55624800.0
2021-01-08,15327200.0,10.0,10.0,7.0,126.0,2021,1,8,4,1,1,0,0,0,11032000.0,3589600.0,3416000.0,0.0,9623200.0,4295031.89588467,6863920.0,3912718.5200097878,4803368.888888889,4080104.327363125,326.98898846974913,348.6884225150988,1393381.8181818181,8064000.0,52.61234585492811,70952000.0,70952000.0
2021-01-09,5493600.0,5.0,5.0,5.0,38.0,2021,1,9,5,1,1,1,0,0,15327200.0,12751200.0,3152800.0,4463200.0,8586400.0,4290072.3847817145,6941946.666666667,3859133.102201289,4814817.777777778,4080584.716378962,-56.91699158377317,74.24509190399267,915600.0,3012800.0,54.84198797837703,76445600.0,76445600.0
2021-01-10,7257600.0,5.0,5.0,5.0,56.0,2021,1,10,6,1,1,1,0,0,5493600.0,10970400.0,4748800.0,3886400.0,8056000.0,4174152.8226296008,7025573.333333333,3837088.8878233545,4852275.555555556,4087433.774478074,-33.84379477103891,52.83017755429212,1209600.0,0.0,0.0,83703200.0,83703200.0
2021-01-11,4138400.0,4.0,4.0,3.0,36.0,2021,1,11,0,1,2,0,0,0,7257600.0,7504000.0,8019200.0,0.0,7575200.0,4434072.920765586,6896213.333333333,3867730.0590231554,4898257.777777778,4055386.1673719636,-44.850740291745694,-48.39384871385566,827680.0,588000.0,14.208386282527963,87841600.0,87841600.0
2021-01-12,4228000.0,4.0,4.0,4.0,39.0,2021,1,12,1,1,2,0,0,0,4138400.0,2128000.0,4860800.0,0.0,7875200.0,4059305.6877582725,6875120.0,3880916.375823876,4945235.555555556,4022361.1828704765,98.6841641521785,-13.018430501474962,845600.0,0.0,0.0,92069600.0,92069600.0
2021-01-13,19992000.0,12.0,11.0,9.0,141.0,2021,1,13,2,1,2,0,0,0,4228000.0,7649600.0,4933600.0,0.0,9638400.0,6108349.520669774,7377066.666666667,4539133.947878339,5167368.888888889,4289357.800276927,161.34697744366014,305.22127752122634,1537846.1538461538,10466400.0,52.352938557776184,112061600.0,112061600.0
2021-01-14,9990400.0,5.0,5.0,5.0,59.0,2021,1,14,3,1,2,0,0,0,19992000.0,11032000.0,8467200.0,0.0,9489600.0,6081370.406961466,7427840.0,4560218.368153148,5278373.333333333,4283395.546400233,-9.44162350964254,17.989415864817666,1665066.6666666667,3920000.0,39.237664233898116,122052000.0,122052000.0
2021-01-15,18306400.0,9.0,9.0,8.0,119.0,2021,1,15,4,1,2,0,0,0,9990400.0,15327200.0,12544000.0,0.0,9915200.0,6636877.241594876,7619920.0,4892405.402775145,5481777.777777778,4460903.999525631,19.437338885292885,45.93749633789091,1830640.0,8232000.0,44.9678776292511,140358400.0,140358400.0
2021-01-16,9632000.0,8.0,8.0,8.0,84.0,2021,1,16,5,1,2,1,0,0,18306400.0,5493600.0,7873600.0,0.0,10506400.0,6355730.625716187,7678533.333333333,4906063.577004397,5588800.0,4443419.270908234,75.3312808847967,22.33285633854192,1070222.2222222222,3528000.0,36.627903174013376,149990400.0,149990400.0
2021-01-17,4429600.0,5.0,5.0,4.0,34.0,2021,1,17,6,1,2,1,0,0,9632000.0,7257600.0,10348800.0,0.0,10102400.0,6678350.039742851,7481226.666666667,4913990.1651013335,5638017.777777778,4405186.936118865,-38.96604401371748,-57.19696417005217,738266.6666666666,1176000.0,26.548666572903517,154420000.0,154420000.0
2021-01-18,7548800.0,4.0,4.0,3.0,49.0,2021,1,18,0,1,3,0,0,0,4429600.0,4138400.0,4659200.0,0.0,10589600.0,6283472.840184267,7577546.666666667,4885001.981133492,5721893.333333333,4368343.073245625,82.40864043866219,62.01921745810065,1509760.0,4508000.0,59.71809297926916,161968800.0,161968800.0
2021-01-19,3746400.0,2.0,2.0,2.0,27.0,2021,1,19,1,1,3,0,0,0,7548800.0,4228000.0,8780800.0,0.0,10520800.0,6366821.331454705,7409733.333333333,4928520.492366663,5763520.0,4330895.083218099,-11.390725782704402,-57.334177143975815,1248800.0,2508800.0,66.96560245419538,165715200.0,165715200.0
2021-01-20,3444000.0,2.0,2.0,2.0,27.0,2021,1,20,2,1,3,0,0,0,3746400.0,19992000.0,2688000.0,0.0,8156800.0,5235718.352496308,7434933.333333333,4905423.940576552,5801786.666666667,4294459.806428943,-82.7731051033861,28.12498953683425,1148000.0,0.0,0.0,169159200.0,169159200.0
2021-01-21,6210400.0,3.0,3.0,3.0,40.0,2021,1,21,3,1,3,0,0,0,3444000.0,9990400.0,5376000.0,0.0,7616800.0,5209953.038815864,7462746.666666667,4895703.271077278,5870791.111111111,4249851.231649887,-37.83631908268747,15.520830446274097,1552600.0,3404800.0,54.824157087440895,175369600.0,175369600.0
2021-01-22,6781600.0,5.0,5.0,4.0,54.0,2021,1,22,4,1,3,0,0,0,6210400.0,18306400.0,12992000.0,0.0,5970400.0,2247859.877008942,7255733.333333333,4783863.277175951,5946142.222222222,4204468.385719158,-62.95502868095154,-47.80172045861142,1130266.6666666667,0.0,0.0,182151200.0,182151200.0
2021-01-23,4424000.0,2.0,2.0,2.0,30.0,2021,1,23,5,1,3,1,0,0,6781600.0,9632000.0,8131200.0,0.0,5226400.0,1603461.3892035729,7132160.0,4808287.559935914,5995297.777777778,4159793.085308364,-54.06976182830546,-45.59228089429839,1474666.6666666667,3332000.0,75.31643867169107,186575200.0,186575200.0
2021-01-24,11933600.0,7.0,7.0,5.0,78.0,2021,1,24,6,1,3,1,0,0,4424000.0,4429600.0,3875200.0,0.0,6298400.0,2936377.7050418183,7400773.333333333,4845014.118546975,6127893.333333333,4156736.3536658953,169.4057771794796,207.94792321740215,1491700.0,8870400.0,74.33129363048086,198508800.0,198508800.0
2021-01-25,11676000.0,8.0,8.0,7.0,107.0,2021,1,25,0,1,4,0,0,1,11933600.0,7548800.0,0.0,0.0,6888000.0,3574343.031476786,7789973.333333333,4696706.514359075,6257626.666666667,4145524.631164976,54.67358326176568,1167600000.0,1297333.3333333333,1344000.0,11.51079038105598,210184800.0,210184800.0
2021-01-26,11267200.0,7.0,7.0,5.0,93.0,2021,1,26,1,1,4,0,0,1,11676000.0,3746400.0,4743200.0,0.0,7962400.0,3602845.24600581,8007440.0,4701804.625636326,6382817.777777778,4124502.9769502426,200.74733057139375,137.54424490971394,1408400.0,0.0,0.0,221452000.0,221452000.0
2021-01-27,9408000.0,6.0,6.0,5.0,64.0,2021,1,27,2,1,4,0,0,1,11267200.0,3444000.0,10388000.0,5068000.0,8814400.0,3013178.167096441,7974773.333333333,4688079.249575335,6431040.0,4134317.063905341,173.17068142546995,-9.433961355991398,1344000.0,6552000.0,69.64284974034335,230860000.0,230860000.0
2021-01-28,2917600.0,5.0,5.0,4.0,30.0,2021,1,28,3,1,4,0,0,1,9408000.0,6210400.0,4289600.0,9576000.0,8344000.0,3672373.372448214,7929040.0,4731757.26616772,6357057.777777778,4136980.781854469,-53.020730867459285,-31.98432674740611,486266.6666666667,716800.0,24.568129775113185,233777600.0,233777600.0
2021-01-29,8724800.0,5.0,5.0,5.0,52.0,2021,1,29,4,1,4,0,0,1,2917600.0,6781600.0,2598400.0,2548000.0,8621600.0,3607456.160047779,8133253.333333333,4624756.085104664,6425688.888888889,4124295.8547645397,28.654000729326306,235.77577133013725,1454133.3333333333,4200000.0,48.13863376368126,242502400.0,242502400.0
2021-01-30,10141600.0,6.0,6.0,5.0,61.0,2021,1,30,5,1,4,1,0,1,8724800.0,4424000.0,1495200.0,6944000.0,9438400.0,3111882.020042963,8421466.666666666,4463416.014617079,6461217.777777778,4142543.5820421493,129.24047711562451,578.2767668025905,1448800.0,4692800.0,46.272772908340606,252644000.0,252644000.0
2021-01-31,12504800.0,9.0,9.0,9.0,99.0,2021,1,31,6,1,4,1,0,1,10141600.0,11933600.0,3589600.0,4838400.0,9520000.0,3194605.720064163,8718640.0,4427257.690139182,6546400.0,4187377.6350929234,4.786484817114298,248.3618652880919,1250480.0,3068800.0,24.54097430258986,265148800.0,265148800.0
2021-02-01,5376000.0,2.0,2.0,2.0,20.0,2021,2,1,0,1,5,0,1,0,12504800.0,11676000.0,12751200.0,8332800.0,8620000.0,3368665.270795937,8472800.0,4400298.939061234,6513546.666666667,4184802.8564361255,-53.9568299111999,-57.83925765110283,1792000.0,4032000.0,74.99998604910974,5376000.0,270524800.0
2021-02-02,1965600.0,3.0,3.0,2.0,22.0,2021,2,2,1,1,5,0,1,0,5376000.0,11267200.0,10970400.0,12107200.0,7291200.0,3937021.7102102274,8172640.0,4529288.050744914,6400862.222222222,4169001.7545382874,-82.55466464120059,-82.0826877704835,491400.0,0.0,0.0,7341600.0,272490400.0
2021-02-03,7851200.0,6.0,6.0,6.0,63.0,2021,2,3,2,1,5,0,1,0,1965600.0,9408000.0,7504000.0,10561600.0,7068800.0,3840298.7106039887,8184213.333333333,4527964.005868062,6370746.666666667,4148346.5592390615,-16.547617288731157,4.626865055055297,1121600.0,1612800.0,20.542080122518836,15192800.0,280341600.0
2021-02-04,7408800.0,4.0,3.0,4.0,41.0,2021,2,4,3,1,5,0,1,0,7851200.0,2917600.0,2128000.0,0.0,7710400.0,3378583.277055635,8360240.0,4384790.591437474,6453066.666666667,4093654.4425282725,153.93468812219356,248.15777812134488,1481760.0,4748800.0,64.09674115960193,22601600.0,287750400.0
2021-02-05,4709600.0,7.0,7.0,7.0,44.0,2021,2,5,4,1,5,0,1,0,7408800.0,8724800.0,7649600.0,2604000.0,7136800.0,3515717.6678453563,8262240.0,4433801.632568318,6476462.222222222,4077394.100570338,-46.020533878079284,-38.43337711339454,588700.0,0.0,0.0,27311200.0,292460000.0
2021-02-06,6451200.0,4.0,4.0,4.0,48.0,2021,2,6,5,1,5,1,0,0,4709600.0,10141600.0,11032000.0,4648000.0,6609600.0,3257229.6449590395,8109546.666666667,4413959.628249455,6496497.777777778,4072736.0595251936,-36.38873191717955,-41.52283887573977,1290240.0,2352000.0,36.458327681930854,33762400.0,298911200.0
2021-02-07,8512000.0,4.0,4.0,4.0,64.0,2021,2,7,6,1,5,1,0,0,6451200.0,12504800.0,15327200.0,106400.0,6039200.0,2245199.2992456863,7882373.333333333,4199866.031273337,6589893.333333333,4020596.9508368596,-31.930136273260167,-44.46473951767188,1702400.0,2856000.0,33.55262763714431,42274400.0,307423200.0
2021-02-08,4659200.0,5.0,5.0,5.0,33.0,2021,2,8,0,1,6,0,0,0,8512000.0,5376000.0,5493600.0,2128000.0,5936800.0,2296253.6445262283,7854560.0,4218950.541969671,6618017.777777778,3997823.399221856,-13.333330853175065,-15.188580313714084,776533.3333333334,672000.0,14.423073827465267,46933600.0,312082400.0
2021-02-09,16760800.0,10.0,10.0,7.0,147.0,2021,2,9,1,1,6,0,0,0,4659200.0,1965600.0,7257600.0,5812800.0,8050400.0,4118132.5994516816,8171333.333333333,4518701.2016601665,6739662.222222222,4137179.430605919,752.7061697669059,130.94133998272983,1523709.0909090908,3001600.0,17.90845198866092,63694400.0,328843200.0
2021-02-10,8859200.0,6.0,6.0,4.0,66.0,2021,2,10,2,1,6,0,0,0,16760800.0,7851200.0,4138400.0,8243200.0,8194400.0,4127618.7937679836,8328693.333333333,4455167.089782945,6746506.666666667,4140203.2360905707,12.838800076574271,114.0730441540102,1265600.0,3192000.0,36.03033727307914,72553600.0,337702400.0
2021-02-11,3136000.0,1.0,1.0,1.0,13.0,2021,2,11,3,1,6,0,0,0,8859200.0,7408800.0,4228000.0,6092800.0,7584000.0,4556781.530861448,8292293.333333333,4494116.95740671,6713653.333333333,4157145.5441055233,-57.671949887707875,-25.827808460783242,1568000.0,3136000.0,99.99996811225506,75689600.0,340838400.0
2021-02-12,2016000.0,2.0,2.0,2.0,6.0,2021,2,12,4,1,6,0,0,0,3136000.0,4709600.0,19992000.0,11541600.0,7199200.0,4937771.070702515,7693093.333333333,4057572.8786395495,6607813.333333333,4154104.706183101,-57.193804740571444,-89.91596188895748,672000.0,1344000.0,66.6666335979,77705600.0,342854400.0
2021-02-13,6294400.0,4.0,4.0,4.0,34.0,2021,2,13,5,1,6,1,0,0,2016000.0,6451200.0,9990400.0,3864000.0,7176800.0,4942083.663125638,7569893.333333333,4041493.451421768,6634817.777777778,4143954.891477675,-2.43055517879539,-36.99551199196108,1258880.0,4345600.0,69.03913493913082,84000000.0,349148800.0
2021-02-14,12180000.0,7.0,7.0,7.0,84.0,2021,2,14,6,1,6,1,0,0,6294400.0,8512000.0,18306400.0,12745600.0,7700800.0,5289492.174742927,7365680.0,3612267.535668054,6628533.333333333,4135002.76852753,43.09210020064612,-33.46588988190524,1522500.0,4480000.0,36.781606175566,96180000.0,361328800.0
2021-02-15,9564800.0,6.0,6.0,5.0,66.0,2021,2,15,0,1,7,0,0,0,12180000.0,4659200.0,9632000.0,13160000.0,8401600.0,5142270.668359131,7363440.0,3610834.260427338,6588586.666666667,4088297.977750204,105.28843894049645,-0.6976743461716833,1366400.0,4659200.0,48.711938701077,105744800.0,370893600.0
2021-02-16,11132800.0,6.0,5.0,6.0,69.0,2021,2,16,1,1,7,0,0,0,9564800.0,16760800.0,4429600.0,6675200.0,7597600.0,3909731.5031427233,7586880.0,3630372.3200719794,6638115.555555556,4116264.8670500256,-33.57834747873923,151.32739946555006,1590400.0,8848000.0,79.47685402802044,116877600.0,382026400.0
2021-02-17,3662400.0,2.0,2.0,2.0,27.0,2021,2,17,2,1,7,0,0,0,11132800.0,8859200.0,7548800.0,5112800.0,6855200.0,4118091.441432547,7457333.333333333,3700443.1948296274,6622000.0,4125133.387124959,-58.65991752529376,-51.483672705109065,1220800.0,2856000.0,77.98163008365277,120540000.0,385688800.0
2021-02-18,5381600.0,5.0,5.0,4.0,39.0,2021,2,18,3,1,7,0,0,0,3662400.0,3136000.0,3746400.0,2889600.0,7176000.0,3859419.700766769,7511840.0,3655669.327232558,6649688.888888889,4108127.526341429,71.60712002323979,43.64722302818092,896933.3333333334,4256000.0,79.08427250552391,125921600.0,391070400.0
2021-02-19,8198400.0,7.0,7.0,6.0,59.0,2021,2,19,4,1,7,0,0,0,5381600.0,2016000.0,3444000.0,7408800.0,8059200.0,3117962.172103225,7670320.0,3575415.065020059,6658462.222222222,4110609.2891164315,306.66651455034,138.0487404039662,1024800.0,1960000.0,23.90710090906751,134120000.0,399268800.0
2021-02-20,6339200.0,6.0,6.0,4.0,60.0,2021,2,20,5,1,7,1,0,0,8198400.0,6294400.0,6210400.0,6787200.0,8065600.0,3113779.1315377518,7674613.333333333,3573678.4622486965,6653484.444444444,4110722.8945144974,0.7117436591662971,2.0739401529788495,905600.0,1344000.0,21.20141008306883,140459200.0,405608000.0
2021-02-21,6899200.0,6.0,6.0,6.0,41.0,2021,2,21,6,1,7,1,0,0,6339200.0,12180000.0,6781600.0,5560800.0,7311200.0,2537127.2783734472,7678533.333333333,3572729.502421257,6668355.555555556,4109146.1632875665,-43.356318279448416,1.7341037905355978,985600.0,5544000.0,80.3571312098314,147358400.0,412507200.0
2021-02-22,5796000.0,5.0,5.0,5.0,49.0,2021,2,22,0,1,8,0,0,0,6899200.0,9564800.0,4424000.0,8601600.0,6772800.0,2373818.4822489386,7724266.666666667,3538247.594826969,6637182.222222222,4104955.11102139,-39.402806184885605,31.01265121775515,966000.0,0.0,0.0,153154400.0,418303200.0
2021-02-23,8411200.0,7.0,7.0,6.0,65.0,2021,2,23,1,1,8,0,0,0,5796000.0,11132800.0,11933600.0,5560800.0,6384000.0,1654623.9049000388,7606853.333333333,3451119.252701621,6668853.333333333,4107552.225391007,-24.446677884568313,-29.516656372204835,1051400.0,3376800.0,40.14646659852737,161565600.0,426714400.0
2021-02-24,4620000.0,2.0,2.0,2.0,37.0,2021,2,24,2,1,8,0,0,0,8411200.0,3662400.0,11676000.0,4289600.0,6520800.0,1414229.5523240396,7371653.333333333,3404359.6077862303,6672524.444444444,4105549.041450524,26.146781851577693,-60.43164950054389,1540000.0,3024000.0,65.45453128689799,166185600.0,431334400.0
2021-02-25,11782400.0,9.0,8.0,9.0,86.0,2021,2,25,3,1,8,0,0,1,4620000.0,5381600.0,11267200.0,4720800.0,7435200.0,2328591.7690025996,7388826.666666667,3425919.5617238707,6750986.666666667,4135200.9882596256,118.9385835181761,4.572564206496361,1178240.0,6580000.0,55.84600286478113,177968000.0,443116800.0
2021-02-26,5325600.0,4.0,4.0,4.0,39.0,2021,2,26,4,1,8,0,0,1,11782400.0,8198400.0,9408000.0,5174400.0,7024800.0,2422910.734357883,7252746.666666667,3424028.3333235253,6752666.666666667,4134583.942493864,-35.04097933243324,-43.39285253052162,1065120.0,1971200.0,37.01366287110131,183293600.0,448442400.0
2021-02-27,4015200.0,3.0,3.0,3.0,31.0,2021,2,27,5,1,8,1,0,1,5325600.0,6339200.0,2917600.0,2318400.0,6692800.0,2678278.531694066,7289333.333333333,3381711.3860958857,6771520.0,4117972.150322471,-36.66077160197318,37.61994871814206,1003800.0,3696000.0,92.05018627959099,187308800.0,452457600.0
2021-02-28,7778400.0,7.0,7.0,6.0,55.0,2021,2,28,6,1,8,1,0,1,4015200.0,6899200.0,8724800.0,627200.0,6818400.0,2709998.592865561,7257786.666666667,3372259.8120275475,6850977.777777778,4066757.1803029473,12.743504646407604,-10.847238808082842,972300.0,1456000.0,18.718500113326634,195087200.0,460236000.0
2021-03-01,10315200.0,4.0,4.0,3.0,58.0,2021,3,1,0,1,9,0,1,0,7778400.0,5796000.0,10141600.0,7632800.0,7464000.0,2953226.122959995,7263573.333333333,3377523.7988322363,6880782.222222222,4082350.866196656,77.97100104019997,1.711761288972027,2063040.0,8400000.0,81.43321686121288,10315200.0,470551200.0
2021-03-02,14722400.0,10.0,9.0,7.0,117.0,2021,3,2,1,1,9,0,1,0,10315200.0,8411200.0,12504800.0,1008000.0,8365600.0,4050231.9275155915,7337493.333333333,3517552.326001832,7033164.444444444,4116490.4771673223,75.0332800274301,17.733988729608733,1338400.0,1344000.0,9.128945747368245,25037600.0,485273600.0
2021-03-03,5264000.0,6.0,6.0,4.0,49.0,2021,3,3,2,1,9,0,1,0,14722400.0,4620000.0,5376000.0,2329600.0,8457600.0,3957217.6083708103,7333760.0,3519764.671757432,7065768.888888889,4090355.4725787514,13.939390922209757,-2.083332945808604,752000.0,5051200.0,95.95742857951585,30301600.0,490537600.0
2021-03-04,6568800.0,3.0,3.0,3.0,46.0,2021,3,4,3,1,9,0,1,0,5264000.0,11782400.0,1965600.0,3354400.0,7712800.0,3710067.5717116874,7487200.0,3375036.469790182,7101484.444444444,4071575.375420777,-44.249045674137214,234.18791504481328,1642200.0,2940000.0,44.75702643450456,36870400.0,497106400.0
2021-03-05,8674400.0,5.0,5.0,4.0,60.0,2021,3,5,4,1,9,0,1,0,6568800.0,5325600.0,7851200.0,0.0,8191200.0,3563974.680044738,7514640.0,3381438.294429526,7197866.666666667,4003684.4568051226,62.881165900336875,10.485020062535655,1445733.3333333333,3836000.0,44.22207366249266,45544800.0,505780800.0
2021-03-06,8472800.0,9.0,9.0,8.0,66.0,2021,3,6,5,1,9,1,0,0,8674400.0,4015200.0,7408800.0,3192000.0,8828000.0,3055410.9379918105,7550106.666666667,3385866.950451671,7256542.222222222,3982959.7357241143,111.01810345235519,14.361298137174963,847280.0,2576000.0,30.403168916630996,54017600.0,514253600.0
2021-03-07,6664000.0,4.0,4.0,4.0,55.0,2021,3,7,6,1,9,1,0,0,8472800.0,7778400.0,4709600.0,0.0,8668800.0,3146877.800826293,7615253.333333333,3347918.23858198,7330586.666666667,3907775.9471154357,-14.326852009815386,41.49820759762876,1332800.0,0.0,0.0,60681600.0,520917600.0
2021-03-08,6641600.0,5.0,4.0,5.0,56.0,2021,3,8,0,1,10,0,0,0,6664000.0,10315200.0,6451200.0,453600.0,8144000.0,3132837.9296307885,7621600.0,3345815.253881097,7399342.222222222,3839255.7529291417,-35.61346017397044,2.9513884313944025,1106933.3333333333,1344000.0,20.2360846428444,67323200.0,527559200.0
2021-03-09,8523200.0,5.0,5.0,5.0,57.0,2021,3,9,1,1,10,0,0,0,6641600.0,14722400.0,8512000.0,3416000.0,7258400.0,1308082.280796327,7621973.333333333,3345918.655866897,7456088.888888889,3817399.500172874,-42.10726225973603,0.13157893191036985,1420533.3333333333,2520000.0,29.566356583635656,75846400.0,536082400.0
2021-03-10,2520000.0,2.0,2.0,2.0,15.0,2021,3,10,2,1,10,0,0,0,8523200.0,5264000.0,4659200.0,3152800.0,6866400.0,2147309.584883679,7550666.666666667,3432901.3804384293,7449057.777777778,3825987.7111750413,-52.12764967179907,-45.913451684097765,840000.0,2520000.0,99.99996031747607,78366400.0,538602400.0
2021-03-11,952000.0,2.0,2.0,2.0,5.0,2021,3,11,3,1,10,0,0,0,2520000.0,6568800.0,16760800.0,4748800.0,6064000.0,3110473.4902154873,7023706.666666667,3173949.9227882912,7406871.111111111,3876692.654371692,-85.50723335963443,-94.32007455968244,317333.3333333333,0.0,0.0,79318400.0,539554400.0
2021-03-12,8243200.0,5.0,5.0,5.0,52.0,2021,3,12,4,1,10,0,0,0,952000.0,8674400.0,8859200.0,8019200.0,6002400.0,3053916.462511701,7003173.333333333,3163641.86112639,7409360.0,3877162.071968957,-4.970948426294795,-6.953222982524045,1373866.6666666667,4435200.0,53.804341298968694,87561600.0,547797600.0
2021-03-13,5140800.0,4.0,4.0,2.0,29.0,2021,3,13,5,1,10,1,0,0,8243200.0,8472800.0,3136000.0,4860800.0,5526400.0,2858084.46807764,7070000.0,3099664.5851913784,7412471.111111111,3875205.9248870453,-39.32583805520748,63.928551043191625,1028160.0,4032000.0,78.43135729237525,92702400.0,552938400.0
2021-03-14,6378400.0,4.0,4.0,4.0,49.0,2021,3,14,6,1,10,1,0,0,5140800.0,6664000.0,2016000.0,4933600.0,5485600.0,2841126.499588965,7215413.333333333,2953260.846021506,7428524.444444444,3867807.1665186845,-4.285713642599993,216.38878155318375,1275680.0,0.0,0.0,99080800.0,559316800.0
2021-03-15,10214400.0,6.0,6.0,6.0,69.0,2021,3,15,0,1,11,0,0,0,6378400.0,6641600.0,6294400.0,8467200.0,5996000.0,3357421.0102398507,7346080.0,2997494.248063272,7447937.777777778,3877451.8294902756,53.79425834222803,62.277570177051004,1459200.0,1568000.0,15.350875690116336,109295200.0,569531200.0
2021-03-16,16340800.0,10.0,9.0,9.0,112.0,2021,3,16,1,1,11,0,0,0,10214400.0,8523200.0,12180000.0,12544000.0,7112800.0,5156405.50771562,7484773.333333333,3308949.7830657023,7490124.444444444,3953430.146836114,91.72140842390083,34.16091673555692,1485527.2727272727,8304800.0,50.82247804131511,125636000.0,585872000.0
2021-03-17,10231200.0,8.0,8.0,7.0,76.0,2021,3,17,2,1,11,0,0,0,16340800.0,2520000.0,9564800.0,7873600.0,8214400.0,4824711.655632903,7506986.666666667,3325589.690382984,7516320.0,3963796.7930318336,305.99987857147676,6.967212386331926,1136800.0,0.0,0.0,135867200.0,596103200.0
2021-03-18,10382400.0,6.0,6.0,6.0,80.0,2021,3,18,3,1,11,0,0,0,10231200.0,952000.0,11132800.0,10348800.0,9561600.0,3626756.832212493,7481973.333333333,3300102.226100371,7516693.333333333,3964068.1429533395,990.58719476135,-6.740442050477682,1483200.0,2508800.0,24.163967467640674,146249600.0,606485600.0
2021-03-19,5292000.0,5.0,5.0,5.0,52.0,2021,3,19,4,1,11,0,0,0,10382400.0,8243200.0,3662400.0,4659200.0,9140000.0,3961634.1409406625,7536293.333333333,3248065.1495645954,7523724.444444444,3959501.399387973,-35.801626091611745,44.49540069479011,882000.0,0.0,0.0,151541600.0,611777600.0
2021-03-20,7806400.0,6.0,6.0,5.0,65.0,2021,3,20,5,1,11,1,0,0,5292000.0,5140800.0,5381600.0,8780800.0,9520800.0,3627145.301749021,7617120.0,3222668.3900147066,7512897.777777778,3957357.087555024,51.85184176551475,45.05722367748928,1115200.0,168000.0,2.152080068651354,159348000.0,619584000.0
2021-03-21,2055200.0,3.0,3.0,3.0,21.0,2021,3,21,6,1,11,1,0,0,7806400.0,6378400.0,8198400.0,2688000.0,8903200.0,4511607.169660644,7412346.666666667,3375986.4924281696,7505866.666666667,3966577.3074755245,-67.77874266606945,-74.93168484927732,513800.0,0.0,0.0,161403200.0,621639200.0
2021-03-22,196000.0,1.0,1.0,1.0,0.0,2021,3,22,0,1,12,0,0,0,2055200.0,10214400.0,6339200.0,5376000.0,7472000.0,5505835.507895235,7207573.333333333,3620760.593646828,7448311.111111111,4034823.3376929923,-98.08113074863617,-96.90811192136044,98000.0,196000.0,99.99948979852144,161599200.0,621835200.0
2021-03-23,1842400.0,2.0,2.0,2.0,18.0,2021,3,23,1,1,12,0,0,0,196000.0,16340800.0,6899200.0,12992000.0,5400800.0,4181168.9848653544,7039013.333333333,3750976.5514424704,7324426.666666667,4033865.9552467633,-88.72514878554607,-73.2954439216947,614133.3333333334,0.0,0.0,163441600.0,623677600.0
2021-03-24,2570400.0,1.0,1.0,1.0,18.0,2021,3,24,2,1,12,0,0,0,1842400.0,10231200.0,5796000.0,8131200.0,4306400.0,3678483.9485853366,6931493.333333333,3833165.3169215852,7262640.0,4063845.714933888,-74.87683997215967,-55.65216431122079,1285200.0,0.0,0.0,166012000.0,626248000.0
2021-03-25,3572800.0,4.0,4.0,4.0,22.0,2021,3,25,3,1,12,0,0,1,2570400.0,10382400.0,8411200.0,3875200.0,3333600.0,2522679.760360657,6770213.333333333,3870367.023470487,7259280.0,4066801.867110947,-65.58791169788182,-57.52329542475563,714560.0,2884000.0,80.72098054159747,169584800.0,629820800.0
2021-03-26,9867200.0,8.0,8.0,7.0,74.0,2021,3,26,4,1,12,0,0,1,3572800.0,5292000.0,4620000.0,0.0,3987200.0,3512969.463763285,6945120.0,3888367.3764279205,7368915.555555556,4001379.531210332,86.45501011810089,113.57573299226557,1096355.5555555555,4642400.0,47.04880340432915,179452000.0,639688000.0
2021-03-27,12745600.0,7.0,7.0,7.0,91.0,2021,3,27,5,1,12,1,0,1,9867200.0,7806400.0,11782400.0,4743200.0,4692800.0,4702550.887904703,6977226.666666667,3933402.4494843115,7457831.111111111,4031177.945883905,63.27115401834982,8.174904249142429,1593200.0,3360000.0,26.362036595998887,192197600.0,652433600.0
2021-03-28,7067200.0,6.0,6.0,5.0,65.0,2021,3,28,6,1,12,1,0,1,12745600.0,2055200.0,5325600.0,10388000.0,5408800.0,4614761.798114103,7035280.0,3921018.1160615347,7420933.333333333,4019236.5869121263,243.8690911497221,32.702412366228714,1009600.0,0.0,0.0,199264800.0,659500800.0
2021-03-29,6764800.0,5.0,4.0,5.0,41.0,2021,3,29,0,1,13,0,0,1,7067200.0,196000.0,4015200.0,4289600.0,6347200.0,4005776.016371024,7126933.333333333,3879910.126699374,7448435.555555556,4006015.9437579564,3351.4114723904468,68.47975979284723,1127466.6666666667,1120000.0,16.556288943311117,206029600.0,666265600.0
2021-03-30,11015200.0,5.0,5.0,4.0,61.0,2021,3,30,1,1,13,0,0,1,6764800.0,1842400.0,7778400.0,2598400.0,7657600.0,3780529.3456516527,7234826.666666667,3943140.5077795465,7541955.555555556,3989731.7608325197,497.87207019535924,41.61266563654921,1835866.6666666667,6944000.0,63.040156961275606,217044800.0,677280800.0
2021-03-31,9072000.0,6.0,6.0,6.0,70.0,2021,3,31,2,1,13,0,0,1,11015200.0,2570400.0,10315200.0,1495200.0,8586400.0,3050591.479259935,7193386.666666667,3916091.219019055,7626142.222222222,3940339.2246877663,252.94107806525128,-12.052116095459507,1296000.0,1612800.0,17.777775818146406,226116800.0,686352800.0
2021-04-01,7716800.0,4.0,4.0,4.0,59.0,2021,4,1,3,2,13,0,1,0,9072000.0,3572800.0,14722400.0,3589600.0,9178400.0,2198614.0119023444,6959866.666666667,3651590.6532428525,7672000.0,3916779.800931981,115.98742835103326,-47.58462970815698,1543360.0,0.0,0.0,7716800.0,7716800.0
2021-04-02,2564800.0,3.0,3.0,3.0,16.0,2021,4,2,4,2,13,0,1,0,7716800.0,9867200.0,5264000.0,12751200.0,8135200.0,3282550.260595155,6869893.333333333,3727285.718065083,7558817.777777778,3915535.0296822996,-74.00680294239471,-51.276586003688074,641200.0,0.0,0.0,10281600.0,10281600.0
2021-04-03,7336000.0,6.0,5.0,5.0,56.0,2021,4,3,5,2,13,1,1,0,2564800.0,12745600.0,6568800.0,10970400.0,7362400.0,2577246.944577356,6895466.666666667,3727780.5371740055,7518435.555555556,3898659.9339413224,-42.44287891955821,11.679452612432618,1048000.0,0.0,0.0,17617600.0,17617600.0
2021-04-04,4849600.0,6.0,6.0,5.0,41.0,2021,4,4,6,2,13,1,1,0,7336000.0,7067200.0,8674400.0,7504000.0,7045600.0,2750081.695756203,6767973.333333333,3730246.4297751915,7488942.222222222,3908797.4438819904,-31.378759426822583,-44.09295811895254,692800.0,0.0,0.0,22467200.0,22467200.0
2021-04-05,3612000.0,2.0,2.0,2.0,21.0,2021,4,5,0,2,14,0,1,0,4849600.0,6764800.0,8472800.0,2128000.0,6595200.0,3045992.864951149,6605946.666666667,3759097.327792416,7505431.111111111,3889008.6886755936,-46.6059533754208,-57.36945786877327,1204000.0,0.0,0.0,26079200.0,26079200.0
2021-04-06,10264800.0,5.0,5.0,5.0,61.0,2021,4,6,1,2,14,0,0,0,3612000.0,11015200.0,6664000.0,7649600.0,6488000.0,2872790.6432596124,6725973.333333333,3818038.918799971,7534488.888888889,3899852.955696527,-6.812404058718492,54.03360533709404,1710800.0,5017600.0,48.88161007700003,36344000.0,36344000.0
2021-04-07,9660000.0,7.0,5.0,7.0,77.0,2021,4,7,2,2,14,0,0,0,10264800.0,9072000.0,6641600.0,11032000.0,6572000.0,2967959.245003202,6826586.666666667,3855327.3339925203,7519244.444444444,3888693.2352080774,6.481480767032544,45.44687342705471,1207500.0,2856000.0,29.565214330723155,46004000.0,46004000.0
2021-04-08,4496800.0,4.0,4.0,4.0,46.0,2021,4,8,3,2,14,0,0,0,9660000.0,7716800.0,8523200.0,15327200.0,6112000.0,3010187.7150769145,6692373.333333333,3864301.3788847476,7398906.666666667,3811160.305928255,-41.727135376433836,-47.240467519186744,899360.0,0.0,0.0,50500800.0,50500800.0
2021-04-09,3612000.0,3.0,3.0,3.0,36.0,2021,4,9,4,2,14,0,0,0,4496800.0,2564800.0,2520000.0,5493600.0,6261600.0,2824833.078254355,6728773.333333333,3828622.607723018,7378000.0,3826858.1397241573,40.829678403899564,43.333316137572965,903000.0,0.0,0.0,54112800.0,54112800.0
2021-04-10,1674400.0,1.0,1.0,1.0,12.0,2021,4,10,5,2,14,1,0,0,3612000.0,7336000.0,952000.0,7257600.0,5452800.0,3245177.3942266963,6752853.333333333,3793144.29371195,7315964.444444444,3873797.3800449283,-77.17556199896919,75.88227323290627,837200.0,0.0,0.0,55787200.0,55787200.0
2021-04-11,7067200.0,4.0,4.0,4.0,39.0,2021,4,11,6,2,14,1,0,0,1674400.0,4849600.0,8243200.0,4138400.0,5769600.0,3284482.6929061403,6713653.333333333,3783275.1127992827,7348506.666666667,3859077.8791679177,45.72747324986117,-14.266302617150789,1413440.0,6070400.0,85.89539196635273,62854400.0,62854400.0
2021-04-12,7005600.0,4.0,4.0,3.0,46.0,2021,4,12,0,2,15,0,0,0,7067200.0,3612000.0,5140800.0,4228000.0,6254400.0,3161070.5022191415,6775813.333333333,3771843.9470894593,7379368.888888889,3844922.53120025,93.95346236061395,36.27450274772355,1401120.0,3724000.0,53.15746643292988,69860000.0,69860000.0
2021-04-13,4065600.0,2.0,2.0,2.0,28.0,2021,4,13,1,2,15,0,0,0,7005600.0,10264800.0,6378400.0,19992000.0,5368800.0,2682403.34029019,6698720.0,3803747.759721482,7202408.888888889,3617699.110588326,-60.392792807186424,-36.259871400371345,1355200.0,2856000.0,70.24791660568758,73925600.0,73925600.0
2021-04-14,1024800.0,3.0,3.0,3.0,11.0,2021,4,14,2,2,15,0,0,0,4065600.0,9660000.0,10214400.0,9990400.0,4135200.0,2344329.3966505574,6392400.0,3880120.9437246956,7102791.111111111,3663218.7818250237,-89.39129509406884,-89.96709645528897,256200.0,0.0,0.0,74950400.0,74950400.0
2021-04-15,7980000.0,3.0,3.0,3.0,50.0,2021,4,15,3,2,15,0,0,0,1024800.0,4496800.0,16340800.0,18306400.0,4632800.0,2765675.748649258,6113706.666666667,3413080.9702685326,6988053.333333333,3464701.795271464,77.45950954912169,-51.16517850012371,1995000.0,0.0,0.0,82930400.0,82930400.0
2021-04-16,3192000.0,3.0,3.0,3.0,30.0,2021,4,16,4,2,15,0,0,0,7980000.0,3612000.0,10231200.0,9632000.0,4572800.0,2795903.136138059,5879066.666666667,3361831.757399151,6916497.777777778,3475967.0198257575,-11.627903757501729,-68.8013069042432,798000.0,1008000.0,31.578937475270212,86122400.0,86122400.0
2021-04-17,12196800.0,7.0,7.0,7.0,90.0,2021,4,17,5,2,15,1,0,0,3192000.0,1674400.0,10382400.0,4429600.0,6076000.0,3669918.887387019,5939546.666666667,3460513.6086538015,7002800.0,3509786.4186755163,628.4277183303163,17.475726472132987,1524600.0,4844000.0,39.71533191367146,98319200.0,98319200.0
2021-04-18,5896800.0,3.0,3.0,3.0,34.0,2021,4,18,6,2,15,1,0,0,12196800.0,7067200.0,5292000.0,7548800.0,5908800.0,3643802.321751274,5959706.666666667,3458372.132798831,6984444.444444444,3511218.392431724,-16.56101191971192,11.42856926897784,1474200.0,3136000.0,53.181377496035566,104216000.0,104216000.0
2021-04-19,6204800.0,5.0,5.0,4.0,46.0,2021,4,19,0,2,16,0,0,0,5896800.0,7005600.0,7806400.0,3746400.0,5794400.0,3616093.8040930266,5906320.0,3441201.1077128476,7011760.0,3495271.3167518014,-11.430853684073643,-20.516496654476242,1034133.3333333334,2016000.0,32.49096949281694,110420800.0,110420800.0
2021-04-20,4659200.0,4.0,4.0,3.0,29.0,2021,4,20,1,2,16,0,0,0,6204800.0,4065600.0,2055200.0,3444000.0,5879200.0,3575527.9032146623,5993120.0,3372874.772448672,7025262.222222222,3483662.091695836,14.60054737294683,126.70293562527462,931840.0,392000.0,8.413459732688072,115080000.0,115080000.0
2021-04-21,9072000.0,5.0,5.0,4.0,71.0,2021,4,21,2,2,16,0,0,0,4659200.0,1024800.0,196000.0,6210400.0,7028800.0,3002335.482031721,6288986.666666667,3233227.4465610045,7057057.777777778,3489195.8259934112,785.2451353970185,4528.548323733043,1512000.0,0.0,0.0,124152000.0,124152000.0
2021-04-22,9979200.0,8.0,8.0,8.0,85.0,2021,4,22,3,2,16,0,0,0,9072000.0,7980000.0,1842400.0,6781600.0,7314400.0,3196696.661659759,6560213.333333333,3188328.1546737067,7092586.666666667,3502613.501892616,25.052628439520248,441.6410976763474,1108800.0,0.0,0.0,134131200.0,134131200.0
2021-04-23,12908000.0,6.0,5.0,5.0,84.0,2021,4,23,4,2,16,0,0,0,9979200.0,3192000.0,2570400.0,4424000.0,8702400.0,3217700.7443203893,6904800.0,3298961.3947631936,7186853.333333333,3543908.745724483,304.385869553299,402.1784927721394,1844000.0,8792000.0,68.11279298785303,147039200.0,147039200.0
2021-04-24,9788800.0,6.0,6.0,5.0,64.0,2021,4,24,5,2,16,1,0,0,12908000.0,12196800.0,3572800.0,11933600.0,8358400.0,2894324.0454378957,7112000.0,3277606.9857601034,7163022.222222222,3518752.5691140457,-19.742881760553445,173.98114252654992,1398400.0,3584000.0,36.61326857089035,156828000.0,156828000.0
2021-04-25,5930400.0,5.0,5.0,3.0,62.0,2021,4,25,6,2,16,1,0,1,9788800.0,5896800.0,9867200.0,11676000.0,8363200.0,2889585.27128029,6980773.333333333,3242109.559183204,7099182.222222222,3487940.2798263994,0.5698004731718096,-39.89783931633703,988400.0,0.0,0.0,162758400.0,162758400.0
2021-04-26,10203200.0,6.0,6.0,6.0,61.0,2021,4,26,0,2,17,0,0,1,5930400.0,6204800.0,12745600.0,11267200.0,8934400.0,2785116.4428080902,6896026.666666667,3117040.5096139987,7087360.0,3475435.0039522587,64.44042282742025,-19.94727435763916,1457600.0,5936000.0,58.17782086229606,172961600.0,172961600.0
2021-04-27,3847200.0,4.0,4.0,4.0,22.0,2021,4,27,1,2,17,0,0,1,10203200.0,4659200.0,7067200.0,9408000.0,8818400.0,3001369.6429019407,6788693.333333333,3165997.88168763,7025573.333333333,3483136.5773336473,-17.427880874853866,-45.56259260207825,769440.0,2856000.0,74.2357885642055,176808800.0,176808800.0
2021-04-28,2688000.0,2.0,2.0,2.0,19.0,2021,4,28,2,2,17,0,0,1,3847200.0,9072000.0,6764800.0,2917600.0,7906400.0,3780313.0734548056,6652800.0,3253347.559795537,7023022.222222222,3486261.815697513,-70.37036261349618,-60.26489175365247,896000.0,0.0,0.0,179496800.0,179496800.0
2021-04-29,10208800.0,7.0,7.0,7.0,74.0,2021,4,29,3,2,17,0,0,1,2688000.0,9979200.0,11015200.0,8724800.0,7939200.0,3802227.782059704,6625920.0,3219213.6875008917,7039511.111111111,3497891.133158053,2.3007854035608664,-7.320792421309425,1276100.0,3528000.0,34.55841680134621,189705600.0,189705600.0
2021-04-30,9055200.0,7.0,7.0,6.0,66.0,2021,4,30,4,2,17,0,0,1,10208800.0,12908000.0,9072000.0,10141600.0,7388800.0,3193157.2171337446,6625360.0,3218774.9369747085,7027440.0,3488928.7237962238,-29.848153869836235,-0.18518516477235838,1131900.0,672000.0,7.42114945874752,198760800.0,198760800.0
2021-05-01,1058400.0,1.0,1.0,1.0,6.0,2021,5,1,5,2,17,1,1,0,9055200.0,9788800.0,7716800.0,12504800.0,6141600.0,3755061.6364226723,6403413.333333333,3367065.863957798,6900257.777777778,3495640.4491070327,-89.1876339094032,-86.28445906535622,529200.0,0.0,0.0,1058400.0,199819200.0
2021-05-02,1646400.0,2.0,2.0,1.0,6.0,2021,5,2,6,2,17,1,1,0,1058400.0,5930400.0,2564800.0,5376000.0,5529600.0,4126001.635158827,6372800.0,3407106.931714636,6858817.777777778,3535789.4029060723,-72.23794815898621,-35.807846300746135,548800.0,0.0,0.0,2704800.0,201465600.0
2021-05-03,8450400.0,6.0,6.0,6.0,57.0,2021,5,3,0,2,18,0,1,0,1646400.0,10203200.0,7336000.0,1965600.0,5279200.0,3838249.8511691475,6409946.666666667,3424003.6202580477,6930871.111111111,3500855.591643004,-17.1789225753761,15.190837623931621,1207200.0,4457600.0,52.75015943030395,11155200.0,209916000.0
2021-05-04,7526400.0,3.0,3.0,3.0,49.0,2021,5,4,1,2,18,0,1,0,8450400.0,3847200.0,4849600.0,7851200.0,5804800.0,3861313.848937947,6499173.333333333,3416810.2050297423,6927262.222222222,3500063.524257483,95.63316291506474,55.19629346826677,1881600.0,5432000.0,72.17260945835865,18681600.0,217442400.0
2021-05-05,8276800.0,7.0,7.0,6.0,67.0,2021,5,5,2,2,18,0,1,0,7526400.0,2688000.0,3612000.0,7408800.0,6603200.0,3683130.7262526876,6654666.666666667,3386901.7921819114,6936906.666666667,3502600.2831540126,207.91658931674505,129.14725106665253,1034600.0,1792000.0,21.65087695113124,26958400.0,225719200.0
2021-05-06,8036000.0,6.0,6.0,5.0,60.0,2021,5,6,3,2,18,0,0,0,8276800.0,10208800.0,10264800.0,4709600.0,6292800.0,3410054.7170585576,6580373.333333333,3328929.8418077463,6973866.666666667,3496378.135002185,-21.283596379241793,-21.713036619024567,1148000.0,1344000.0,16.724736594731635,34994400.0,233755200.0
2021-05-07,5264000.0,5.0,5.0,5.0,36.0,2021,5,7,4,2,18,0,0,0,8036000.0,9055200.0,9660000.0,6451200.0,5751200.0,3192311.0959512256,6433840.0,3285160.053162789,6960675.555555556,3500609.174412367,-41.86765152976726,-45.507241665917014,877333.3333333334,3852800.0,73.19147545754645,40258400.0,239019200.0
2021-05-08,5689600.0,5.0,5.0,4.0,45.0,2021,5,8,5,2,18,1,0,0,5264000.0,1058400.0,4496800.0,8512000.0,6412800.0,2451615.8481023596,6473600.0,3268081.6062068543,6929315.555555556,3499197.4421081813,437.56572414425153,26.525523366499876,948266.6666666666,0.0,0.0,45948000.0,244708800.0
2021-05-09,8153600.0,8.0,8.0,5.0,60.0,2021,5,9,6,2,18,1,0,0,5689600.0,1646400.0,3612000.0,4659200.0,7342400.0,1311820.8820820977,6624986.666666667,3235985.5500011244,6968142.222222222,3493106.9130270993,395.23785517622986,125.73639929778535,905955.5555555555,1568000.0,19.230766872207752,54101600.0,252862400.0
2021-05-10,6154400.0,5.0,5.0,5.0,63.0,2021,5,10,0,2,19,0,0,0,8153600.0,8450400.0,1674400.0,16760800.0,7014400.0,1275136.3430368216,6774320.0,3100170.195817395,6850293.333333333,3334322.5533933314,-27.170308249277163,267.55836863451464,1025733.3333333334,336000.0,5.459507757131847,60256000.0,259016800.0
2021-05-11,7050400.0,5.0,5.0,5.0,39.0,2021,5,11,1,2,19,0,0,0,6154400.0,7526400.0,7067200.0,8859200.0,6946400.0,1255827.7588905196,6773760.0,3100116.9839551025,6830195.555555556,3327522.101730975,-6.324403921608749,-0.23771787444562564,1175066.6666666667,4480000.0,63.54248503028409,67306400.0,266067200.0
2021-05-12,2620800.0,2.0,2.0,2.0,21.0,2021,5,12,2,2,19,0,0,0,7050400.0,8276800.0,7005600.0,3136000.0,6138400.0,1907591.1232057349,6627600.0,3190846.1677440484,6824471.111111111,3334384.8344334643,-68.33558037700797,-62.58991912328435,873600.0,0.0,0.0,69927200.0,268688000.0
2021-05-13,5045600.0,6.0,6.0,4.0,38.0,2021,5,13,3,2,19,0,0,0,2620800.0,8036000.0,4065600.0,2016000.0,5711200.0,1739216.804579957,6660266.666666667,3168652.1957247453,6858133.333333333,3300415.164351094,-37.21253892327788,24.1046772666575,720800.0,0.0,0.0,74972800.0,273733600.0
2021-05-14,3315200.0,2.0,2.0,2.0,20.0,2021,5,14,4,2,19,0,0,0,5045600.0,5264000.0,1024800.0,6294400.0,5432800.0,1964159.3961115566,6736613.333333333,3053694.5821734346,6825031.111111111,3321008.7916290453,-37.02126956282873,223.49704967110688,1105066.6666666667,1568000.0,47.29728303050101,78288000.0,277048800.0
2021-05-15,3113600.0,2.0,2.0,2.0,21.0,2021,5,15,5,2,19,1,0,0,3315200.0,5689600.0,7980000.0,12180000.0,5064800.0,2141351.099967802,6574400.0,3114024.381894668,6724293.333333333,3294147.937053073,-45.275582593577305,-60.982448498440036,1037866.6666666666,1568000.0,50.35969605610995,81401600.0,280162400.0
2021-05-16,6232800.0,6.0,6.0,4.0,39.0,2021,5,16,6,2,19,1,0,0,3113600.0,8153600.0,3192000.0,9564800.0,4790400.0,1770535.6176404117,6675760.0,3048940.6469607833,6687271.111111111,3280561.194291785,-23.557689418454498,95.26312805039848,890400.0,3108000.0,49.8652211100595,87634400.0,286395200.0
2021-05-17,14700000.0,10.0,10.0,9.0,116.0,2021,5,17,0,2,20,0,0,0,6232800.0,6154400.0,12196800.0,11132800.0,6011200.0,4177638.605719741,6759200.0,3233887.4379574955,6726906.666666667,3355567.2085306677,138.85348062305331,20.523414295273,1336363.6363636365,5236000.0,35.61904519598332,102334400.0,301095200.0
2021-05-18,6344800.0,4.0,4.0,4.0,43.0,2021,5,18,1,2,20,0,0,0,14700000.0,7050400.0,5896800.0,3662400.0,5910400.0,4156846.035156941,6774133.333333333,3230800.6605957183,6756711.111111111,3339918.3227732545,-10.007941392269744,7.597339642290795,1268960.0,3046400.0,48.01411423305475,108679200.0,307440000.0
2021-05-19,5460000.0,4.0,4.0,4.0,39.0,2021,5,19,2,2,20,0,0,0,6344800.0,2620800.0,6204800.0,5381600.0,6316000.0,3913779.6361062513,6749306.666666667,3238179.7218481386,6757582.222222222,3339565.8445735434,108.33329199737027,-12.003608173735145,1092000.0,0.0,0.0,114139200.0,312900000.0
2021-05-20,14358400.0,9.0,8.0,7.0,90.0,2021,5,20,3,2,20,0,0,0,5460000.0,5045600.0,4659200.0,8198400.0,7646400.0,4874808.692314669,7072613.333333333,3496216.520925925,6826026.666666667,3431292.1533989985,184.57266042241548,208.17303224308202,1435840.0,9077600.0,63.22152445805072,128497600.0,327258400.0
2021-05-21,7728000.0,8.0,7.0,5.0,64.0,2021,5,21,4,2,20,0,0,0,14358400.0,3315200.0,9072000.0,6339200.0,8276800.0,4491623.587672203,7027813.333333333,3478278.1229375154,6841457.777777778,3432200.9266822664,133.10806795726714,-14.814813181788669,858666.6666666666,5040000.0,65.21738286524548,136225600.0,334986400.0
2021-05-22,2464000.0,2.0,2.0,2.0,20.0,2021,5,22,5,2,20,1,0,0,7728000.0,3113600.0,9979200.0,6899200.0,8184000.0,4620927.422065833,6777306.666666667,3528647.506353098,6792177.777777778,3463064.3711965843,-20.86330265181698,-75.30863442874835,821333.3333333334,0.0,0.0,138689600.0,337450400.0
2021-05-23,12997600.0,10.0,9.0,8.0,122.0,2021,5,23,6,2,20,1,0,0,2464000.0,6232800.0,12908000.0,5796000.0,9150400.0,4846715.077245616,6780293.333333333,3534049.2761364975,6872195.555555556,3522478.633579624,108.53547225396736,0.6941431132520054,1181600.0,1008000.0,7.755277300788046,151687200.0,350448000.0
2021-05-24,2738400.0,3.0,3.0,3.0,19.0,2021,5,24,0,2,21,0,0,0,12997600.0,14700000.0,9788800.0,8411200.0,7441600.0,4669396.534885422,6545280.0,3561404.58366523,6809164.444444444,3545310.7620659266,-81.37142303595762,-72.02516426679836,684600.0,224000.0,8.179956113074747,154425600.0,353186400.0
2021-05-25,7823200.0,4.0,4.0,3.0,53.0,2021,5,25,1,2,21,0,0,1,2738400.0,6344800.0,5930400.0,4620000.0,7652800.0,4644889.561658058,6608373.333333333,3566897.8828739347,6844755.555555556,3539159.9797828984,23.300967201335393,31.916897356519396,1564640.0,0.0,0.0,162248800.0,361009600.0
2021-05-26,4944800.0,5.0,5.0,5.0,34.0,2021,5,26,2,2,21,0,0,1,7823200.0,5460000.0,10203200.0,11782400.0,7579200.0,4689295.748119681,6433093.333333333,3512946.7923896746,6768782.222222222,3505201.8686382566,-9.435895707711408,-51.536767726128296,824133.3333333334,672000.0,13.590031226736931,167193600.0,365954400.0
2021-05-27,12908000.0,13.0,12.0,8.0,100.0,2021,5,27,3,2,21,0,0,1,4944800.0,14358400.0,3847200.0,5325600.0,7372000.0,4360332.586703296,6735120.0,3668994.1711403755,6853031.111111111,3560806.5991814327,-10.101403352643516,235.51667822918532,922000.0,4816000.0,37.3101923372953,180101600.0,378862400.0
2021-05-28,12409600.0,8.0,8.0,7.0,97.0,2021,5,28,4,2,21,0,0,1,12908000.0,7728000.0,2688000.0,4015200.0,8040800.0,4764357.691581659,7059173.333333333,3728058.821399693,6946302.222222222,3595410.309381115,60.57970230593914,361.66653211810564,1378844.4444444445,2777600.0,22.382669676486778,192511200.0,391272000.0
2021-05-29,9111200.0,7.0,7.0,7.0,77.0,2021,5,29,5,2,21,1,0,1,12409600.0,2464000.0,10208800.0,7778400.0,8990400.0,4081002.7787297545,7022586.666666667,3701373.288830018,6961111.111111111,3601615.523043822,269.7726177870869,-10.75150744930771,1138900.0,2777600.0,30.485552892533047,201622400.0,400383200.0
2021-05-30,9536800.0,6.0,6.0,5.0,50.0,2021,5,30,6,2,21,1,0,1,9111200.0,12997600.0,9055200.0,10315200.0,8496000.0,3707141.3892647773,7038640.0,3711523.4483039873,6952462.222222222,3594397.9323191503,-26.626452066038958,5.318490445435723,1362400.0,3752000.0,39.34233292694269,211159200.0,409920000.0
2021-05-31,9408000.0,9.0,9.0,8.0,76.0,2021,5,31,0,2,22,0,0,1,9536800.0,2738400.0,1058400.0,14722400.0,9448800.0,2701369.252804951,7316960.0,3557476.4331106823,6893413.333333333,3507931.4808626142,243.5581932668006,788.8881435297208,940800.0,3360000.0,35.7142819181248,220567200.0,419328000.0
2021-06-01,8708000.0,6.0,6.0,4.0,76.0,2021,6,1,1,2,22,0,1,0,9408000.0,7823200.0,1646400.0,5264000.0,9575200.0,2632449.6069883867,7552346.666666667,3399447.48895477,6931680.0,3508741.6643628757,11.309948446933678,428.9113041112098,1244000.0,2867200.0,32.926041234951626,8708000.0,428036000.0
2021-06-02,851200.0,1.0,1.0,1.0,9.0,2021,6,2,2,2,22,0,1,0,8708000.0,4944800.0,8450400.0,6568800.0,8990400.0,3955004.8495545466,7299040.0,3607009.4237709427,6868151.111111111,3566668.700882196,-82.78594022287247,-89.92709340065636,425600.0,0.0,0.0,9559200.0,428887200.0
2021-06-03,6776000.0,4.0,4.0,4.0,48.0,2021,6,3,3,2,22,0,1,0,851200.0,12908000.0,7526400.0,8674400.0,8114400.0,3606399.9999999977,7274026.666666667,3607980.143585289,6847057.777777778,3561476.2965035737,-47.50541931318413,-9.970236770536143,1355200.0,4368000.0,64.46280040395507,16335200.0,435663200.0
2021-06-04,10068800.0,8.0,8.0,7.0,80.0,2021,6,4,4,2,22,0,1,0,6776000.0,12409600.0,8276800.0,8472800.0,7780000.0,3230709.379274669,7333760.0,3639847.77188315,6864791.111111111,3573614.8826305154,-18.862814364458615,21.65087695113124,1118755.5555555555,2352000.0,23.359285777919336,26404000.0,445732000.0
2021-06-05,6619200.0,5.0,5.0,5.0,66.0,2021,6,5,5,2,22,1,1,0,10068800.0,9111200.0,8036000.0,6664000.0,7424000.0,3196693.8587651234,7286533.333333333,3639613.5002585566,6864293.333333333,3573646.28559708,-27.350949671728237,-17.630659826946264,1103200.0,0.0,0.0,33023200.0,452351200.0
2021-06-06,13932800.0,9.0,9.0,8.0,100.0,2021,6,6,6,2,22,1,0,0,6619200.0,9536800.0,5264000.0,6641600.0,8052000.0,4009425.8807631447,7575493.333333333,3813470.1799092963,6945306.666666667,3650362.244139369,46.095121414403,164.68081977947952,1393280.0,10438400.0,74.91960877069873,46956000.0,466284000.0
2021-06-07,1920800.0,4.0,4.0,3.0,24.0,2021,6,7,0,2,23,0,0,0,13932800.0,9408000.0,5689600.0,8523200.0,6982400.0,4549680.2759461375,7449866.666666667,3937790.3432161557,6871946.666666667,3684479.182782766,-79.58332487422142,-66.24014583799462,384160.0,0.0,0.0,48876800.0,468204800.0
2021-06-08,5376000.0,4.0,4.0,3.0,40.0,2021,6,8,1,2,23,0,0,0,1920800.0,8708000.0,8153600.0,2520000.0,6506400.0,4513209.0814999165,7357280.0,3953296.7667243346,6903680.0,3658785.3570903055,-38.26366120077386,-34.065929887910876,1075200.0,3192000.0,59.374988955545206,54252800.0,473580800.0
2021-06-09,12196800.0,8.0,8.0,6.0,85.0,2021,6,9,2,2,23,0,0,0,5376000.0,851200.0,6154400.0,952000.0,8127200.0,4167828.24982028,7558693.333333333,4042810.212688206,7028622.222222222,3645232.209979108,1332.8931709431731,98.18014783242106,1355200.0,5628000.0,46.143246905479565,66449600.0,485777600.0
2021-06-10,3998400.0,2.0,2.0,2.0,28.0,2021,6,10,3,2,23,0,0,0,12196800.0,6776000.0,7050400.0,8243200.0,7730400.0,4441168.206677156,7456960.0,4094116.6974254535,6981457.777777778,3656783.34405913,-40.991729487643234,-43.288317926881035,1332800.0,0.0,0.0,70448000.0,489776000.0
2021-06-11,11155200.0,6.0,6.0,3.0,65.0,2021,6,11,4,2,23,0,0,0,3998400.0,10068800.0,2620800.0,5140800.0,7885600.0,4554052.800162362,7741440.0,4042671.632302166,7048284.444444444,3677664.0036883433,10.789765335515122,325.64090138854493,1593600.0,6720000.0,60.24095845516365,81603200.0,500931200.0
2021-06-12,4844000.0,6.0,6.0,6.0,50.0,2021,6,12,5,2,23,1,0,0,11155200.0,6619200.0,5045600.0,6378400.0,7632000.0,4683904.217637246,7734720.0,4047472.069158805,7031235.555555556,3684354.835914132,-26.81894687893599,-3.9955596964563784,692000.0,1176000.0,24.277451635538476,86447200.0,505775200.0
2021-06-13,5398400.0,3.0,3.0,3.0,40.0,2021,6,13,6,2,23,1,0,0,4844000.0,13932800.0,3315200.0,10214400.0,6412800.0,3797312.649756402,7804160.0,3986444.49254444,6977724.444444444,3672558.098952593,-61.25401489621506,62.837818883379924,1349600.0,1971200.0,36.514516057625215,91845600.0,511173600.0
2021-06-14,4592000.0,3.0,3.0,3.0,31.0,2021,6,14,0,2,24,0,0,0,5398400.0,1920800.0,3113600.0,16340800.0,6794400.0,3382194.0334640746,7853440.0,3935270.2850345396,6847182.222222222,3542510.0111370543,139.06698299303258,47.48199913861795,1148000.0,2150400.0,46.82925809467376,96437600.0,515765600.0
2021-06-15,13512800.0,10.0,9.0,8.0,89.0,2021,6,15,1,2,24,0,0,0,4592000.0,5376000.0,6232800.0,10231200.0,7956800.0,4129209.8227142664,8096106.666666667,4054539.739764958,6883644.444444444,3594242.8974809693,151.35413851299506,116.80141881635559,1228436.3636363635,7532000.0,55.739738933475,109950400.0,529278400.0
2021-06-16,151200.0,1.0,1.0,1.0,1.0,2021,6,16,2,2,24,0,0,0,13512800.0,12196800.0,14700000.0,10382400.0,6236000.0,4555655.193273519,7611146.666666667,4107159.5658223955,6769964.444444444,3643796.0720177446,-98.76032248128013,-98.97142183867878,75600.0,0.0,0.0,110101600.0,529429600.0
2021-06-17,2660000.0,3.0,3.0,3.0,25.0,2021,6,17,3,2,24,0,0,0,151200.0,3998400.0,6344800.0,5292000.0,6044800.0,4691285.9928453155,7488320.0,4200376.251652731,6740720.0,3666283.810195125,-33.473380984048376,-58.075895524540485,665000.0,0.0,0.0,112761600.0,532089600.0
2021-06-18,6350400.0,5.0,5.0,5.0,48.0,2021,6,18,4,2,24,0,0,0,2660000.0,11155200.0,5460000.0,7806400.0,5358400.0,4137796.798619606,7518000.0,4188679.3731478727,6724542.222222222,3664740.6087822826,-43.07228529544201,16.30768932093602,1058400.0,1344000.0,21.164017831314904,119112000.0,538440000.0
2021-06-19,3404800.0,4.0,4.0,4.0,25.0,2021,6,19,5,2,24,1,0,0,6350400.0,4844000.0,14358400.0,2055200.0,5152800.0,4202860.536983511,7152880.0,4046854.783349314,6739537.777777778,3648143.2949932218,-29.710976525397083,-76.28704616899891,680960.0,224000.0,6.578945436164991,122516800.0,541844800.0
2021-06-20,8064000.0,3.0,3.0,3.0,45.0,2021,6,20,6,2,24,1,0,0,3404800.0,5398400.0,7728000.0,196000.0,5533600.0,4347104.894064553,7164080.0,4048965.7637646073,6826960.0,3583271.0262859315,49.37758421428864,4.347825524349699,2016000.0,5712000.0,70.83332454943893,130580800.0,549908800.0
2021-06-21,9066400.0,5.0,5.0,4.0,70.0,2021,6,21,0,2,25,0,0,0,8064000.0,4592000.0,2464000.0,1842400.0,6172800.0,4511429.089176361,7384160.0,3963212.742869269,6907226.666666667,3551126.4042633274,97.4390031709488,267.9544367068033,1511066.6666666667,3696000.0,40.765900383184025,139647200.0,558975200.0
2021-06-22,3976000.0,2.0,2.0,2.0,31.0,2021,6,22,1,2,25,0,0,0,9066400.0,13512800.0,12997600.0,2570400.0,4810400.0,3164262.6439662045,7083440.0,3863607.7142198705,6922844.444444444,3534892.6205616747,-70.5760411923479,-69.409731842053,1325333.3333333333,0.0,0.0,143623200.0,562951200.0
2021-06-23,11099200.0,7.0,6.0,6.0,96.0,2021,6,23,2,2,25,0,0,0,3976000.0,151200.0,2738400.0,3572800.0,6374400.0,3183120.51505018,7362133.333333333,3840857.1648682165,7006471.111111111,3543765.216347475,7240.692852560498,305.31686192051495,1387400.0,4200000.0,37.84056167646662,154722400.0,574050400.0
2021-06-24,5840800.0,5.0,5.0,5.0,48.0,2021,6,24,3,2,25,0,0,0,11099200.0,2660000.0,7823200.0,9867200.0,6828800.0,2763938.716156104,7296053.333333333,3849694.1424171473,6961733.333333333,3532642.46361422,119.57890241394647,-25.3400110773071,973466.6666666666,0.0,0.0,160563200.0,579891200.0
2021-06-25,7011200.0,6.0,5.0,6.0,53.0,2021,6,25,4,2,25,0,0,1,5840800.0,6350400.0,4944800.0,12745600.0,6923200.0,2756149.7008205703,7364933.333333333,3824578.4995016833,6898017.777777778,3478448.9793803673,10.405642100396495,41.78934602221606,1001600.0,0.0,0.0,167574400.0,586902400.0
2021-06-26,6148800.0,4.0,4.0,3.0,41.0,2021,6,26,5,2,25,1,0,1,7011200.0,3404800.0,12908000.0,7067200.0,7315200.0,2335347.077702438,7139626.666666667,3683257.177622237,6887813.333333333,3479294.1018274445,80.59208159302115,-52.36442110594817,1229760.0,4435200.0,72.13113581005469,173723200.0,593051200.0
2021-06-27,2049600.0,2.0,2.0,2.0,23.0,2021,6,27,6,2,25,1,0,1,6148800.0,8064000.0,12409600.0,6764800.0,6456000.0,3019970.8961070008,6794293.333333333,3657694.8594410648,6835422.222222222,3516469.316180004,-74.58332408440921,-83.48374778528334,683200.0,0.0,0.0,175772800.0,595100800.0
2021-06-28,6809600.0,6.0,6.0,6.0,47.0,2021,6,28,0,2,26,0,0,1,2049600.0,9066400.0,9111200.0,11015200.0,6133600.0,2807863.890338464,6717573.333333333,3631466.01867367,6788693.333333333,3488130.9597103572,-24.891905840035093,-25.2612141911917,972800.0,3528000.0,51.80920291805643,182582400.0,601910400.0
2021-06-29,7632800.0,6.0,6.0,5.0,63.0,2021,6,29,1,2,26,0,0,1,6809600.0,3976000.0,9536800.0,9072000.0,6656000.0,2676647.415455882,6654106.666666667,3596969.8848291463,6772702.222222222,3480837.007083592,91.97180785417306,-19.964765962926144,1090400.0,168000.0,2.20102685763719,190215200.0,609543200.0
2021-06-30,6316800.0,7.0,7.0,5.0,62.0,2021,6,30,2,2,26,0,0,1,7632800.0,11099200.0,9408000.0,7716800.0,5972800.0,1829951.8682194864,6551066.666666667,3559440.6198779,6757146.666666667,3479698.5638272082,-43.08778622893666,-32.857139364674815,789600.0,3460800.0,54.7872253692969,196532000.0,615860000.0
2021-07-01,3164000.0,3.0,3.0,3.0,17.0,2021,7,1,3,3,26,0,1,0,6316800.0,5840800.0,8708000.0,2564800.0,5590400.0,2118988.286895421,6366266.666666667,3587402.4618083346,6763804.444444444,3472152.1828836408,-45.829330600374846,-63.66558754414474,791000.0,2105600.0,66.54865153329598,3164000.0,3164000.0
2021-07-02,4894400.0,5.0,5.0,5.0,35.0,2021,7,2,4,3,26,0,1,0,3164000.0,7011200.0,851200.0,7336000.0,5288000.0,2031677.9272315754,6501040.0,3446236.0870955996,6736675.555555556,3477166.0565450457,-30.191688984526333,474.9994419649413,815733.3333333334,2352000.0,48.054910090121346,8058400.0,8058400.0
2021-07-03,11250400.0,4.0,4.0,4.0,62.0,2021,7,3,5,3,26,1,1,0,4894400.0,6148800.0,6776000.0,4849600.0,6016800.0,3051160.4961609803,6650186.666666667,3553692.7245480483,6807795.555555556,3503494.701776113,82.96902111484825,66.0330481061027,2250080.0,8680000.0,77.15280548666665,19308800.0,19308800.0
2021-07-04,14252000.0,7.0,7.0,6.0,96.0,2021,7,4,6,3,26,1,1,0,11250400.0,2049600.0,10068800.0,3612000.0,7760000.0,3800572.363912219,6789626.666666667,3768062.5720455544,6926017.777777778,3573267.5888747657,595.3549007831281,41.54615827644225,1781500.0,5376000.0,37.72101896428438,33560800.0,33560800.0
2021-07-05,11978400.0,9.0,9.0,6.0,85.0,2021,7,5,0,3,27,0,1,0,14252000.0,6809600.0,6619200.0,10264800.0,8498400.0,4077194.6695409715,6968266.666666667,3884929.0004902994,6945057.777777778,3595752.714153649,75.9045941164541,80.96445477331781,1197840.0,5208000.0,43.478257239843614,45539200.0,45539200.0
2021-07-06,4620000.0,4.0,4.0,4.0,37.0,2021,7,6,1,3,27,0,0,0,11978400.0,7632800.0,13932800.0,9660000.0,8068000.0,4334687.845739296,6657840.0,3675671.260074535,6889057.777777778,3592239.8995543257,-39.47174831362694,-66.84083121548926,924000.0,1680000.0,36.363628492721105,50159200.0,50159200.0
2021-07-07,4855200.0,4.0,4.0,4.0,32.0,2021,7,7,2,3,27,0,0,0,4620000.0,6316800.0,1920800.0,4496800.0,7859200.0,4466305.569483573,6755653.333333333,3583146.1648161616,6893040.0,3589755.9306348534,-23.138294209363252,152.769599765931,971040.0,3315200.0,68.28141615558245,55014400.0,55014400.0
2021-07-08,8388800.0,4.0,4.0,4.0,55.0,2021,7,8,3,3,27,0,0,0,4855200.0,3164000.0,5376000.0,3612000.0,8605600.0,3958600.237457677,6856080.0,3585364.483794522,6946115.555555556,3575986.5194650507,165.1326911717158,56.04165624225145,1677760.0,4704000.0,56.074759670660924,63403200.0,63403200.0
2021-07-09,8960000.0,6.0,6.0,4.0,81.0,2021,7,9,4,3,27,0,0,0,8388800.0,4894400.0,12196800.0,1674400.0,9186400.0,3605883.8139906805,6748186.666666667,3465814.707796941,7027066.666666667,3537564.787225845,83.06634458435262,-26.538106180464858,1280000.0,1344000.0,14.999998325893044,72363200.0,72363200.0
2021-07-10,3192000.0,2.0,2.0,2.0,22.0,2021,7,10,5,3,27,1,0,0,8960000.0,11250400.0,3998400.0,7067200.0,8035200.0,4090849.4179082145,6721306.666666667,3490913.0163239837,6984008.888888889,3560579.6139583564,-71.62766909375053,-20.168062182857597,1064000.0,0.0,0.0,75555200.0,75555200.0
2021-07-11,4536000.0,3.0,3.0,3.0,40.0,2021,7,11,6,3,27,1,0,0,3192000.0,14252000.0,11155200.0,7005600.0,6647200.0,3175958.7570789773,6500666.666666667,3409234.0720696943,6956568.888888889,3569915.23393038,-68.17288323232647,-59.337344078336194,1134000.0,3192000.0,70.3703548566237,80091200.0,80091200.0
2021-07-12,3561600.0,5.0,5.0,5.0,31.0,2021,7,12,0,3,28,0,0,0,4536000.0,11978400.0,4844000.0,4065600.0,5444800.0,2291257.2153005092,6457920.0,3438635.3642908568,6950968.888888889,3574892.982499561,-70.26647379729565,-26.473982973991955,593600.0,1344000.0,37.735838461411035,83652800.0,83652800.0
2021-07-13,2721600.0,3.0,3.0,3.0,14.0,2021,7,13,1,3,28,0,0,0,3561600.0,4620000.0,5398400.0,1024800.0,5173600.0,2507317.1212805617,6368693.333333333,3501235.4689337206,6969822.222222222,3547658.8554998143,-41.09090019677485,-49.585053055525144,680400.0,0.0,0.0,86374400.0,86374400.0
2021-07-14,14828800.0,7.0,6.0,5.0,93.0,2021,7,14,2,3,28,0,0,0,2721600.0,4855200.0,4592000.0,7980000.0,6598400.0,4408910.637939185,6709920.0,3807544.873410485,7045920.0,3641776.1944697746,205.42094961671,222.9267807215199,1853600.0,10785600.0,72.73413406788588,101203200.0,101203200.0
2021-07-15,7392000.0,6.0,6.0,5.0,54.0,2021,7,15,3,3,28,0,0,0,14828800.0,8388800.0,13512800.0,3192000.0,6456000.0,4357240.76605061,6505893.333333333,3588111.554692737,7092586.666666667,3618672.834971657,-11.882508596878147,-45.296308293151064,1056000.0,1176000.0,15.909088756887343,108595200.0,108595200.0
2021-07-16,13361600.0,4.0,4.0,3.0,77.0,2021,7,16,4,3,28,0,0,0,7392000.0,8960000.0,151200.0,12196800.0,7084800.0,5042533.289263771,6946240.0,3591960.47839405,7105528.888888889,3639158.20002017,49.12499451729972,8736.97925278272,2672320.0,8960000.0,67.05783236604655,121956800.0,121956800.0
2021-07-17,15769600.0,13.0,12.0,11.0,124.0,2021,7,17,5,3,28,1,0,0,13361600.0,3192000.0,2660000.0,5896800.0,8881600.0,5630797.447372202,7383226.666666667,3841310.526274119,7215226.666666667,3749443.5879282393,394.03496427476057,492.84191998424063,1126400.0,2660000.0,16.86789665762628,137726400.0,137726400.0
2021-07-18,6977600.0,6.0,5.0,5.0,46.0,2021,7,18,6,3,28,1,0,0,15769600.0,4536000.0,6350400.0,6204800.0,9230400.0,5387092.9996303795,7404133.333333333,3837200.0371439396,7223813.333333333,3747988.2110783155,53.827148627171816,9.876541654613622,996800.0,672000.0,9.630817239334839,144704000.0,144704000.0
2021-07-19,8652000.0,5.0,5.0,4.0,47.0,2021,7,19,0,3,29,0,0,0,6977600.0,3561600.0,3404800.0,4659200.0,9957600.0,4806629.7992113605,7579040.0,3767573.780125564,7268177.777777778,3740914.5795694753,142.9244881725943,154.11179684216495,1442000.0,3584000.0,41.42394343227653,153356000.0,153356000.0
2021-07-20,6322400.0,5.0,5.0,4.0,41.0,2021,7,20,1,3,29,0,0,0,8652000.0,2721600.0,8064000.0,9072000.0,10472000.0,4033709.4524353934,7520986.666666667,3773257.1024507964,7237626.666666667,3737243.540509323,132.3044781362147,-21.597219543995593,1053733.3333333333,0.0,0.0,159678400.0,159678400.0
2021-07-21,8416800.0,9.0,9.0,7.0,77.0,2021,7,21,2,3,29,0,0,0,6322400.0,14828800.0,9066400.0,9979200.0,9556000.0,3582215.8058944433,7499333.333333333,3765939.5440175855,7220266.666666667,3727982.7785685086,-43.240178352922804,-7.164915824923253,841680.0,1338400.0,15.901528383527186,168095200.0,168095200.0
2021-07-22,10416000.0,7.0,7.0,6.0,64.0,2021,7,22,3,3,29,0,0,0,8416800.0,7392000.0,3976000.0,12908000.0,9988000.0,3457936.6795822005,7714000.0,3741645.0934738875,7192577.777777778,3694366.419529582,40.90908537485317,161.9717902485437,1302000.0,5577600.0,53.54838195580051,178511200.0,178511200.0
2021-07-23,6512800.0,4.0,4.0,4.0,56.0,2021,7,23,4,3,29,0,0,0,10416000.0,13361600.0,11099200.0,9788800.0,9009600.0,3310058.625865506,7561120.0,3691927.1938127074,7156177.777777778,3684624.948693468,-51.257330614796835,-41.32189335070155,1302560.0,1512000.0,23.215817587547967,185024000.0,185024000.0
2021-07-24,8276800.0,7.0,7.0,7.0,56.0,2021,7,24,5,3,29,1,0,0,6512800.0,15769600.0,5840800.0,5930400.0,7939200.0,1446722.2354918865,7642320.0,3679553.756152201,7182248.888888889,3684155.445525679,-47.51420153242939,41.70660839155452,1034600.0,1680000.0,20.29769714168554,193300800.0,193300800.0
2021-07-25,8036000.0,5.0,5.0,4.0,72.0,2021,7,25,6,3,29,1,0,1,8276800.0,6977600.0,7011200.0,10203200.0,8090400.0,1383395.3978044894,7676480.0,3678249.320307802,7158168.888888889,3671248.2631059303,15.16853715195237,14.61661133377862,1339333.3333333333,0.0,0.0,201336800.0,201336800.0
2021-07-26,12516000.0,10.0,10.0,9.0,82.0,2021,7,26,0,3,30,0,0,1,8036000.0,8652000.0,6148800.0,3847200.0,8642400.0,2184044.7858655835,7888720.0,3769623.583732792,7254488.888888889,3697032.7297771797,44.660189012923134,103.55189572731334,1137818.1818181819,2150400.0,17.181206680951846,213852800.0,213852800.0
2021-07-27,9676800.0,6.0,6.0,6.0,84.0,2021,7,27,1,3,30,0,0,1,12516000.0,6322400.0,2049600.0,2688000.0,9121600.0,1945099.167994606,8142960.0,3616316.306885814,7332142.222222222,3673360.8378042737,53.05579320261401,372.13096597825626,1382400.0,1512000.0,15.624998385313493,223529600.0,223529600.0
2021-07-28,4132800.0,4.0,4.0,3.0,36.0,2021,7,28,2,3,30,0,0,1,9676800.0,8416800.0,6809600.0,10208800.0,8509600.0,2722438.828207772,8053733.333333333,3682761.602977824,7264631.111111111,3675731.279917957,-50.898197545599565,-39.30920475369996,826560.0,0.0,0.0,227662400.0,227662400.0
2021-07-29,5118400.0,4.0,4.0,4.0,52.0,2021,7,29,3,3,30,0,0,1,4132800.0,10416000.0,7632800.0,9055200.0,7752800.0,2838036.0533298333,7969920.0,3721083.983557699,7220888.888888889,3677607.621854812,-50.86021017087076,-32.942035302636604,1023680.0,0.0,0.0,232780800.0,232780800.0
2021-07-30,7599200.0,5.0,5.0,4.0,52.0,2021,7,30,4,3,30,0,0,1,5118400.0,6512800.0,6316800.0,1058400.0,7908000.0,2788191.633777464,8012666.666666667,3708784.1842115116,7293564.444444444,3618613.707687404,16.680994859201135,20.30141522583979,1266533.3333333333,2520000.0,33.16138104519146,240380000.0,240380000.0
2021-07-31,6832000.0,5.0,5.0,5.0,52.0,2021,7,31,5,3,30,1,0,1,7599200.0,8276800.0,3164000.0,1646400.0,7701600.0,2809734.0135085103,8134933.333333333,3602361.5569687635,7351182.222222222,3568624.6563148014,-17.456019541849564,115.9291668997576,1138666.6666666667,0.0,0.0,247212000.0,247212000.0
2021-08-01,6972000.0,7.0,7.0,6.0,54.0,2021,8,1,6,3,30,1,1,0,6832000.0,8036000.0,4894400.0,8450400.0,7549600.0,2817398.2134823096,8204186.666666667,3557608.3197925887,7334755.555555556,3566910.202109469,-13.240416470829212,42.448503912940524,871500.0,1344000.0,19.277105668802974,6972000.0,254184000.0
2021-08-02,11368000.0,8.0,8.0,6.0,82.0,2021,8,2,0,3,31,0,1,0,6972000.0,12516000.0,11250400.0,7526400.0,7385600.0,2495100.9919440085,8208106.666666667,3561143.6069904803,7377440.0,3592126.00704887,-9.172258774987315,1.0452960743354838,1263111.111111111,3724000.0,32.75861780800336,18340000.0,265552000.0
2021-08-03,7750400.0,4.0,4.0,4.0,57.0,2021,8,3,1,3,31,0,1,0,11368000.0,9676800.0,14252000.0,8276800.0,7110400.0,2298786.2768571246,7991386.666666667,3373540.0005022148,7371591.111111111,3591073.569865949,-19.907405350177193,-45.61885730993143,1550080.0,3953600.0,51.011554111845314,26090400.0,273302400.0
2021-08-04,6899200.0,5.0,5.0,5.0,62.0,2021,8,4,2,3,31,0,1,0,7750400.0,4132800.0,11978400.0,8036000.0,7505600.0,1905768.9821521675,7822080.0,3293038.874750899,7358960.0,3590709.5951961526,66.93765318001036,-42.40298851240662,1149866.6666666667,0.0,0.0,32989600.0,280201600.0
2021-08-05,6529600.0,5.0,5.0,4.0,49.0,2021,8,5,3,3,31,0,1,0,6899200.0,5118400.0,4620000.0,5264000.0,7707200.0,1671381.0018464697,7885733.333333333,3247145.5990776224,7373022.222222222,3584886.461454966,27.571110587075925,41.333324386726325,1088266.6666666667,3304000.0,50.60033530379574,39519200.0,286731200.0
2021-08-06,8047200.0,5.0,4.0,5.0,55.0,2021,8,6,4,3,31,0,0,0,6529600.0,7599200.0,4855200.0,5689600.0,7771200.0,1675129.384057634,7992133.333333333,3196317.8821384674,7399217.777777778,3581058.817202627,5.89535663025626,65.7439310957466,1341200.0,4569600.0,56.78496162827299,47566400.0,294778400.0
2021-08-07,12157600.0,6.0,6.0,5.0,76.0,2021,8,7,5,3,31,1,0,0,8047200.0,6832000.0,8388800.0,8153600.0,8532000.0,2278268.441894701,8117760.0,3285271.7225152925,7443706.666666667,3615244.557559876,77.95080826246952,44.92656340280333,1736800.0,7308000.0,60.11054319022314,59724000.0,306936000.0
2021-08-08,6244000.0,3.0,3.0,3.0,33.0,2021,8,8,6,3,31,1,0,0,12157600.0,6972000.0,8960000.0,6154400.0,8428000.0,2375874.3850071933,8027226.666666667,3298657.0842184164,7444702.222222222,3614897.8430241477,-10.44176557060161,-30.312496616908856,1561000.0,6244000.0,99.9999839846278,65968000.0,313180000.0
2021-08-09,3718400.0,3.0,3.0,2.0,27.0,2021,8,9,0,3,32,0,0,0,6244000.0,11368000.0,3192000.0,7050400.0,7335200.0,2551010.3828352615,8044773.333333333,3273352.9787363713,7407680.0,3635982.4521893975,-67.29063447478585,16.491222903752224,929600.0,0.0,0.0,69686400.0,316898400.0
2021-08-10,4104800.0,4.0,4.0,4.0,23.0,2021,8,10,1,3,32,0,0,0,3718400.0,7750400.0,4536000.0,2620800.0,6814400.0,2811001.85224651,8030400.0,3290194.700034925,7424168.888888889,3617347.581241761,-47.03756618528512,-9.506170743789518,820960.0,0.0,0.0,73791200.0,321003200.0
2021-08-11,6081600.0,4.0,4.0,4.0,44.0,2021,8,11,2,3,32,0,0,0,4104800.0,6899200.0,3561600.0,5045600.0,6697600.0,2823847.776822724,8114400.0,3203188.1842077672,7435680.0,3611336.845664489,-11.850647632965035,70.75469711514569,1216320.0,336000.0,5.524860969997867,79872800.0,327084800.0
2021-08-12,14212800.0,8.0,8.0,8.0,99.0,2021,8,12,3,3,32,0,0,0,6081600.0,6529600.0,2721600.0,3315200.0,7795200.0,3997116.13374776,8497440.0,3223077.4715030226,7556764.444444444,3654068.9334503533,117.6672204013691,422.2220670847785,1579200.0,7560000.0,53.191485619196385,94085600.0,341297600.0
2021-08-13,2402400.0,2.0,2.0,2.0,28.0,2021,8,13,4,3,32,0,0,0,14212800.0,8047200.0,14828800.0,3113600.0,6988800.0,4478251.99231426,8083226.666666667,3179540.3908734014,7548862.222222222,3664539.6143102273,-70.14612907021957,-83.79908800448533,800800.0,0.0,0.0,96488000.0,343700000.0
2021-08-14,6932800.0,5.0,5.0,4.0,54.0,2021,8,14,5,3,32,1,0,0,2402400.0,12157600.0,7392000.0,6232800.0,6242400.0,3866852.666790738,8067920.0,3184084.8531406913,7556640.0,3662457.2252684887,-42.975583752090564,-6.212120371736963,1155466.6666666667,3500000.0,50.48464538359026,103420800.0,350632800.0
2021-08-15,3712800.0,3.0,3.0,3.0,27.0,2021,8,15,6,3,32,1,0,0,6932800.0,6244000.0,13361600.0,14700000.0,5880800.0,3983275.221891315,7746293.333333333,3117548.800042056,7434560.0,3604329.4300299166,-40.53811009959799,-72.21290322918638,928200.0,1344000.0,36.19908527281694,107133600.0,354345600.0
2021-08-16,5812800.0,3.0,3.0,3.0,43.0,2021,8,16,0,3,33,0,0,0,3712800.0,3718400.0,15769600.0,6344800.0,6180000.0,3870850.3527433486,7414400.0,2741221.450375724,7428648.888888889,3606572.2637032196,56.325286057098204,-63.139200541598996,1453200.0,4200000.0,72.25432282990593,112946400.0,360158400.0
2021-08-17,3074400.0,2.0,2.0,2.0,26.0,2021,8,17,1,3,33,0,0,0,5812800.0,4104800.0,6977600.0,5460000.0,6032800.0,3980944.5311383046,7284293.333333333,2853017.3354723477,7402142.222222222,3629894.6366910106,-25.10231312066042,-55.938996798469844,1024800.0,0.0,0.0,116020800.0,363232800.0
2021-08-18,2200800.0,3.0,3.0,3.0,19.0,2021,8,18,2,3,33,0,0,0,3074400.0,6081600.0,8652000.0,14358400.0,5478400.0,4235127.766667727,7069253.333333333,2986380.2704639076,7267057.777777778,3594155.926818862,-63.81214420347536,-74.56309817809776,550200.0,0.0,0.0,118221600.0,365433600.0
2021-08-19,7705600.0,4.0,4.0,3.0,53.0,2021,8,19,3,3,33,0,0,0,2200800.0,14212800.0,6322400.0,7728000.0,4548800.0,2244973.146090314,7115360.0,2985129.3445782308,7266808.888888889,3594124.424188641,-45.78407873296755,21.877764475869217,1541120.0,3024000.0,39.24418095356871,125927200.0,373139200.0
2021-08-20,13344800.0,8.0,8.0,6.0,90.0,2021,8,20,4,3,33,0,0,0,7705600.0,2402400.0,8416800.0,2464000.0,6112000.0,3783667.7514461163,7279626.666666667,3187916.785022764,7387706.666666667,3613702.9184897225,455.47766588508745,58.549560575330226,1482755.5555555555,5712000.0,42.80318604975825,139272000.0,386484000.0
2021-08-21,6624800.0,6.0,6.0,6.0,55.0,2021,8,21,5,3,33,1,0,0,13344800.0,6932800.0,10416000.0,12997600.0,6068000.0,3774311.1760072606,7153253.333333333,3133987.451918339,7316897.777777778,3564647.6009377735,-4.442648793755943,-36.39784596794873,946400.0,0.0,0.0,145896800.0,393108800.0
2021-08-22,6641600.0,5.0,5.0,5.0,45.0,2021,8,22,6,3,33,1,0,0,6624800.0,3712800.0,6512800.0,2738400.0,6486400.0,3629260.464612588,7157546.666666667,3133167.9396015657,7360266.666666667,3531911.5394778284,78.88383999034691,1.977643720420753,1106933.3333333333,2016000.0,30.354126964266598,152538400.0,399750400.0
2021-08-23,3236800.0,2.0,2.0,2.0,13.0,2021,8,23,0,3,34,0,0,0,6641600.0,5812800.0,8276800.0,7823200.0,6118400.0,3833783.6906464407,6989546.666666667,3205374.286578318,7309306.666666667,3558146.95658768,-44.31598466900897,-60.89309142505661,1078933.3333333333,2856000.0,88.23526685761651,155775200.0,402987200.0
2021-08-24,2626400.0,3.0,3.0,3.0,37.0,2021,8,24,1,3,34,0,0,0,3236800.0,3074400.0,8036000.0,4944800.0,6054400.0,3896298.250048796,6809226.666666667,3295372.044186997,7283546.666666667,3583757.7888661004,-14.571944258410014,-67.31706479379483,656600.0,0.0,0.0,158401600.0,405613600.0
2021-08-25,4440800.0,4.0,4.0,4.0,40.0,2021,8,25,2,3,34,0,0,1,2626400.0,2200800.0,12516000.0,12908000.0,6374400.0,3608404.8257736606,6540053.333333333,3139258.5599187245,7189466.666666667,3545380.9311506017,101.7811242361304,-64.51901050503271,888160.0,0.0,0.0,162842400.0,410054400.0
2021-08-26,2777600.0,3.0,3.0,3.0,30.0,2021,8,26,3,3,34,0,0,1,4440800.0,7705600.0,9676800.0,12409600.0,5670400.0,3781954.4576845416,6310080.0,3154217.9110867856,7082444.444444444,3531383.4490281465,-63.953480072482336,-71.29628892854157,694400.0,0.0,0.0,165620000.0,412832000.0
2021-08-27,2884000.0,2.0,2.0,2.0,13.0,2021,8,27,4,3,34,0,0,1,2777600.0,13344800.0,4132800.0,9111200.0,4176000.0,1782043.171942431,6268453.333333333,3191957.1386515363,7013253.333333333,3552131.4482206623,-78.38857994210629,-30.216794856563382,961333.3333333334,1344000.0,46.6019255887914,168504000.0,415716000.0
2021-08-28,13221600.0,7.0,7.0,7.0,87.0,2021,8,28,5,3,34,1,0,1,2884000.0,6624800.0,5118400.0,9536800.0,5118400.0,3844118.902080593,6538560.0,3425583.3554653684,7054195.555555556,3602424.5629388876,99.57733070019763,158.31506753769392,1652700.0,6428800.0,48.62346095605214,181725600.0,428937600.0
2021-08-29,7268800.0,4.0,4.0,4.0,55.0,2021,8,29,6,3,34,1,0,1,13221600.0,6641600.0,7599200.0,9408000.0,5208000.0,3892543.846894981,6527546.666666667,3422585.5968977525,7030426.666666667,3593766.4452634007,9.443506166660718,-4.347825514813992,1453760.0,3080000.0,42.37287552651393,188994400.0,436206400.0
2021-08-30,5174400.0,4.0,4.0,3.0,40.0,2021,8,30,0,3,35,0,0,1,7268800.0,3236800.0,6832000.0,8708000.0,5484800.0,3796721.336451576,6472293.333333333,3430871.0013974407,6991164.444444444,3594535.243866135,59.8615732014418,-24.262291530695034,1034880.0,0.0,0.0,194168800.0,441380800.0
2021-08-31,7324800.0,4.0,4.0,4.0,60.0,2021,8,31,1,3,35,0,0,1,5174400.0,2626400.0,6972000.0,851200.0,6156000.0,3618290.1302502872,6484053.333333333,3433246.733977593,7063093.333333333,3534560.2726617446,178.89118988303767,5.06024023806078,1464960.0,0.0,0.0,201493600.0,448705600.0
2021-09-01,4183200.0,4.0,4.0,4.0,35.0,2021,9,1,2,3,35,0,1,0,7324800.0,4440800.0,11368000.0,6776000.0,6119200.0,3639887.588007809,6244560.0,3329847.2071811957,7034284.444444444,3547469.457182537,-5.800755314187688,-63.201964883711746,836640.0,1870400.0,44.712171373070525,4183200.0,452888800.0
2021-09-02,11452000.0,9.0,9.0,8.0,97.0,2021,9,2,3,3,35,0,1,0,4183200.0,2777600.0,7750400.0,10068800.0,7358400.0,3786287.5115342173,6367946.666666667,3453842.1356146433,7049653.333333333,3563722.7848152346,312.2982746621995,47.760109444659705,1145200.0,980000.0,8.557456465468348,15635200.0,464340800.0
2021-09-03,13176800.0,7.0,7.0,6.0,84.0,2021,9,3,4,3,35,0,1,0,11452000.0,2884000.0,6899200.0,6619200.0,8828800.0,3757544.162526012,6577200.0,3670508.6762012914,7122515.555555556,3621393.2427184717,356.89308013416087,90.99024655173838,1647100.0,6552000.0,49.72375313249399,28812000.0,477517600.0
2021-09-04,14515200.0,7.0,7.0,6.0,73.0,2021,9,4,5,3,35,1,1,0,13176800.0,13221600.0,6529600.0,13932800.0,9013600.0,4031422.9216659106,6843386.666666667,3946147.41110376,7128986.666666667,3634197.0705625485,9.783989094815372,122.29843753086904,1814400.0,12863200.0,88.61882105525098,43327200.0,492032800.0
2021-09-05,5471200.0,4.0,4.0,4.0,54.0,2021,9,5,6,3,35,1,1,0,14515200.0,7268800.0,8047200.0,1920800.0,8756800.0,4214199.640896632,6757520.0,3947075.912394755,7168435.555555556,3596097.372614979,-24.730350989110857,-32.01113032966369,1094240.0,1372000.0,25.076761025595662,48798400.0,497504000.0
2021-09-06,5874400.0,6.0,6.0,5.0,46.0,2021,9,6,0,3,36,0,0,0,5471200.0,5174400.0,12157600.0,5376000.0,8856800.0,4122327.653159071,6548080.0,3815150.934818735,7173973.333333333,3593689.0604990544,13.528135913702863,-51.68124862791599,839200.0,2688000.0,45.757856843616906,54672800.0,503378400.0
2021-09-07,2587200.0,4.0,4.0,4.0,14.0,2021,9,7,1,3,36,0,0,0,5874400.0,7324800.0,6244000.0,12196800.0,8180000.0,4755978.065550762,6426186.666666667,3883014.6890886407,7067200.0,3585525.124939588,-64.67889025244509,-58.56501304211835,517440.0,2385600.0,92.20775656781208,57260000.0,505965600.0
2021-09-08,5023200.0,6.0,6.0,5.0,34.0,2021,9,8,2,3,36,0,0,0,2587200.0,4183200.0,3718400.0,3998400.0,8300000.0,4647690.11015149,6469680.0,3858871.5611941656,7078586.666666667,3577287.719381259,20.080316484911915,35.090352008833904,717600.0,1792000.0,35.67446335513948,62283200.0,510988800.0
2021-09-09,7896000.0,6.0,6.0,5.0,68.0,2021,9,9,3,3,36,0,0,0,5023200.0,11452000.0,4104800.0,11155200.0,7792000.0,4435234.006603632,6596053.333333333,3840790.268873224,7042373.333333333,3551962.968629722,-31.051342031842292,92.36014121025599,1128000.0,2520000.0,31.914889575115303,70179200.0,518884800.0
2021-09-10,3595200.0,2.0,2.0,2.0,31.0,2021,9,10,4,3,36,0,0,0,7896000.0,13176800.0,6081600.0,4844000.0,6423200.0,3948197.252755572,6513173.333333333,3878912.096232504,7028497.777777778,3563069.1127512823,-72.71567658948481,-40.88397117798422,1198400.0,0.0,0.0,73774400.0,522480000.0
2021-09-11,10684800.0,6.0,6.0,5.0,82.0,2021,9,11,5,3,36,1,0,0,3595200.0,14515200.0,14212800.0,5398400.0,5876000.0,2711529.241344568,6395573.333333333,3686116.2530485247,7087235.555555556,3579430.7649357882,-26.388887070871426,-24.822693288958313,1526400.0,5040000.0,47.16980690609025,84459200.0,533164800.0
2021-09-12,3421600.0,4.0,4.0,4.0,28.0,2021,9,12,6,3,36,1,0,0,10684800.0,5471200.0,2402400.0,4592000.0,5583200.0,2868636.0986829,6429546.666666667,3652588.106490814,7074231.111111111,3590706.407030955,-37.461610348440864,42.424224765141204,684320.0,504000.0,14.729946595175766,87880800.0,536586400.0
2021-09-13,5588800.0,5.0,5.0,5.0,32.0,2021,9,13,0,3,37,0,0,0,3421600.0,5874400.0,6932800.0,13512800.0,5542400.0,2865833.7890859353,6384746.666666667,3654444.5128838825,6986186.666666667,3527653.236391686,-4.861772289634296,-19.386103827298662,931466.6666666666,4211200.0,75.35068792036074,93469600.0,542175200.0
2021-09-14,924000.0,1.0,1.0,1.0,11.0,2021,9,14,1,3,37,0,0,0,5588800.0,2587200.0,3712800.0,151200.0,5304800.0,3201022.103433003,6291786.666666667,3758737.7950889147,6994773.333333333,3511733.8676263215,-64.2856894381225,-75.11310194109515,462000.0,0.0,0.0,94393600.0,543099200.0
2021-09-15,6983200.0,6.0,6.0,6.0,47.0,2021,9,15,2,3,37,0,0,0,924000.0,5023200.0,5812800.0,2660000.0,5584800.0,3257508.839588925,6330800.0,3759668.673589789,7042808.888888889,3481209.0437392937,39.01894429468381,20.134871295267118,997600.0,4816000.0,68.96550736546178,101376800.0,550082400.0
2021-09-16,4037600.0,3.0,3.0,3.0,38.0,2021,9,16,3,3,37,0,0,0,6983200.0,7896000.0,3074400.0,6350400.0,5033600.0,3124996.4095979347,6362906.666666667,3734932.246344182,7017111.111111111,3494887.239551305,-48.86524203834321,31.329680155581524,1009400.0,196000.0,4.854367729748432,105414400.0,554120000.0
2021-09-17,4401600.0,4.0,4.0,4.0,30.0,2021,9,17,4,3,37,0,0,0,4037600.0,3595200.0,2200800.0,3404800.0,5148800.0,3077638.3673199783,6436266.666666667,3671436.7614509338,7028186.666666667,3484876.0612204606,22.429900303209752,99.99995456199811,880320.0,0.0,0.0,109816000.0,558521600.0
2021-09-18,8192800.0,6.0,6.0,4.0,65.0,2021,9,18,5,3,37,1,0,0,4401600.0,10684800.0,7705600.0,8064000.0,4792800.0,2400091.5093665314,6452506.666666667,3678316.139394943,7029617.777777778,3485332.628124492,-23.322848970233512,6.322673598074958,1170400.0,2184000.0,26.65754971956477,118008800.0,566714400.0
2021-09-19,6339200.0,5.0,5.0,4.0,51.0,2021,9,19,6,3,37,1,0,0,8192800.0,3421600.0,13344800.0,9066400.0,5209600.0,2375490.944345326,6218986.666666667,3440346.124901741,6999315.555555556,3479275.607025543,85.27002417873972,-52.496848772791736,1056533.3333333333,1680000.0,26.50176260383604,124348000.0,573053600.0
2021-09-20,1064000.0,1.0,1.0,1.0,10.0,2021,9,20,0,3,38,0,0,0,6339200.0,5588800.0,6624800.0,3976000.0,4563200.0,2827693.976841668,6033626.666666667,3565263.0386041324,6966960.0,3520996.799516049,-80.96190936123865,-83.93912511485252,532000.0,0.0,0.0,125412000.0,574117600.0
2021-09-21,3948000.0,3.0,3.0,3.0,26.0,2021,9,21,1,3,38,0,0,0,1064000.0,924000.0,6641600.0,11099200.0,4995200.0,2373585.394854512,5943840.0,3583295.8877316383,6887502.222222222,3507361.018156017,327.2723730818473,-40.556486305033985,987000.0,0.0,0.0,129360000.0,578065600.0
2021-09-22,8506400.0,6.0,6.0,5.0,61.0,2021,9,22,2,3,38,0,0,0,3948000.0,6983200.0,3236800.0,5840800.0,5212800.0,2640971.376848548,6119493.333333333,3575169.629632091,6917120.0,3509676.8826978696,21.812346515587908,162.80271786866106,1215200.0,5191200.0,61.02698426749457,137866400.0,586572000.0
2021-09-23,4754400.0,4.0,4.0,4.0,35.0,2021,9,23,3,3,38,0,0,0,8506400.0,4037600.0,2626400.0,7011200.0,5315200.0,2601410.3251890084,6190426.666666667,3524222.2481615385,6892044.444444444,3517051.4787985925,17.753116268794265,81.02342330816961,950880.0,2548000.0,53.59245044749065,142620800.0,591326400.0
2021-09-24,19124000.0,9.0,9.0,7.0,114.0,2021,9,24,4,3,38,0,0,0,4754400.0,4401600.0,4440800.0,6148800.0,7418400.0,5766110.111100317,6679866.666666667,4223145.222203006,7036213.333333333,3744804.119543881,334.4782955111106,330.6430529086982,1912400.0,11928000.0,62.371885464762315,161744800.0,610450400.0
2021-09-25,4435200.0,3.0,3.0,2.0,33.0,2021,9,25,5,3,38,1,0,1,19124000.0,8192800.0,2777600.0,2049600.0,6881600.0,5856205.570162303,6735120.0,4180962.464874522,7062720.0,3717454.0884314254,-45.864656055969135,59.677397869600426,1108800.0,0.0,0.0,166180000.0,614885600.0
2021-09-26,7817600.0,5.0,5.0,4.0,61.0,2021,9,26,6,3,38,1,0,1,4435200.0,6339200.0,2884000.0,6809600.0,7092800.0,5860041.556166644,6899573.333333333,4120856.3622000995,7073920.0,3718201.2996862847,23.32155109137571,171.06790184885512,1302933.3333333333,3360000.0,42.97993719556678,173997600.0,622703200.0
2021-09-27,8030400.0,5.0,5.0,4.0,60.0,2021,9,27,0,3,39,0,0,1,7817600.0,1064000.0,13221600.0,7632800.0,8088000.0,5222391.299012357,6726533.333333333,3951755.2630256037,7078337.777777778,3719108.8868222134,654.7362267516667,-39.26302117270065,1338400.0,5588800.0,69.59552829304539,182028000.0,630733600.0
2021-09-28,3948000.0,3.0,3.0,3.0,26.0,2021,9,28,1,3,39,0,0,1,8030400.0,3948000.0,7268800.0,6316800.0,8088000.0,5222391.299012358,6615840.0,3982432.6477929135,7052017.777777778,3732915.1472153272,0.0,-45.68566397676866,987000.0,0.0,0.0,185976000.0,634681600.0
2021-09-29,8999200.0,5.0,5.0,5.0,62.0,2021,9,29,2,3,39,0,0,1,3948000.0,8506400.0,5174400.0,3164000.0,8158400.0,5232283.74358017,6743333.333333333,3995895.92537603,7116853.333333333,3715259.8274465567,5.79328437490779,73.91773463247243,1499866.6666666667,0.0,0.0,194975200.0,643680800.0
2021-09-30,7005600.0,4.0,4.0,4.0,47.0,2021,9,30,3,3,39,0,0,1,8999200.0,4754400.0,7324800.0,4894400.0,8480000.0,5054346.396254743,6732693.333333333,3994719.044881656,7140311.111111111,3707727.1294712,47.349813362398336,-4.357797570200201,1401120.0,3920000.0,55.95522782413671,201980800.0,650686400.0
2021-10-01,2016000.0,1.0,1.0,1.0,10.0,2021,10,1,4,4,39,0,1,0,7005600.0,19124000.0,4183200.0,11250400.0,6036000.0,2580539.7678263607,6660453.333333333,4061451.8738936204,7037706.666666667,3720460.652788017,-89.45826765016379,-51.80721653107273,1008000.0,2016000.0,99.99995039685,2016000.0,2016000.0
2021-10-02,5768000.0,5.0,5.0,5.0,39.0,2021,10,2,5,4,39,1,1,0,2016000.0,4435200.0,11452000.0,14252000.0,6226400.0,2490335.0243156697,6470986.666666667,3961569.583379043,6943440.0,3642275.2073425874,30.050498275049993,-49.633247499716425,961333.3333333334,0.0,0.0,7784000.0,7784000.0
2021-10-03,2217600.0,2.0,2.0,2.0,13.0,2021,10,3,6,4,39,1,1,0,5768000.0,7817600.0,13176800.0,11978400.0,5426400.0,2776963.90565908,6105680.0,3824814.0374357416,6834986.666666667,3635983.033643562,-71.63322865927796,-83.17041442759893,739200.0,0.0,0.0,10001600.0,10001600.0
2021-10-04,3298400.0,2.0,2.0,2.0,26.0,2021,10,4,0,4,40,0,1,0,2217600.0,8030400.0,14515200.0,4620000.0,4750400.0,2608253.1574472087,5731786.666666667,3509660.450393664,6820302.222222222,3647679.015205772,-58.92607355473282,-77.27622924408693,1099466.6666666667,0.0,0.0,13300000.0,13300000.0
2021-10-05,10511200.0,6.0,6.0,6.0,74.0,2021,10,5,1,4,40,0,1,0,3298400.0,3948000.0,5471200.0,4855200.0,5688000.0,3346819.927433602,5899786.666666667,3615779.3276170734,6883146.666666667,3662136.490537438,166.24109264410015,92.1187139715759,1501600.0,2744000.0,26.105484996433802,23811200.0,23811200.0
2021-10-06,10740800.0,7.0,7.0,6.0,77.0,2021,10,6,2,4,40,0,0,0,10511200.0,8999200.0,5874400.0,8388800.0,5936800.0,3681952.699315948,6062000.0,3722194.9164252607,6909280.0,3681343.3655530075,19.35282921228229,82.84078666063144,1342600.0,6524000.0,60.74034888087024,34552000.0,34552000.0
2021-10-07,3018400.0,2.0,2.0,2.0,27.0,2021,10,7,3,4,40,0,0,0,10740800.0,7005600.0,2587200.0,8960000.0,5367200.0,3795705.2502356744,6076373.333333333,3709123.8068358903,6843262.222222222,3697395.0171018257,-56.91446030112191,16.66666022469843,1006133.3333333334,0.0,0.0,37570400.0,37570400.0
2021-10-08,8075200.0,5.0,5.0,5.0,67.0,2021,10,8,4,4,40,0,0,0,3018400.0,2016000.0,5023200.0,3192000.0,6232800.0,3589385.953056594,6178106.666666667,3721077.0912820864,6897520.0,3678995.9021939086,300.5554064705325,60.75807040172193,1345866.6666666667,0.0,0.0,45645600.0,45645600.0
2021-10-09,5600000.0,3.0,2.0,3.0,27.0,2021,10,9,5,4,40,1,0,0,8075200.0,5768000.0,7896000.0,4536000.0,6208800.0,3593570.970497173,6101573.333333333,3708114.848399322,6909342.222222222,3673026.747011882,-2.9126208542612946,-29.07801050177172,1400000.0,5600000.0,99.99998214286033,51245600.0,51245600.0
2021-10-10,9032800.0,4.0,4.0,4.0,56.0,2021,10,10,6,4,40,1,0,0,5600000.0,2217600.0,3595200.0,3561600.0,7182400.0,3237605.4361209595,6282826.666666667,3714268.6452274187,6970133.333333333,3662257.0291304993,307.32309373958617,151.24606385011575,1806560.0,4928000.0,54.55672055655826,60278400.0,60278400.0
2021-10-11,5941600.0,5.0,5.0,5.0,43.0,2021,10,11,0,4,41,0,0,0,9032800.0,3298400.0,10684800.0,2721600.0,7560000.0,2838678.9791497476,6124720.0,3620188.0803112383,7005911.111111111,3635919.282562991,80.13579913418654,-44.392029388287156,990266.6666666666,1344000.0,22.62016584418913,66220000.0,66220000.0
2021-10-12,13837600.0,9.0,8.0,7.0,98.0,2021,10,12,1,4,41,0,0,0,5941600.0,10511200.0,3421600.0,14828800.0,8035200.0,3593201.10579225,6471920.0,3844531.7876800993,6994897.777777778,3613388.601802396,31.646240995676898,304.4188963002992,1383760.0,0.0,0.0,80057600.0,80057600.0
2021-10-13,6020000.0,5.0,5.0,4.0,49.0,2021,10,13,2,4,41,0,0,0,13837600.0,10740800.0,5588800.0,7392000.0,7360800.0,3440533.322999016,6486293.333333333,3841921.4315444943,6979653.333333333,3614588.403105558,-43.95202927602885,7.715429481207149,1003333.3333333334,4760000.0,79.06975430734978,86077600.0,86077600.0
2021-10-14,10141600.0,7.0,7.0,6.0,77.0,2021,10,14,3,4,41,0,0,0,6020000.0,3018400.0,924000.0,13361600.0,8378400.0,2962303.716141653,6793546.666666667,3749208.9725455516,6943875.555555556,3566322.8928127456,235.99250066508722,997.5746779494827,1267700.0,3052000.0,30.093867822250154,96219200.0,96219200.0
2021-10-15,13512800.0,8.0,8.0,6.0,77.0,2021,10,15,4,4,41,0,0,0,10141600.0,8075200.0,6983200.0,15769600.0,9155200.0,3528400.6121754334,7011200.0,3945017.2738575507,6918800.0,3511076.2374475095,67.33702356139494,93.50439719549817,1501422.2222222222,6518400.0,48.238703433877255,109732000.0,109732000.0
2021-10-16,6580000.0,6.0,6.0,4.0,69.0,2021,10,16,5,4,41,1,0,0,13512800.0,5600000.0,4037600.0,6977600.0,9295200.0,3380154.6631281003,7095946.666666667,3906051.2470580386,6914382.222222222,3511251.5554319257,17.49999687500056,62.96808426587967,940000.0,0.0,0.0,116312000.0,116312000.0
2021-10-17,7649600.0,5.0,5.0,4.0,63.0,2021,10,17,6,4,41,1,0,0,6580000.0,9032800.0,4401600.0,8652000.0,9097600.0,3437986.294329862,7204213.333333333,3873674.3312575533,6903244.444444444,3507265.414712504,-15.313079519852149,73.79133183584791,1274933.3333333333,0.0,0.0,123961600.0,123961600.0
2021-10-18,9212000.0,8.0,8.0,6.0,102.0,2021,10,18,0,4,42,0,0,0,7649600.0,5941600.0,8192800.0,6322400.0,9564800.0,3147573.643300499,7238186.666666667,3887089.639033944,6935351.111111111,3515105.841526483,55.042403554193555,12.440189869130228,1023555.5555555555,0.0,0.0,133173600.0,133173600.0
2021-10-19,11144000.0,7.0,7.0,7.0,77.0,2021,10,19,1,4,42,0,0,0,9212000.0,13837600.0,6339200.0,8416800.0,9180000.0,2665954.318188262,7398346.666666667,3947291.406533337,6965653.333333333,3539689.319040001,-19.465801911762018,75.79504104697105,1393000.0,6406400.0,57.48743202733022,144317600.0,144317600.0
2021-10-20,6596800.0,2.0,2.0,2.0,36.0,2021,10,20,2,4,42,0,0,0,11144000.0,6020000.0,1064000.0,10416000.0,9262400.0,2558764.95208137,7582773.333333333,3766230.657039338,6923217.777777778,3520702.389529038,9.58139375724356,519.9995112786548,2198933.3333333335,3724000.0,56.45160434580336,150914400.0,150914400.0
2021-10-21,4939200.0,4.0,4.0,3.0,40.0,2021,10,21,3,4,42,0,0,0,6596800.0,10141600.0,3948000.0,6512800.0,8519200.0,2981451.279718203,7615813.333333333,3737482.3770068474,6905733.333333333,3526665.840119417,-51.29762056306495,25.10637661945881,987840.0,2688000.0,54.42175768914851,155853600.0,155853600.0
2021-10-22,3214400.0,4.0,4.0,4.0,21.0,2021,10,22,4,4,42,0,0,0,4939200.0,13512800.0,8506400.0,8276800.0,7048000.0,2626409.665938145,7439413.333333333,3818016.486997991,6849484.444444444,3544876.7699508755,-76.21217836331638,-62.21197425327115,642880.0,2576000.0,80.13934789094453,159068000.0,159068000.0
2021-10-23,13182400.0,7.0,7.0,7.0,99.0,2021,10,23,5,4,42,1,0,0,3214400.0,6580000.0,4754400.0,8036000.0,7991200.0,3477849.4811209575,7720346.666666667,3922284.433208341,6906666.666666667,3605225.8958351035,100.34041028261242,177.267336095546,1647800.0,2856000.0,21.66524899371518,172250400.0,172250400.0
2021-10-24,11407200.0,5.0,5.0,4.0,58.0,2021,10,24,6,4,42,1,0,0,13182400.0,7649600.0,19124000.0,12516000.0,8528000.0,3699277.1329905316,7463120.0,3361597.277814056,6894346.666666667,3587693.8605006672,49.12151627254807,-40.35138881241431,1901200.0,8960000.0,78.54687578486606,183657600.0,183657600.0
2021-10-25,6260800.0,4.0,4.0,3.0,69.0,2021,10,25,0,4,43,0,0,1,11407200.0,9212000.0,4435200.0,9676800.0,8106400.0,3775712.33367515,7523973.333333333,3321175.1737053487,6856391.111111111,3575976.9352888553,-32.03647068644478,41.16160688095083,1252160.0,0.0,0.0,189918400.0,189918400.0
2021-10-26,828800.0,2.0,2.0,2.0,4.0,2021,10,26,1,4,43,0,0,1,6260800.0,11144000.0,7817600.0,4132800.0,6632800.0,4360275.049428265,7291013.333333333,3537907.768600873,6819680.0,3620928.5469741262,-92.5628057642852,-89.39826936677889,276266.6666666667,224000.0,27.026994417236466,190747200.0,190747200.0
2021-10-27,14772800.0,10.0,10.0,8.0,92.0,2021,10,27,2,4,43,0,0,1,828800.0,6596800.0,8030400.0,5118400.0,7800800.0,5335115.22899615,7515760.0,3791560.7611168977,6926951.111111111,3711827.620260249,123.93886066898183,83.96093794070806,1342981.8181818181,8008000.0,54.20772946173174,205520000.0,205520000.0
2021-10-28,9385600.0,7.0,7.0,7.0,70.0,2021,10,28,3,4,43,0,0,1,14772800.0,4939200.0,3948000.0,7599200.0,8436000.0,5200628.33126921,7697013.333333333,3744807.2747917618,6946800.0,3720229.6940081264,90.02265751079982,137.73046156776556,1173200.0,3864000.0,41.16944668753764,214905600.0,214905600.0
2021-10-29,9755200.0,7.0,6.0,5.0,69.0,2021,10,29,4,4,43,0,0,1,9385600.0,3214400.0,8999200.0,6832000.0,9370400.0,4666238.113655722,7722213.333333333,3756398.014581787,6979280.0,3731958.375046361,203.48425725352874,8.40074579954376,1219400.0,6339200.0,64.98277175426729,224660800.0,224660800.0
2021-10-30,2688000.0,2.0,2.0,2.0,28.0,2021,10,30,5,4,43,1,0,1,9755200.0,13182400.0,7005600.0,6972000.0,7871200.0,4916512.8238078095,7578293.333333333,3865914.86918893,6931680.0,3759272.8759993925,-79.60916983180833,-61.63068664629915,896000.0,0.0,0.0,227348800.0,227348800.0
2021-10-31,14481600.0,8.0,8.0,6.0,92.0,2021,10,31,6,4,43,1,0,1,2688000.0,11407200.0,2016000.0,11368000.0,8310400.0,5398709.811303683,7993813.333333333,3917029.421573347,6966275.555555556,3814479.2709339163,26.95139675368217,618.3330266205224,1609066.6666666667,9072000.0,62.64500727509341,241830400.0,241830400.0
2021-11-01,1008000.0,1.0,1.0,1.0,11.0,2021,11,1,0,4,44,0,1,0,14481600.0,6260800.0,5768000.0,7750400.0,7560000.0,6056111.104220814,7835146.666666667,4102322.9533532783,6891360.0,3864784.13929237,-83.8998077083108,-82.52425753740334,504000.0,0.0,0.0,1008000.0,242838400.0
2021-11-02,6260800.0,3.0,2.0,3.0,43.0,2021,11,2,1,4,44,0,1,0,1008000.0,828800.0,2217600.0,6899200.0,8336000.0,5357588.472437947,7969920.0,3975872.8216668265,6884266.666666667,3865355.3981694006,655.4046146179843,182.3231501068046,1565200.0,3360000.0,53.66725439764017,7268800.0,249099200.0
2021-11-03,2402400.0,4.0,4.0,4.0,25.0,2021,11,3,2,4,44,0,1,0,6260800.0,14772800.0,3298400.0,6529600.0,6568800.0,4901305.426108434,7940053.333333333,4015344.685829967,6838408.888888889,3893986.4551868374,-83.7376743922835,-27.164677672605603,480480.0,0.0,0.0,9671200.0,251501600.0
2021-11-04,6014400.0,4.0,4.0,3.0,31.0,2021,11,4,3,4,44,0,1,0,2402400.0,9385600.0,10511200.0,8047200.0,6087200.0,4741416.74467312,7790160.0,3999957.330255166,6815822.222222222,3892791.546521492,-35.91885058825748,-42.7810294941558,1202880.0,4928000.0,81.93667166522485,15685600.0,257516000.0
2021-11-05,5202400.0,4.0,4.0,4.0,38.0,2021,11,5,4,4,44,0,1,0,6014400.0,9755200.0,10740800.0,12157600.0,5436800.0,4458207.831255363,7605546.666666667,3986865.779612307,6738542.222222222,3854402.9394959514,-46.670488901253805,-51.56412450058426,1040480.0,2464000.0,47.36274654721925,20888000.0,262718400.0
2021-11-06,7280000.0,5.0,4.0,5.0,53.0,2021,11,6,5,4,44,1,0,0,5202400.0,2688000.0,3018400.0,6244000.0,6092800.0,4322091.222236443,7747600.0,3892594.8937561586,6750053.333333333,3854456.4005369777,170.8332697792895,141.18733726897122,1213333.3333333333,2688000.0,36.923071851226396,28168000.0,269998400.0
2021-11-07,6753600.0,3.0,3.0,3.0,40.0,2021,11,7,6,4,44,1,0,0,7280000.0,14481600.0,8075200.0,3718400.0,4988800.0,2366988.748036906,7703546.666666667,3896236.2411322817,6783777.777777778,3840887.3170105573,-53.36426545656106,-16.36615608701257,1688400.0,3192000.0,47.26367459374636,34921600.0,276752000.0
2021-11-08,18054400.0,9.0,8.0,7.0,117.0,2021,11,8,0,4,45,0,0,0,6753600.0,1008000.0,5600000.0,4104800.0,7424000.0,4949201.212316992,8118693.333333333,4306306.129942642,6938773.333333333,4009332.9971987843,1691.1094334231811,222.3999602857214,1805440.0,12152000.0,67.30768857964327,52976000.0,294806400.0
2021-11-09,1836800.0,2.0,2.0,2.0,14.0,2021,11,9,1,4,45,0,0,0,18054400.0,6260800.0,9032800.0,6081600.0,6792000.0,5385711.921990133,7878826.666666667,4451595.662691291,6891608.888888889,4044344.12742582,-70.66188495689289,-79.665211267247,612266.6666666666,0.0,0.0,54812800.0,296643200.0
2021-11-10,7940800.0,5.0,5.0,5.0,64.0,2021,11,10,2,4,45,0,0,0,1836800.0,2402400.0,5941600.0,14212800.0,7583200.0,5028328.559935861,7945466.666666667,4436533.988983097,6821920.0,3970129.9082472823,230.53603457541016,33.64749669323134,1323466.6666666667,0.0,0.0,62753600.0,304584000.0
2021-11-11,10063200.0,6.0,6.0,5.0,65.0,2021,11,11,3,4,45,0,0,0,7940800.0,6014400.0,13837600.0,2402400.0,8161600.0,5050610.01728174,7819653.333333333,4315548.754952003,6907040.0,3956410.747379189,67.31842456131541,-27.276404342053223,1437600.0,4032000.0,40.06677398175789,72816800.0,314647200.0
2021-11-12,6899200.0,6.0,6.0,5.0,53.0,2021,11,12,4,4,45,0,0,0,10063200.0,5202400.0,6020000.0,6932800.0,8404000.0,4924047.354226668,7848960.0,4305880.447561175,6906666.666666667,3956409.874587106,32.61570955410781,14.604648736769313,985600.0,0.0,0.0,79716000.0,321546400.0
2021-11-13,6910400.0,6.0,6.0,5.0,54.0,2021,11,13,5,4,45,1,0,0,6899200.0,7280000.0,10141600.0,3712800.0,8351200.0,4940064.17232273,7741253.333333333,4286925.8391253855,6942195.555555556,3941736.5733218645,-5.076922379543629,-31.860847217318057,987200.0,4748800.0,68.71960107669584,86626400.0,328456800.0
2021-11-14,10444000.0,7.0,7.0,7.0,80.0,2021,11,14,6,4,45,1,0,0,6910400.0,6753600.0,13512800.0,5812800.0,8878400.0,4938071.677622077,7638960.0,4179731.1916206847,6993653.333333333,3957026.676833069,54.64344132855938,-22.710317424196507,1305500.0,0.0,0.0,97070400.0,338900800.0
2021-11-15,3169600.0,4.0,3.0,4.0,23.0,2021,11,15,0,4,46,0,0,0,10444000.0,18054400.0,6580000.0,3074400.0,6752000.0,3241596.6765366304,7525280.0,4255222.026899051,6994711.111111111,3955979.810574484,-82.44416416806074,-51.829779357176385,633920.0,1176000.0,37.10246179250953,100240000.0,342070400.0
2021-11-16,5443200.0,4.0,4.0,3.0,33.0,2021,11,16,1,4,46,0,0,0,3169600.0,1836800.0,7649600.0,2200800.0,7267200.0,2541110.0986248753,7451733.333333333,4272033.549310767,7030737.777777778,3926485.8025253606,196.341356521474,-28.84333444319514,1088640.0,3785600.0,69.54731232596409,105683200.0,347513600.0
2021-11-17,5415200.0,3.0,3.0,3.0,44.0,2021,11,17,2,4,46,0,0,0,5443200.0,7940800.0,9212000.0,7705600.0,6906400.0,2607948.547549713,7325173.333333333,4274326.948504596,7005288.888888889,3929483.930676929,-31.805355656186325,-41.21580099698209,1353800.0,0.0,0.0,111098400.0,352928800.0
2021-11-18,4480000.0,2.0,2.0,1.0,34.0,2021,11,18,3,4,46,0,0,0,5415200.0,10063200.0,11144000.0,13344800.0,6108800.0,2319383.6882528355,7103040.0,4242061.6843130905,6906791.111111111,3879577.227506856,-55.4813523052953,-59.79898960884874,1493333.3333333333,0.0,0.0,115578400.0,357408800.0
2021-11-19,6428800.0,5.0,5.0,5.0,55.0,2021,11,19,4,4,46,0,0,0,4480000.0,6899200.0,6596800.0,6624800.0,6041600.0,2299394.888515961,7097440.0,4242863.836478437,6904613.333333333,3879792.3058971725,-6.818180829925089,-2.546688917855791,1071466.6666666667,0.0,0.0,122007200.0,363837600.0
2021-11-20,9475200.0,7.0,7.0,6.0,73.0,2021,11,20,5,4,46,1,0,0,6428800.0,6910400.0,4939200.0,6641600.0,6408000.0,2640023.7978725354,7248640.0,4244122.963020905,6936097.777777778,3889120.0695370575,37.1150675626494,91.83671610043811,1184400.0,3852800.0,40.661934242872526,131482400.0,373312800.0
2021-11-21,12135200.0,9.0,7.0,7.0,75.0,2021,11,21,6,4,46,1,0,0,9475200.0,10444000.0,3214400.0,3236800.0,6649600.0,3107015.8201506888,7546000.0,4264187.270261713,7034968.888888889,3907086.262586342,16.19302794015435,277.52604606581446,1213520.0,7677600.0,63.26718444960244,143617600.0,385448000.0
2021-11-22,8092000.0,5.0,5.0,4.0,45.0,2021,11,22,0,4,47,0,0,0,12135200.0,3169600.0,13182400.0,2626400.0,7352800.0,2721212.043679554,7376320.0,4131380.6290808883,7095697.777777778,3880176.742093415,155.30030436007561,-38.61512026526882,1348666.6666666667,6748000.0,83.39099315484513,151709600.0,393540000.0
2021-11-23,3276000.0,3.0,3.0,3.0,38.0,2021,11,23,1,4,47,0,0,0,8092000.0,5443200.0,11407200.0,4440800.0,7043200.0,3074972.381447784,7105280.0,4124533.9182790644,7082755.555555556,3891058.8977061566,-39.81480750021908,-71.28128977476595,819000.0,840000.0,25.64101781409713,154985600.0,396816000.0
2021-11-24,9116800.0,6.0,6.0,5.0,78.0,2021,11,24,2,4,47,0,0,0,3276000.0,5415200.0,6260800.0,2777600.0,7572000.0,3066614.7937641796,7200480.0,4137310.455239545,7153191.111111111,3869568.2032909202,68.35572677727014,45.61716623799415,1302400.0,3528000.0,38.69778445312122,164102400.0,405932800.0
2021-11-25,2469600.0,3.0,3.0,3.0,23.0,2021,11,25,3,4,47,0,0,1,9116800.0,4480000.0,828800.0,2884000.0,7284800.0,3471824.511694102,7255173.333333333,4060303.9423289387,7148586.666666667,3874948.051821421,-44.874989983261166,197.97273410625712,617400.0,0.0,0.0,166572000.0,408402400.0
2021-11-26,9872800.0,7.0,7.0,3.0,80.0,2021,11,26,4,4,47,0,0,1,2469600.0,6428800.0,14772800.0,13221600.0,7776800.0,3572859.5606320696,7091840.0,3840047.1456875918,7111377.777777778,3831815.4177172603,53.57142023839282,-33.169065230080605,1234100.0,0.0,0.0,176444800.0,418275200.0
2021-11-27,4592000.0,3.0,3.0,3.0,36.0,2021,11,27,5,4,47,1,0,1,9872800.0,9475200.0,9385600.0,7268800.0,7079200.0,3661598.485179206,6932053.333333333,3841043.375109325,7081635.555555556,3840957.4310367233,-51.536637586896575,-51.0739802384525,1148000.0,2352000.0,51.21950104104942,181036800.0,422867200.0
2021-11-28,4138400.0,4.0,4.0,4.0,34.0,2021,11,28,6,4,47,1,0,1,4592000.0,12135200.0,9755200.0,5174400.0,5936800.0,3010909.19601815,6744826.666666667,3835575.482508845,7070124.444444444,3848282.9490890754,-65.89754879214608,-57.577491227500076,827680.0,2688000.0,64.95262300584211,185175200.0,427005600.0
2021-11-29,4032000.0,3.0,3.0,3.0,28.0,2021,11,29,0,4,48,0,0,1,4138400.0,8092000.0,2688000.0,7324800.0,5356800.0,2916105.31131279,6789626.666666667,3794182.9973256923,7033537.777777778,3861464.668457791,-50.17300418030102,49.999981398816445,1008000.0,4032000.0,99.99997519841884,189207200.0,431037600.0
2021-11-30,11715200.0,7.0,7.0,7.0,79.0,2021,11,30,1,4,48,0,0,1,4032000.0,3276000.0,14481600.0,4183200.0,6562400.0,3581136.7729628338,6697413.333333333,3630895.3670840776,7117226.666666667,3880568.3099604994,257.60675897229584,-19.10286024314577,1464400.0,3808000.0,32.50477734014124,200922400.0,442752800.0
2021-12-01,4480000.0,5.0,4.0,3.0,35.0,2021,12,1,2,4,48,0,1,0,11715200.0,9116800.0,1008000.0,11452000.0,5900000.0,3456570.014720758,6813146.666666667,3496127.4414289617,7039760.0,3862610.6520290864,-50.85994528124503,344.4441027340251,746666.6666666666,0.0,0.0,4480000.0,447232800.0
2021-12-02,15080800.0,8.0,8.0,5.0,90.0,2021,12,2,3,4,48,0,1,0,4480000.0,2469600.0,6260800.0,13176800.0,7701600.0,4499747.477359145,7107146.666666667,3805260.561628471,7060915.555555556,3901618.0992428767,510.6573895945134,140.87654279380547,1675644.4444444445,8915200.0,59.11622333588249,19560800.0,462313600.0
2021-12-03,8736000.0,5.0,5.0,5.0,59.0,2021,12,3,4,4,48,0,1,0,15080800.0,9872800.0,2402400.0,14515200.0,7539200.0,4428273.210481333,7318266.666666667,3709733.714147826,6996702.222222222,3824348.320984864,-11.51446281556774,263.6362538976632,1456000.0,4312000.0,49.35896870890926,28296800.0,471049600.0
2021-12-04,7632800.0,7.0,7.0,7.0,53.0,2021,12,4,5,4,48,1,1,0,8736000.0,4592000.0,6014400.0,5471200.0,7973600.0,4235946.792237439,7372213.333333333,3701878.173420965,7020720.0,3821446.743016038,66.21949777449962,26.90874785369316,954100.0,1433600.0,18.78209585183735,35929600.0,478682400.0
2021-12-05,9548000.0,4.0,4.0,4.0,53.0,2021,12,5,6,4,48,1,1,0,7632800.0,4138400.0,5202400.0,5874400.0,8746400.0,3899763.0013459343,7517066.666666667,3699066.2446486163,7061537.777777778,3828677.5082464614,130.71715379925726,83.5306620923685,1909600.0,4480000.0,46.92081620016587,45477600.0,488230400.0
2021-12-06,2654400.0,3.0,3.0,3.0,29.0,2021,12,6,0,4,49,0,0,0,9548000.0,4032000.0,7280000.0,2587200.0,8549600.0,4200489.9269807385,7362880.0,3804198.0533670103,7062284.444444444,3827801.573406504,-34.16665819279311,-63.53845281065209,663600.0,537600.0,20.25315692693003,48132000.0,490884800.0
2021-12-07,5448800.0,2.0,2.0,2.0,28.0,2021,12,7,1,4,49,0,0,0,2654400.0,11715200.0,6753600.0,5023200.0,7654400.0,4079398.439312671,7319386.666666667,3818834.865075029,7067013.333333333,3825516.384125613,-53.489479181791246,-19.320063474285792,1816266.6666666667,0.0,0.0,53580800.0,496333600.0
2021-12-08,6748000.0,4.0,4.0,3.0,40.0,2021,12,8,2,4,49,0,0,0,5448800.0,4480000.0,18054400.0,7896000.0,7978400.0,3869945.377736829,6942506.666666667,3236357.6136456663,7054257.777777778,3824635.0139435097,50.62498869977931,-62.624066010276394,1349600.0,3024000.0,44.81327136732789,60328800.0,503081600.0
2021-12-09,7772800.0,6.0,6.0,5.0,60.0,2021,12,9,3,4,49,0,0,0,6748000.0,15080800.0,1836800.0,3595200.0,6934400.0,2303167.9979251744,7140373.333333333,3091662.4108580514,7100675.555555556,3807494.743009826,-48.45896448073282,323.1705557651591,1110400.0,2688000.0,34.582128115720444,68101600.0,510854400.0
2021-12-10,4608800.0,6.0,6.0,6.0,44.0,2021,12,10,4,4,49,0,0,0,7772800.0,8736000.0,7940800.0,10684800.0,6344800.0,2293350.992180073,7029306.666666667,3121621.0641635954,7033164.444444444,3797083.063850171,-47.24358433567029,-41.96050247323916,658400.0,2139200.0,46.41554278433805,72710400.0,515463200.0
2021-12-11,12348000.0,6.0,6.0,6.0,81.0,2021,12,11,5,4,49,1,0,0,4608800.0,7632800.0,10063200.0,3421600.0,7018400.0,3234193.875862524,7105466.666666667,3224373.7891184385,7132346.666666667,3818209.5938138543,61.7754871376838,22.704505256329472,1764000.0,5992000.0,48.52607316763256,85058400.0,527811200.0
2021-12-12,6008800.0,4.0,4.0,4.0,41.0,2021,12,12,6,4,49,1,0,0,12348000.0,9548000.0,6899200.0,5588800.0,6512800.0,3043875.17921919,7075786.666666667,3230430.2499537216,7137013.333333333,3816558.1610495835,-37.06744479813104,-12.905842285215346,1201760.0,2856000.0,47.53028099948725,91067200.0,533820000.0
2021-12-13,5964000.0,6.0,6.0,4.0,43.0,2021,12,13,0,4,50,0,0,0,6008800.0,2654400.0,6910400.0,924000.0,6985600.0,2563858.0511929,7044240.0,3236715.9254085114,7193013.333333333,3760941.3821303104,124.683497331413,-13.695297856086789,852000.0,2940000.0,49.295766382332936,97031200.0,539784000.0
2021-12-14,3959200.0,3.0,3.0,3.0,28.0,2021,12,14,1,4,50,0,0,0,5964000.0,5448800.0,10444000.0,6983200.0,6772800.0,2766482.8597577326,6828080.0,3218325.3240327206,7159413.333333333,3776313.5935293008,-27.338124479128528,-62.09114686986338,989800.0,1792000.0,45.26165759202425,100990400.0,543743200.0
2021-12-15,7627200.0,5.0,4.0,4.0,75.0,2021,12,15,2,4,50,0,0,0,3959200.0,6748000.0,3169600.0,4037600.0,6898400.0,2785064.9687215537,6976666.666666667,3145674.0727472063,7199297.777777778,3761900.0464885174,13.029043712352738,140.63599803255994,1271200.0,0.0,0.0,108617600.0,551370400.0
2021-12-16,8142400.0,7.0,7.0,5.0,71.0,2021,12,16,3,4,50,0,0,0,7627200.0,7772800.0,5443200.0,4401600.0,6951200.0,2807815.492513707,7066640.0,3138895.335843373,7240862.222222222,3751292.2553832564,4.755042615911561,49.58846825608681,1017800.0,896000.0,11.004125195995629,116760000.0,559512800.0
2021-12-17,4116000.0,3.0,3.0,2.0,46.0,2021,12,17,4,4,50,0,0,0,8142400.0,4608800.0,5415200.0,8192800.0,6880800.0,2881544.5858081025,7023333.333333333,3171261.1016301727,7195564.444444444,3764259.9844036135,-10.692585772308243,-23.99172256025215,1029000.0,1008000.0,24.489789968466965,120876000.0,563628800.0
2021-12-18,10444000.0,7.0,7.0,6.0,72.0,2021,12,18,5,4,50,1,0,0,4116000.0,12348000.0,4480000.0,6339200.0,6608800.0,2313295.830627806,7222133.333333333,3193186.6316217394,7241173.333333333,3778607.5784130413,-15.419499885042121,133.12497028460484,1305500.0,4480000.0,42.89543825206451,131320000.0,574072800.0
2021-12-19,7364000.0,5.0,5.0,5.0,50.0,2021,12,19,6,4,50,1,0,0,10444000.0,6008800.0,6428800.0,1064000.0,6802400.0,2311420.4117814633,7253306.666666667,3189737.748049721,7311173.333333333,3720800.1912359046,22.553584317403754,14.547036064734312,1227333.3333333333,5168800.0,70.19010453692225,138684000.0,581436800.0
2021-12-20,3360000.0,3.0,3.0,3.0,21.0,2021,12,20,0,4,51,0,0,0,7364000.0,5964000.0,9475200.0,3948000.0,6430400.0,2653127.120964993,7049466.666666667,3237883.965177566,7304640.0,3727282.5083777118,-43.66196451006631,-64.53900028083837,840000.0,980000.0,29.16665798611369,142044000.0,584796800.0
2021-12-21,4905600.0,3.0,2.0,2.0,41.0,2021,12,21,1,4,51,0,0,0,3360000.0,3959200.0,12135200.0,8506400.0,6565600.0,2527341.602026391,6808480.0,3112943.656944391,7264631.111111111,3733558.1240938967,23.903812915787807,-59.575445021471005,1226400.0,0.0,0.0,146949600.0,589702400.0
2021-12-22,5303200.0,4.0,4.0,4.0,42.0,2021,12,22,2,4,51,0,0,0,4905600.0,7627200.0,8092000.0,4754400.0,6233600.0,2517267.8522556936,6715520.0,3114932.475982587,7270728.888888889,3729858.5884344024,-30.469893215086373,-34.463663561089525,1060640.0,0.0,0.0,152252800.0,595005600.0
2021-12-23,4659200.0,3.0,3.0,3.0,40.0,2021,12,23,3,4,51,0,0,0,5303200.0,8142400.0,3276000.0,19124000.0,5736000.0,2419428.3842814323,6761626.666666667,3072209.723324879,7110008.888888889,3519048.450025658,-42.778536699433005,42.22220933387993,1164800.0,2352000.0,50.48075839612844,156912000.0,599664800.0
2021-12-24,14056000.0,10.0,10.0,6.0,117.0,2021,12,24,4,4,51,0,0,0,4659200.0,4116000.0,9116800.0,4435200.0,7156000.0,3821103.7288546166,6926266.666666667,3324742.9558236264,7216906.666666667,3582437.223888389,241.49653996682702,54.17689823436971,1277818.1818181819,4200000.0,29.880475961832957,170968000.0,613720800.0
2021-12-25,3561600.0,2.0,2.0,2.0,15.0,2021,12,25,5,4,51,1,0,1,14056000.0,10444000.0,2469600.0,7817600.0,6172800.0,3718131.1147761666,6962666.666666667,3279943.8133679284,7169617.777777778,3602452.9689973365,-65.8981170147341,44.21766917004002,1187200.0,0.0,0.0,174529600.0,617282400.0
2021-12-26,3668000.0,4.0,4.0,4.0,39.0,2021,12,26,6,4,51,1,0,1,3561600.0,7364000.0,9872800.0,8030400.0,5644800.0,3782648.356200542,6755840.0,3285734.8176835426,7121146.666666667,3620046.136499098,-50.190107252837144,-62.84741280615298,733600.0,0.0,0.0,178197600.0,620950400.0
2021-12-27,7028000.0,6.0,6.0,5.0,70.0,2021,12,27,0,4,52,0,0,1,3668000.0,3360000.0,4592000.0,3948000.0,6168800.0,3665639.3421430127,6837040.0,3260418.8951939754,7155368.888888889,3604235.555772286,109.16663417659697,53.048768935372614,1004000.0,0.0,0.0,185225600.0,627978400.0
2021-12-28,0.0,0.0,0.0,0.0,0.0,2021,12,28,1,4,52,0,0,1,7028000.0,4905600.0,4138400.0,8999200.0,5468000.0,4352050.1957889525,6699093.333333333,3459974.035275638,7055377.777777778,3676612.2223058166,-99.99997961513787,-99.99997583607775,0.0,0.0,0.0,185225600.0,627978400.0
2021-12-29,6916000.0,3.0,3.0,3.0,38.0,2021,12,29,2,4,52,0,0,1,0.0,5303200.0,4032000.0,7005600.0,5698400.0,4384442.216139547,6795226.666666667,3423184.656279658,7054382.222222222,3676637.9834983614,30.41182108692467,71.52776003775793,1729000.0,6776000.0,97.97569433549822,192141600.0,634894400.0
2021-12-30,5040000.0,4.0,4.0,4.0,30.0,2021,12,30,3,4,52,0,0,1,6916000.0,4659200.0,11715200.0,2016000.0,5752800.0,4371743.353247839,6572720.0,3307342.9750720738,7087982.222222222,3643746.6589674703,8.173075168896984,-56.978962631541705,1008000.0,1243200.0,24.666661772487743,197181600.0,639934400.0
2021-12-31,7028000.0,6.0,6.0,5.0,52.0,2021,12,31,4,4,52,0,0,1,5040000.0,14056000.0,4480000.0,5768000.0,4748800.0,2591644.667002017,6657653.333333333,3284385.219513828,7101982.222222222,3641037.618208375,-49.99999644280048,56.874987304690336,1004000.0,3528000.0,50.19919604450824,204209600.0,646962400.0
2022-01-01,2598400.0,2.0,2.0,2.0,24.0,2022,1,1,5,1,52,1,1,0,7028000.0,3561600.0,15080800.0,2217600.0,4611200.0,2688927.0623552925,6241573.333333333,2954615.6917881714,7106213.333333333,3635514.9571780325,-27.04401756401124,-82.7701393314586,866133.3333333334,2598400.0,99.99996151479313,2598400.0,2598400.0
2022-01-02,5493600.0,5.0,5.0,4.0,40.0,2022,1,2,6,1,52,1,1,0,2598400.0,3668000.0,8736000.0,3298400.0,4872000.0,2670669.6887984225,6133493.333333333,2919315.7194125424,7130604.444444444,3616997.6023921254,49.77097879744308,-37.11538036682917,915600.0,0.0,0.0,8092000.0,8092000.0
2022-01-03,6916000.0,6.0,6.0,5.0,53.0,2022,1,3,0,1,1,0,1,0,5493600.0,7028000.0,7632800.0,10511200.0,4856000.0,2655894.9376810817,6109600.0,2909538.3759935675,7090657.777777778,3599050.73292907,-1.59362527125423,-9.391047925918675,988000.0,2520000.0,36.43724169501999,15008000.0,15008000.0
2022-01-04,10388000.0,8.0,6.0,7.0,95.0,2022,1,4,1,1,1,0,1,0,6916000.0,0.0,9548000.0,10740800.0,6340000.0,2377995.0770905004,6137600.0,2947562.320010351,7086737.777777778,3595220.5076402235,1038800000.0,8.797653037531102,1154222.2222222222,0.0,0.0,25396000.0,25396000.0
2022-01-05,6165600.0,4.0,4.0,3.0,51.0,2022,1,5,2,1,1,0,1,0,10388000.0,6916000.0,2654400.0,3018400.0,6232800.0,2364577.4816373973,6254640.0,2873258.010138937,7121706.666666667,3570425.3402489955,-10.850200860294844,132.27843117901176,1233120.0,0.0,0.0,31561600.0,31561600.0
2022-01-06,10001600.0,7.0,6.0,7.0,66.0,2022,1,6,3,1,1,0,0,0,6165600.0,5040000.0,5448800.0,8075200.0,6941600.0,2671193.8504471467,6406400.0,2948477.8913639565,7143111.111111111,3581961.369324891,98.44442491182045,83.5559969982387,1250200.0,3808000.0,38.0739043679107,41563200.0,41563200.0
2022-01-07,11239200.0,7.0,5.0,6.0,74.0,2022,1,7,4,1,1,0,0,0,10001600.0,7028000.0,6748000.0,5600000.0,7543200.0,3128900.296696373,6556106.666666667,3077611.238353011,7205768.888888889,3603919.8664115192,59.920310199159054,66.55600673443884,1404900.0,3192000.0,28.40059538040115,52802400.0,52802400.0
2022-01-08,5958400.0,5.0,5.0,4.0,45.0,2022,1,8,5,1,1,1,0,0,11239200.0,2598400.0,7772800.0,9032800.0,8023200.0,2421702.1011401564,6495626.666666667,3070696.9487379375,7171608.888888889,3600976.9006508836,129.3102950622325,-23.3429364781113,993066.6666666666,0.0,0.0,58760800.0,58760800.0
2022-01-09,13042400.0,8.0,8.0,6.0,97.0,2022,1,9,6,1,1,1,0,0,5958400.0,5493600.0,4608800.0,5941600.0,9101600.0,2764076.487123076,6776746.666666667,3271483.294052461,7250506.666666667,3651164.3701301487,137.41078028782943,182.98902469427517,1449155.5555555555,4872000.0,37.35508515648308,71803200.0,71803200.0
2022-01-10,11177600.0,7.0,7.0,5.0,78.0,2022,1,10,0,1,2,0,0,0,13042400.0,6916000.0,12348000.0,13837600.0,9710400.0,2670180.3784263916,6737733.333333333,3209138.1940492564,7220951.111111111,3607751.8874194417,61.61942428868937,-9.478457282275892,1397200.0,7380800.0,66.03205822072195,82980800.0,82980800.0
2022-01-11,4452000.0,3.0,3.0,3.0,21.0,2022,1,11,1,1,2,0,0,0,11177600.0,10388000.0,6008800.0,6020000.0,8862400.0,3289809.5264011836,6685840.0,3233824.0202903547,7203528.888888889,3617389.719811617,-57.14285164200504,-25.90866297619109,1113000.0,4032000.0,90.56601739307786,87432800.0,87432800.0
2022-01-12,7403200.0,4.0,4.0,4.0,48.0,2022,1,12,2,1,2,0,0,0,4452000.0,6165600.0,5964000.0,10141600.0,9039200.0,3151052.920321498,6733813.333333333,3233421.5100857224,7173102.222222222,3603890.7386254207,20.07265796148664,24.13145135287536,1480640.0,2912000.0,39.334336593049414,94836000.0,94836000.0
2022-01-13,6921600.0,4.0,4.0,4.0,47.0,2022,1,13,3,1,2,0,0,0,7403200.0,10001600.0,3959200.0,13512800.0,8599200.0,3208780.2209977927,6832560.0,3190717.5863097287,7099866.666666667,3540017.3106921413,-30.795069709339533,74.82317770681509,1384320.0,0.0,0.0,101757600.0,101757600.0
2022-01-14,6423200.0,5.0,4.0,5.0,53.0,2022,1,14,4,1,2,0,0,0,6921600.0,11239200.0,7627200.0,6580000.0,7911200.0,3061306.6665505185,6792426.666666667,3187948.670781919,7098124.444444444,3540314.6103552226,-42.850021100254374,-15.78560732829776,1070533.3333333333,1971200.0,30.688748491600993,108180800.0,108180800.0
2022-01-15,10808000.0,6.0,6.0,6.0,83.0,2022,1,15,5,1,2,1,0,0,6423200.0,5958400.0,8142400.0,7649600.0,8604000.0,3094290.7254059548,6881280.0,3263132.8232765514,7133217.777777778,3561433.343017818,81.39096378373996,32.737272458087,1544000.0,4093600.0,37.87564416398555,118988800.0,118988800.0
2022-01-16,7688800.0,4.0,3.0,3.0,47.0,2022,1,16,6,1,2,1,0,0,10808000.0,13042400.0,4116000.0,9212000.0,7839200.0,2397622.9116912126,7000373.333333333,3223688.4917246783,7116293.333333333,3555057.199268028,-41.04765679264117,86.80269999934403,1537760.0,0.0,0.0,126677600.0,126677600.0
2022-01-17,4804800.0,4.0,4.0,4.0,34.0,2022,1,17,0,1,3,0,0,0,7688800.0,11177600.0,10444000.0,11144000.0,6928800.0,2111573.0881659416,6812400.0,3180082.495568419,7045857.777777778,3537113.8107053707,-57.01402295537298,-53.9946328997862,960960.0,0.0,0.0,131482400.0,131482400.0
2022-01-18,4272800.0,4.0,4.0,4.0,39.0,2022,1,18,1,1,3,0,0,0,4804800.0,4452000.0,7364000.0,6596800.0,6903200.0,2147388.168605446,6709360.0,3211518.0857184227,7020035.555555556,3548892.344187371,-4.025156328581238,-41.977180611463794,854560.0,0.0,0.0,135755200.0,135755200.0
2022-01-19,4267200.0,4.0,4.0,4.0,34.0,2022,1,19,2,1,3,0,0,0,4272800.0,7403200.0,3360000.0,4939200.0,6455200.0,2343829.6183809917,6739600.0,3183037.4961770303,7012568.888888889,3554022.7103295354,-42.36005479251475,26.999991964288107,853440.0,0.0,0.0,140022400.0,140022400.0
2022-01-20,7352800.0,6.0,6.0,6.0,50.0,2022,1,20,3,1,3,0,0,0,4267200.0,6921600.0,4905600.0,3214400.0,6516800.0,2363712.424696933,6821173.333333333,3165726.6711618863,7058551.111111111,3531026.63293933,6.229772562735125,49.88583457969778,1050400.0,4396000.0,59.78673977440706,147375200.0,147375200.0
2022-01-21,6462400.0,3.0,3.0,3.0,32.0,2022,1,21,4,1,3,0,0,0,7352800.0,6423200.0,5303200.0,13182400.0,6522400.0,2363500.138918264,6859813.333333333,3153611.06163901,6983884.444444444,3470610.7665674286,0.6102876120488834,21.858496406227108,1615600.0,4032000.0,62.3916714546188,153837600.0,153837600.0
2022-01-22,9044000.0,6.0,6.0,5.0,65.0,2022,1,22,5,1,3,1,0,0,6462400.0,10808000.0,4659200.0,11407200.0,6270400.0,1873693.7067372175,7005973.333333333,3149711.0381893646,6957626.666666667,3445618.7495674575,-16.321242013208547,94.11055672421087,1292000.0,3360000.0,37.15169867849418,162881600.0,162881600.0
2022-01-23,6216000.0,5.0,5.0,4.0,45.0,2022,1,23,6,1,3,1,0,0,9044000.0,7688800.0,14056000.0,6260800.0,6060000.0,1767559.1607260716,6744640.0,2856161.1421747436,6957128.888888889,3445723.7835017745,-19.15513225013887,-55.77688846208818,1036000.0,1344000.0,21.621618143240322,169097600.0,169097600.0
2022-01-24,7795200.0,4.0,4.0,4.0,52.0,2022,1,24,0,1,4,0,0,0,6216000.0,4804800.0,3561600.0,828800.0,6487200.0,1774987.5792992618,6885760.0,2797452.811053108,7034533.333333333,3384207.906594422,62.23774928451772,118.86789115344476,1559040.0,3808000.0,48.85056844589383,176892800.0,176892800.0
2022-01-25,12639200.0,12.0,11.0,11.0,101.0,2022,1,25,1,1,4,0,0,1,7795200.0,4272800.0,3668000.0,14772800.0,7682400.0,2640943.6697261548,7184800.0,2918501.4425805584,7010826.666666667,3336528.771609096,195.8059830073996,244.58008599234296,972246.1538461539,4799200.0,37.97075463868325,189532000.0,189532000.0
2022-01-26,9049600.0,6.0,6.0,5.0,62.0,2022,1,26,2,1,4,0,0,1,12639200.0,4267200.0,7028000.0,9385600.0,8365600.0,2190350.425540773,7252186.666666667,2938029.6784648383,7007093.333333333,3334028.7597689247,112.07346454971304,28.764936146138854,1292800.0,4060000.0,44.8638564285873,198581600.0,198581600.0
2022-01-27,9699200.0,6.0,6.0,6.0,72.0,2022,1,27,3,1,4,0,0,1,9049600.0,7352800.0,0.0,9755200.0,8700800.0,2189064.555162009,7575493.333333333,2629975.613749966,7006471.111111111,3333515.3102806024,31.9116483636644,969920000.0,1385600.0,3404800.0,35.10392247773812,208280800.0,208280800.0
2022-01-28,9318400.0,6.0,6.0,6.0,67.0,2022,1,28,4,1,4,0,0,1,9699200.0,6462400.0,6916000.0,2688000.0,9108800.0,1956091.7224574727,7655573.333333333,2645730.3804735825,7080142.222222222,3310188.932351173,44.19410061368832,34.73683708258573,1331200.0,3214400.0,34.495188605856306,217599200.0,217599200.0
2022-01-29,7884800.0,6.0,6.0,5.0,59.0,2022,1,29,5,1,4,1,0,1,9318400.0,9044000.0,5040000.0,14481600.0,8943200.0,2010795.1329428472,7750400.0,2599325.8160398058,7006844.444444444,3216157.5658446215,-12.817336044080491,56.44443324515214,1126400.0,1971200.0,24.999996829342937,225484000.0,225484000.0
2022-01-30,2268000.0,2.0,2.0,1.0,19.0,2022,1,30,6,1,4,1,0,1,7884800.0,6216000.0,7028000.0,1008000.0,8379200.0,3139898.7669456233,7591733.333333333,2783683.623191213,7020844.444444444,3192405.7647785447,-63.513503295768444,-67.72907402830478,756000.0,0.0,0.0,227752000.0,227752000.0
2022-01-31,3942400.0,3.0,3.0,3.0,33.0,2022,1,31,0,1,5,0,0,1,2268000.0,7795200.0,2598400.0,6260800.0,7828800.0,3567850.490141085,7636533.333333333,2710401.3299132236,6995084.444444444,3207923.629478158,-49.42528101584552,51.72411802489301,985600.0,0.0,0.0,231694400.0,231694400.0
2022-02-01,7280000.0,6.0,5.0,3.0,64.0,2022,2,1,1,1,5,0,1,0,3942400.0,12639200.0,5493600.0,2402400.0,7063200.0,2870411.4826972075,7696080.0,2681163.953931583,7049280.0,3170444.5676709414,-42.40141445649927,32.51783302063619,1040000.0,0.0,0.0,7280000.0,238974400.0
2022-02-02,5779200.0,6.0,6.0,5.0,38.0,2022,2,2,2,1,5,0,1,0,7280000.0,9049600.0,6916000.0,6014400.0,6596000.0,2757127.5100485743,7658186.666666667,2700532.458830179,7046666.666666667,3171403.973077139,-36.138609867993075,-16.437244586864576,825600.0,3220000.0,55.717044622604405,13059200.0,244753600.0
2022-02-03,3158400.0,3.0,3.0,3.0,22.0,2022,2,3,3,1,5,0,1,0,5779200.0,9699200.0,10388000.0,5202400.0,5661600.0,2635843.7181795617,7417200.0,2770206.971478405,7023955.555555556,3192011.373044114,-67.43648265460217,-69.59568063191368,789600.0,0.0,0.0,16217600.0,247912000.0
2022-02-04,6462400.0,3.0,3.0,3.0,38.0,2022,2,4,4,1,5,0,1,0,3158400.0,9318400.0,6165600.0,7280000.0,5253600.0,2152126.043396775,7427093.333333333,2766109.9126606504,7014871.111111111,3192437.8982546018,-30.649035172450724,4.8138048504922715,1615600.0,5252800.0,81.2824830894895,22680000.0,254374400.0
2022-02-05,4961600.0,5.0,4.0,4.0,44.0,2022,2,5,5,1,5,1,1,0,6462400.0,7884800.0,10001600.0,6753600.0,4836000.0,1813431.4287192274,7259093.333333333,2757393.8859043987,6994960.0,3199665.880197322,-37.073858934423335,-50.39193225164651,826933.3333333334,2520000.0,50.790057483461496,27641600.0,259336000.0
2022-02-06,464800.0,2.0,2.0,2.0,3.0,2022,2,6,6,1,5,1,0,0,4961600.0,2268000.0,11239200.0,18054400.0,4578400.0,2301429.3529601684,6899946.666666667,2918106.336808087,6799520.0,3050260.18485733,-79.50613778388987,-95.86446581033653,154933.33333333334,358400.0,77.10826783935491,28106400.0,259800800.0
2022-02-07,6081600.0,7.0,6.0,7.0,36.0,2022,2,7,0,1,6,0,0,0,464800.0,3942400.0,5958400.0,1836800.0,4884000.0,2344526.8577405247,6904053.333333333,2916822.0093620424,6846684.444444444,3005146.1032706085,54.261349872831296,2.0676688259148723,760200.0,2856000.0,46.96131824498187,34188000.0,265882400.0
2022-02-08,7257600.0,7.0,6.0,7.0,67.0,2022,2,8,1,1,6,0,0,0,6081600.0,7280000.0,13042400.0,7940800.0,4880800.0,2340723.762713859,6711226.666666667,2678508.9788180976,6839093.333333333,3003213.545850104,-0.3076922654268866,-44.35379651338737,907200.0,0.0,0.0,41445600.0,273140000.0
2022-02-09,13736800.0,7.0,7.0,6.0,89.0,2022,2,9,2,1,6,0,0,0,7257600.0,5779200.0,11177600.0,10063200.0,6017600.0,4111961.0114883124,6796533.333333333,2860249.4057316887,6879911.111111111,3071709.434864361,137.69377462386237,22.89578953480268,1717100.0,2744000.0,19.975538700749908,55182400.0,286876800.0
2022-02-10,1814400.0,1.0,1.0,1.0,13.0,2022,2,10,3,1,6,0,0,0,13736800.0,3158400.0,4452000.0,6899200.0,5825600.0,4295019.552924059,6708613.333333333,2973113.3770711664,6823413.333333333,3117767.583470479,-42.55317801634435,-59.24526971130509,907200.0,0.0,0.0,56996800.0,288691200.0
2022-02-11,3718400.0,3.0,3.0,3.0,16.0,2022,2,11,4,1,6,0,0,0,1814400.0,6462400.0,7403200.0,6910400.0,5433600.0,4352054.828085999,6585786.666666667,3019185.919476936,6787946.666666667,3134875.5512169865,-42.4609986288378,-49.77306438120483,929600.0,2150400.0,57.83130974846446,60715200.0,292409600.0
2022-02-12,4351200.0,3.0,3.0,3.0,17.0,2022,2,12,5,1,6,1,0,0,3718400.0,4961600.0,6921600.0,10444000.0,5346400.0,4369169.757898327,6500106.666666667,3045683.2084379517,6720248.888888889,3120791.313409583,-12.30248059043845,-37.13591696487561,1087800.0,2688000.0,61.77604757858808,65066400.0,296760800.0
2022-02-13,9413600.0,5.0,5.0,4.0,56.0,2022,2,13,6,1,6,1,0,0,4351200.0,464800.0,6423200.0,3169600.0,6624800.0,3996035.90240795,6599786.666666667,3091667.587490642,6789626.666666667,3110357.7549496307,1925.2970626138929,46.556226404871964,1568933.3333333333,5605600.0,59.54788183607952,74480000.0,306174400.0
2022-02-14,2352000.0,2.0,2.0,2.0,21.0,2022,2,14,0,1,7,0,0,0,9413600.0,6081600.0,10808000.0,5443200.0,6092000.0,4316334.098900747,6317920.0,3080220.6215654775,6755280.0,3142296.5383778075,-61.32595676697633,-78.23833472998383,784000.0,224000.0,9.523805474572503,76832000.0,308526400.0
2022-02-15,7616000.0,4.0,4.0,4.0,44.0,2022,2,15,1,1,7,0,0,0,2352000.0,7257600.0,7688800.0,5415200.0,6143200.0,4334551.935321572,6315493.333333333,3079131.8542433465,6779733.333333333,3140313.5502219987,4.93827092451073,-0.946831632136142,1523200.0,2240000.0,29.411760844044004,84448000.0,316142400.0
2022-02-16,8405600.0,4.0,3.0,4.0,58.0,2022,2,16,2,1,7,0,0,0,7616000.0,13736800.0,4804800.0,4480000.0,5381600.0,3058471.6706224354,6435520.0,3088380.3131895084,6823351.111111111,3135270.7198217846,-38.80961804717125,74.94170934446609,1681120.0,0.0,0.0,92853600.0,324548000.0
2022-02-17,3018400.0,4.0,3.0,4.0,23.0,2022,2,17,3,1,7,0,0,0,8405600.0,1814400.0,4272800.0,6428800.0,5553600.0,2851262.999678094,6393706.666666667,3126922.010091614,6785457.777777778,3160599.8795200256,66.3579881183928,-29.357791294282137,603680.0,0.0,0.0,95872000.0,327566400.0
2022-02-18,10841600.0,6.0,6.0,6.0,76.0,2022,2,18,4,1,7,0,0,0,3018400.0,3718400.0,4267200.0,9475200.0,6571200.0,3319754.529077913,6612853.333333333,3202222.0900960052,6800640.0,3176905.2211232283,191.56621354178853,154.0682053645938,1548800.0,3192000.0,29.442146044666277,106713600.0,338408000.0
2022-02-19,7655200.0,6.0,6.0,5.0,57.0,2022,2,19,5,1,7,1,0,0,10841600.0,4351200.0,7352800.0,12135200.0,7043200.0,3183598.2996184235,6622933.333333333,3205106.273060095,6750862.222222222,3127087.9258281505,75.9330584820145,4.112718404863671,1093600.0,0.0,0.0,114368800.0,346063200.0
2022-02-20,6451200.0,5.0,5.0,5.0,49.0,2022,2,20,6,1,7,1,0,0,7655200.0,9413600.0,6462400.0,8092000.0,6620000.0,3008038.368549619,6622560.0,3205126.269135652,6732631.111111111,3123962.5784219634,-31.46936013115491,-0.17331019848505222,1075200.0,0.0,0.0,120820000.0,352514400.0
2022-02-21,4636800.0,5.0,5.0,2.0,39.0,2022,2,21,0,1,8,0,0,0,6451200.0,2352000.0,9044000.0,3276000.0,6946400.0,2558035.329440673,6475653.333333333,3191284.584477921,6747751.111111111,3110307.77975011,97.14281584063951,-48.730644766624856,772800.0,0.0,0.0,125456800.0,357151200.0
2022-02-22,3511200.0,3.0,3.0,3.0,23.0,2022,2,22,1,1,8,0,0,0,4636800.0,7616000.0,6216000.0,9116800.0,6360000.0,2834503.149877709,6385493.333333333,3236757.214051221,6685466.666666667,3118450.0217939992,-53.897051746710645,-43.51350651327115,877800.0,2508800.0,71.4513353123333,128968000.0,360662400.0
2022-02-23,12124000.0,10.0,10.0,9.0,82.0,2022,2,23,2,1,8,0,0,0,3511200.0,8405600.0,7795200.0,2469600.0,6891200.0,3541902.7654637815,6529786.666666667,3394416.7622256023,6792737.777777778,3137789.7695484115,44.23716995370111,55.53160207158224,1102181.8181818181,3864000.0,31.870667117232998,141092000.0,372786400.0
2022-02-24,9122400.0,7.0,6.0,6.0,70.0,2022,2,24,3,1,8,0,0,0,12124000.0,3018400.0,12639200.0,9872800.0,7763200.0,3160364.8734494746,6412560.0,3233042.4413097836,6784400.0,3130501.950059426,202.22627808564866,-27.824543655884575,1140300.0,3696000.0,40.51564933398565,150214400.0,381908800.0
2022-02-25,756000.0,1.0,1.0,1.0,4.0,2022,2,25,4,1,8,0,0,1,9122400.0,10841600.0,9049600.0,4592000.0,6322400.0,3764315.1125625307,6136106.666666667,3352169.843336506,6741777.777777778,3186303.6751872674,-93.02685092358591,-91.6460294768797,378000.0,0.0,0.0,150970400.0,382664800.0
2022-02-26,5140800.0,4.0,4.0,3.0,41.0,2022,2,26,5,1,8,1,0,1,756000.0,7655200.0,9699200.0,4138400.0,5963200.0,3735796.653994967,5984160.0,3287786.1992742037,6752915.555555556,3178844.497715201,-32.84564311244081,-46.997685685655966,1028160.0,840000.0,16.339866102578178,156111200.0,387805600.0
2022-02-27,9822400.0,5.0,5.0,5.0,77.0,2022,2,27,6,1,8,1,0,1,5140800.0,6451200.0,9318400.0,4032000.0,6444800.0,4015984.11683446,6000960.0,3306644.6551733054,6817253.333333333,3181751.8143877247,52.25693634410089,5.408653265726598,1637066.6666666667,3584000.0,36.48802365124372,165933600.0,397628000.0
2022-02-28,11978400.0,7.0,7.0,4.0,64.0,2022,2,28,0,1,9,0,0,1,9822400.0,4636800.0,7884800.0,11715200.0,7493600.0,4404935.970779445,6137413.333333333,3467610.813358316,6820177.777777778,3186421.778502006,158.33329918622775,51.91760705184569,1497300.0,7896000.0,65.91864807331129,177912000.0,409606400.0
2022-03-01,12191200.0,6.0,6.0,4.0,89.0,2022,3,1,1,1,9,0,1,0,11978400.0,3511200.0,2268000.0,4480000.0,8733600.0,4317898.822344032,6468186.666666667,3557890.9936329834,6905857.777777778,3226214.6146831326,247.20886101365318,437.53067128277274,1741600.0,3724000.0,30.546621288583463,12191200.0,421797600.0
2022-03-02,2956800.0,3.0,3.0,3.0,20.0,2022,3,2,2,1,9,0,1,0,12191200.0,12124000.0,3942400.0,15080800.0,7424000.0,4504381.984986026,6435333.333333333,3586454.012582317,6771146.666666667,3132800.6376604736,-75.61200300131945,-24.999993658686673,739200.0,0.0,0.0,15148000.0,424754400.0
2022-03-03,10774400.0,7.0,7.0,5.0,56.0,2022,3,3,3,1,9,0,1,0,2956800.0,9122400.0,7280000.0,8736000.0,7660000.0,4649148.452494641,6551813.333333333,3670591.088332656,6793795.555555556,3154458.885340859,18.109267505342068,47.999993406594314,1346800.0,4368000.0,40.540536777868205,25922400.0,435528800.0
2022-03-04,6148800.0,5.0,5.0,4.0,40.0,2022,3,4,4,1,9,0,1,0,10774400.0,756000.0,5779200.0,7632800.0,8430400.0,3654936.942456506,6564133.333333333,3668528.1465866985,6777306.666666667,3153902.501068671,713.3323897719712,6.395347730594593,1024800.0,1344000.0,21.857919942440812,32071200.0,441677600.0
2022-03-05,8887200.0,8.0,8.0,6.0,80.0,2022,3,5,5,1,9,1,1,0,6148800.0,5140800.0,3158400.0,9548000.0,8965600.0,3354934.4037303193,6755093.333333333,3634074.903193793,6769964.444444444,3148143.81616548,72.87580281749867,181.38292129466777,987466.6666666666,196000.0,2.205418781458864,40958400.0,450564800.0
2022-03-06,7756000.0,6.0,6.0,6.0,49.0,2022,3,6,6,1,9,1,0,0,8887200.0,9822400.0,6462400.0,2654400.0,8670400.0,3357889.559430642,6798213.333333333,3638154.49803059,6826648.888888889,3119001.6740900134,-21.037626136420208,20.01732792502353,1108000.0,168000.0,2.1660647026734527,48714400.0,458320800.0
2022-03-07,7812000.0,5.0,5.0,5.0,57.0,2022,3,7,0,1,10,0,0,0,7756000.0,11978400.0,4961600.0,5448800.0,8075200.0,3026733.0859085205,6893226.666666667,3625734.9564518323,6852906.666666667,3117218.681244012,-34.78260579187489,57.44919835351533,1302000.0,3808000.0,48.745513473436574,56526400.0,466132800.0
2022-03-08,9626400.0,4.0,4.0,3.0,56.0,2022,3,8,1,1,10,0,0,0,7812000.0,12191200.0,464800.0,6748000.0,7708800.0,2565531.191261045,7198613.333333333,3447039.7186404807,6884888.888888889,3130866.372411581,-21.03812413559583,1971.0800966435097,1925280.0,4928000.0,51.19254849242204,66152800.0,475759200.0
2022-03-09,6669600.0,3.0,2.0,3.0,46.0,2022,3,9,2,1,10,0,0,0,9626400.0,2956800.0,6081600.0,7772800.0,8239200.0,1634057.591804314,7218213.333333333,3442137.53434306,6872631.111111111,3129510.3144118274,125.56813935060222,9.668506697496268,1667400.0,3225600.0,48.36271315180623,72822400.0,482428800.0
2022-03-10,7156800.0,7.0,7.0,6.0,61.0,2022,3,10,3,1,10,0,0,0,6669600.0,10774400.0,7257600.0,4608800.0,7722400.0,1217623.3900512848,7214853.333333333,3442146.959107345,6900942.222222222,3120312.181622465,-33.57588045961906,-1.388888697518643,894600.0,1344000.0,18.7793400990191,79979200.0,489585600.0
2022-03-11,11446400.0,7.0,6.0,6.0,69.0,2022,3,11,4,1,10,0,0,0,7156800.0,6148800.0,13736800.0,12348000.0,8479200.0,1647137.7032092104,7138506.666666667,3315575.7258351245,6890924.444444444,3104032.7118885894,86.15663443978752,-16.67345985429941,1430800.0,6916000.0,60.4207383613417,91425600.0,501032000.0
2022-03-12,8736000.0,5.0,4.0,4.0,66.0,2022,3,12,5,1,10,1,0,0,11446400.0,8887200.0,1814400.0,6008800.0,8457600.0,1641878.5988413738,7369226.666666667,3169940.4487970322,6921226.666666667,3108632.8109698365,-1.7013230599825524,381.4812712294581,1456000.0,3024000.0,34.615380653001296,100161600.0,509768000.0
2022-03-13,4810400.0,5.0,4.0,5.0,49.0,2022,3,13,6,1,10,1,0,0,8736000.0,7756000.0,3718400.0,5964000.0,8036800.0,2150384.027718456,7405626.666666667,3132622.9000227777,6908408.888888889,3114995.874603453,-37.9783344535412,29.36746198164211,801733.3333333334,0.0,0.0,104972000.0,514578400.0
2022-03-14,7901600.0,7.0,7.0,7.0,65.0,2022,3,14,0,1,11,0,0,0,4810400.0,7812000.0,4351200.0,3959200.0,8049600.0,2149089.1838171775,7523973.333333333,3079872.08679005,6952213.333333333,3100744.090589526,1.1469532581985076,81.59586284338508,987700.0,3416000.0,43.23174506027323,112873600.0,522480000.0
2022-03-15,4480000.0,3.0,3.0,2.0,39.0,2022,3,15,1,1,11,0,0,0,7901600.0,9626400.0,9413600.0,7627200.0,7314400.0,2386895.4229291207,7359520.0,3107091.376346294,6917244.444444444,3110776.513742503,-53.461309164245286,-52.409274622963096,1120000.0,0.0,0.0,117353600.0,526960000.0
2022-03-16,9402400.0,6.0,6.0,5.0,50.0,2022,3,16,2,1,11,0,0,0,4480000.0,6669600.0,2352000.0,8142400.0,7704800.0,2485313.876890935,7594533.333333333,2979282.787718446,6931244.444444444,3119176.223974011,40.97396530916917,299.7617773121695,1343200.0,3920000.0,41.69147859147892,126756000.0,536362400.0
2022-03-17,7537600.0,6.0,6.0,6.0,65.0,2022,3,17,3,1,11,0,0,0,9402400.0,7156800.0,7616000.0,4116000.0,7759200.0,2475467.8588097203,7591920.0,2979297.693498042,6969262.222222222,3105298.3939768947,5.3208130280554125,-1.0294116295415403,1076800.0,2352000.0,31.203561982121368,134293600.0,543900000.0
2022-03-18,6669600.0,6.0,6.0,6.0,46.0,2022,3,18,4,1,11,0,0,0,7537600.0,11446400.0,8405600.0,10444000.0,7076800.0,1875266.3241968194,7534053.333333333,2979807.7359561906,6927324.444444444,3083252.8007492945,-41.73189459289431,-20.652895610914673,952800.0,3942400.0,59.10998274109651,140963200.0,550569600.0
2022-03-19,4480000.0,2.0,2.0,1.0,42.0,2022,3,19,5,1,11,1,0,0,6669600.0,8736000.0,3018400.0,7364000.0,6468800.0,1936600.1273709864,7582773.333333333,2914667.29478072,6895280.0,3093632.7367566777,-48.71794314126109,48.422989523260824,1493333.3333333333,0.0,0.0,145443200.0,555049600.0
2022-03-20,10897600.0,6.0,6.0,6.0,81.0,2022,3,20,6,1,11,1,0,0,4480000.0,4810400.0,10841600.0,3360000.0,7338400.0,2383032.7344233682,7584640.0,2916843.462706051,6979031.111111111,3098874.806149772,126.54246496290018,0.5165288779766014,1556800.0,3584000.0,32.887972316108836,156340800.0,565947200.0
2022-03-21,4502400.0,5.0,5.0,5.0,37.0,2022,3,21,0,1,12,0,0,0,10897600.0,7901600.0,7655200.0,4905600.0,6852800.0,2586765.042802816,7479546.666666667,2970517.1048423387,6974551.111111111,3102195.6875534435,-43.019129920632544,-41.18507143052155,750400.0,0.0,0.0,160843200.0,570449600.0
2022-03-22,4580800.0,5.0,5.0,5.0,27.0,2022,3,22,1,1,12,0,0,0,4502400.0,4480000.0,6451200.0,5303200.0,6867200.0,2571590.7191204927,7417200.0,3012181.054227695,6966524.444444444,3107498.797031639,2.2499994977679694,-28.99305106134501,763466.6666666666,2318400.0,50.611235895206974,165424000.0,575030400.0
2022-03-23,1814400.0,1.0,1.0,1.0,17.0,2022,3,23,2,1,12,0,0,0,4580800.0,9402400.0,4636800.0,4659200.0,5783200.0,2902775.389174986,7323120.0,3143241.3463899274,6934915.555555556,3145468.5795837464,-80.70279070207705,-60.86955208989991,907200.0,0.0,0.0,167238400.0,576844800.0
2022-03-24,7924000.0,4.0,4.0,4.0,38.0,2022,3,24,3,1,12,0,0,0,1814400.0,7537600.0,3511200.0,14056000.0,5838400.0,2945063.8295289953,7470213.333333333,3060877.9894048343,6866782.222222222,3054586.1832891703,5.126299468491367,125.67779514758625,1584800.0,4256000.0,53.710240571650615,175162400.0,584768800.0
2022-03-25,9923200.0,5.0,5.0,4.0,69.0,2022,3,25,4,1,12,0,0,1,7924000.0,6669600.0,12124000.0,3561600.0,6303200.0,3329735.476981115,7396853.333333333,2970534.6695947447,6937466.666666667,3050846.271984369,48.78252837013788,-18.15242344503271,1653866.6666666667,6664000.0,67.15574944012522,185085600.0,594692000.0
2022-03-26,7761600.0,6.0,6.0,6.0,66.0,2022,3,26,5,1,12,1,0,1,9923200.0,4480000.0,9122400.0,3668000.0,6772000.0,3260554.3577741478,7351493.333333333,2953618.5487767635,6982951.111111111,3032011.9643876385,73.24998364955722,-14.917125436603806,1108800.0,336000.0,4.329003771258018,192847200.0,602453600.0
2022-03-27,4239200.0,3.0,3.0,3.0,40.0,2022,3,27,6,1,12,1,0,1,7761600.0,10897600.0,756000.0,7028000.0,5820800.0,2794289.3765678583,7467600.0,2746618.159821649,6951964.444444444,3045765.7443585745,-61.09968606852095,460.7401312961226,1059800.0,1344000.0,31.70408763349509,197086400.0,606692800.0
2022-03-28,16576000.0,7.0,6.0,6.0,104.0,2022,3,28,0,1,13,0,0,1,4239200.0,4502400.0,5140800.0,0.0,7545600.0,4829767.4533390645,7848773.333333333,3172965.4745541494,7136142.222222222,3120905.656116034,268.1591444209434,222.44004387643093,2072000.0,8176000.0,49.32432134867752,213662400.0,623268800.0
2022-03-29,6143200.0,4.0,4.0,4.0,51.0,2022,3,29,1,1,13,0,0,1,16576000.0,4580800.0,9822400.0,6916000.0,7768800.0,4704392.999456286,7726133.333333333,3165145.0272741304,7127555.555555556,3122580.8147299206,34.10757201633513,-37.457236779479885,1228640.0,1848000.0,30.08203703574081,219805600.0,629412000.0
2022-03-30,2475200.0,4.0,4.0,4.0,21.0,2022,3,30,2,1,13,0,0,1,6143200.0,1814400.0,11978400.0,5040000.0,7863200.0,4569697.711373621,7409360.0,3200249.543028663,7099057.777777778,3153398.215123028,36.41973301381558,-79.3361317591555,495040.0,224000.0,9.049770099478788,222280800.0,631887200.0
2022-03-31,1702400.0,1.0,1.0,1.0,15.0,2022,3,31,3,1,13,0,0,1,2475200.0,7924000.0,12191200.0,7028000.0,6974400.0,5126968.32055748,7059733.333333333,3232606.247909414,7039884.444444444,3204303.0047885454,-78.5158911514524,-86.03582206543884,851200.0,0.0,0.0,223983200.0,633589600.0
2022-04-01,7151200.0,4.0,4.0,4.0,62.0,2022,4,1,4,2,13,0,1,0,1702400.0,9923200.0,2956800.0,2598400.0,6578400.0,4965765.294493889,7199546.666666667,3138363.4140164163,7090471.111111111,3169141.831780742,-27.934534430976456,141.85601262986586,1430240.0,0.0,0.0,7151200.0,7151200.0
2022-04-02,3158400.0,4.0,4.0,4.0,20.0,2022,4,2,5,2,13,1,1,0,7151200.0,7761600.0,10774400.0,5493600.0,5920800.0,5086294.053630794,6945680.0,3147238.8781498494,7064524.444444444,3191840.951597472,-59.307351666234844,-70.68606412551381,631680.0,1344000.0,42.55317801634435,10309600.0,10309600.0
2022-04-03,13641600.0,8.0,6.0,6.0,112.0,2022,4,3,6,2,13,1,1,0,3158400.0,4239200.0,6148800.0,6916000.0,7264000.0,5764488.898997607,7195440.0,3371161.619669254,7139253.333333333,3266190.093176462,221.796513069326,121.85790367910752,1515733.3333333333,2940000.0,21.551722558078044,23951200.0,23951200.0
2022-04-04,3259200.0,3.0,3.0,3.0,22.0,2022,4,4,0,2,14,0,1,0,13641600.0,16576000.0,8887200.0,10388000.0,5361600.0,4150646.381790027,7007840.0,3429855.2797055636,7060044.444444444,3272952.81610192,-80.33783299120216,-63.32702501046168,814800.0,672000.0,20.618550374769768,27210400.0,27210400.0
2022-04-05,9777600.0,5.0,5.0,4.0,60.0,2022,4,5,1,2,14,0,1,0,3259200.0,6143200.0,7756000.0,6165600.0,5880800.0,4479032.06210151,7075226.666666667,3464743.1518411115,7100177.777777778,3283988.579055326,59.1613395036236,26.064978588837214,1629600.0,7078400.0,72.39403612399401,36988000.0,36988000.0
2022-04-06,4524800.0,3.0,3.0,3.0,45.0,2022,4,6,2,2,14,0,0,0,9777600.0,2475200.0,7812000.0,10001600.0,6173600.0,4281955.764990258,6965653.333333333,3492507.05286315,7039324.444444444,3280361.6307328898,82.80539641023093,-42.07884766015775,1131200.0,0.0,0.0,41512800.0,41512800.0
2022-04-07,5241600.0,6.0,6.0,6.0,43.0,2022,4,7,3,2,14,0,0,0,4524800.0,1702400.0,9626400.0,11239200.0,6679200.0,3853536.169978596,6819493.333333333,3468988.04989277,6972684.444444444,3254904.5526284827,207.89461472355808,-45.5497334881437,748800.0,0.0,0.0,46754400.0,46754400.0
2022-04-08,4888800.0,3.0,3.0,3.0,28.0,2022,4,8,4,2,14,0,0,0,5241600.0,7151200.0,6669600.0,5958400.0,6356000.0,3901922.3159873355,6760133.333333333,3486831.706166277,6960800.0,3260597.2679587784,-31.636643970712054,-26.700247885893024,1222200.0,672000.0,13.745701655682039,51643200.0,51643200.0
2022-04-09,4642400.0,4.0,4.0,4.0,49.0,2022,4,9,5,2,14,1,0,0,4888800.0,3158400.0,7156800.0,13042400.0,6568000.0,3736021.898579642,6676320.0,3507128.5771735804,6867466.666666667,3204295.1062737512,46.98580072638022,-35.13301543524823,928480.0,1344000.0,28.950536586563718,56285600.0,56285600.0
2022-04-10,20731200.0,11.0,10.0,9.0,136.0,2022,4,10,6,2,14,1,0,0,4642400.0,13641600.0,11446400.0,11177600.0,7580800.0,6152604.166258921,6985813.333333333,4269422.070857651,6973617.777777778,3493846.69648753,51.970439540051046,81.11545279603607,1727600.0,6216000.0,29.983791098258127,77016800.0,77016800.0
2022-04-11,2755200.0,2.0,2.0,2.0,24.0,2022,4,11,0,2,15,0,0,0,20731200.0,3259200.0,8736000.0,4452000.0,7508800.0,6214246.118932419,6786453.333333333,4324164.59252702,6954764.444444444,3512136.8439181037,-15.463912781077324,-68.46153062482479,918400.0,0.0,0.0,79772000.0,79772000.0
2022-04-12,5359200.0,4.0,4.0,4.0,36.0,2022,4,12,1,2,15,0,0,0,2755200.0,9777600.0,4810400.0,7403200.0,6877600.0,6169623.997187077,6804746.666666667,4316671.008186695,6932053.333333333,3515811.2744533173,-45.18899881473993,11.408612296563218,1071840.0,0.0,0.0,85131200.0,85131200.0
2022-04-13,16128000.0,10.0,10.0,9.0,121.0,2022,4,13,2,2,15,0,0,0,5359200.0,4524800.0,7901600.0,6921600.0,8535200.0,6942457.893282463,7078960.0,4638073.270123541,7034346.666666667,3646987.7460166398,256.4355868910036,104.11054671072355,1466181.8181818181,3920000.0,24.305554048514754,101259200.0,101259200.0
2022-04-14,7520800.0,4.0,4.0,4.0,54.0,2022,4,14,3,2,15,0,0,0,16128000.0,5241600.0,4480000.0,6423200.0,8860800.0,6814511.825019699,7180320.0,4612473.344014183,7046542.222222222,3646756.288242707,43.48289768717611,67.87498484933374,1504160.0,3192000.0,42.442287729724534,108780000.0,108780000.0
2022-04-15,8820000.0,6.0,6.0,6.0,78.0,2022,4,15,4,2,15,0,0,0,7520800.0,4888800.0,9402400.0,10808000.0,9422400.0,6590935.027242592,7160906.666666667,4604016.255621063,7024453.333333333,3629697.5329212225,80.41235468573991,-6.194162533591154,1260000.0,3494400.0,39.61904312709262,117600000.0,117600000.0
2022-04-16,14873600.0,8.0,8.0,6.0,104.0,2022,4,16,5,2,15,1,0,0,8820000.0,4642400.0,7537600.0,7688800.0,10884000.0,6487883.665212662,7405440.0,4814711.109004611,7104284.444444444,3722302.731166819,220.38595976521634,97.32539570614045,1652622.2222222222,6406400.0,43.07228626073807,132473600.0,132473600.0
2022-04-17,4715200.0,5.0,5.0,5.0,34.0,2022,4,17,6,2,15,1,0,0,14873600.0,20731200.0,6669600.0,4804800.0,8596000.0,5115302.928794472,7340293.333333333,4838175.97767883,7103288.888888889,3722936.5825116164,-77.25553382073716,-29.30310223954926,785866.6666666666,1708000.0,36.223270227504614,137188800.0,137188800.0
2022-04-18,9424800.0,5.0,5.0,4.0,62.0,2022,4,18,0,2,16,0,0,0,4715200.0,2755200.0,4480000.0,4272800.0,9548800.0,4419938.050847919,7505120.0,4821572.6155656325,7160533.333333333,3718531.9050653297,242.07308287126784,110.3749753627287,1570800.0,6272000.0,66.54782419278668,146613600.0,146613600.0
2022-04-19,5006400.0,2.0,2.0,2.0,27.0,2022,4,19,1,2,16,0,0,0,9424800.0,5359200.0,10897600.0,4267200.0,9498400.0,4477312.86078305,7308746.666666667,4798552.650448511,7168746.666666667,3712881.493165673,-6.583070871945276,-54.05960449460391,1668800.0,5006400.0,99.99998002557126,151620000.0,151620000.0
2022-04-20,7554400.0,5.0,5.0,4.0,60.0,2022,4,20,2,2,16,0,0,0,5006400.0,16128000.0,4502400.0,7352800.0,8273600.0,3405989.265984256,7410480.0,4769267.248164417,7170986.666666667,3713054.5902171447,-53.1597189261087,67.78605459620323,1259066.6666666667,3225600.0,42.698289381249424,159174400.0,159174400.0
2022-04-21,4121600.0,3.0,3.0,3.0,30.0,2022,4,21,3,2,16,0,0,0,7554400.0,7520800.0,4580800.0,6462400.0,7788000.0,3755580.7788765025,7395173.333333333,4779388.239523124,7144977.777777778,3726248.6830645073,-45.197313424461036,-10.024447689388822,1030400.0,1848000.0,44.83694564321001,163296000.0,163296000.0
2022-04-22,6602400.0,4.0,4.0,2.0,46.0,2022,4,22,4,2,16,0,0,0,4121600.0,8820000.0,1814400.0,9044000.0,7471200.0,3747541.62974431,7554773.333333333,4665180.264612862,7117848.888888889,3721152.066417506,-25.14285429219339,263.88874344756204,1320480.0,0.0,0.0,169898400.0,169898400.0
2022-04-23,1932000.0,1.0,1.0,1.0,15.0,2022,4,23,5,2,16,1,0,0,6602400.0,14873600.0,7924000.0,6216000.0,5622400.0,2457138.932444258,7355040.0,4775785.72568485,7070248.888888889,3760014.8656544695,-87.01053631867629,-75.6183650153502,966000.0,0.0,0.0,171830400.0,171830400.0
2022-04-24,5650400.0,4.0,4.0,4.0,36.0,2022,4,24,6,2,16,1,0,0,1932000.0,4715200.0,9923200.0,7795200.0,5756000.0,2424803.0792898024,7212613.333333333,4760243.186756057,7046417.777777778,3762164.7681357306,19.833725009814003,-43.05868640572735,1130080.0,3808000.0,67.39344694296918,177480800.0,177480800.0
2022-04-25,8164800.0,7.0,6.0,6.0,81.0,2022,4,25,0,2,17,0,0,1,5650400.0,9424800.0,7761600.0,12639200.0,5576000.0,2136720.3779000444,7226053.333333333,4762415.334733599,6996702.222222222,3716717.1264400203,-13.368982538729465,5.194804525509621,1020600.0,0.0,0.0,185645600.0,185645600.0
2022-04-26,6440000.0,5.0,4.0,5.0,72.0,2022,4,26,1,2,17,0,0,1,8164800.0,5006400.0,4239200.0,9049600.0,5780800.0,2141724.1652463037,7299413.333333333,4731670.737643444,6967706.666666667,3710696.0988684227,28.635341036405194,51.9154434998482,1073333.3333333333,0.0,0.0,192085600.0,192085600.0
2022-04-27,7588000.0,5.0,5.0,5.0,51.0,2022,4,27,2,2,17,0,0,1,6440000.0,7554400.0,16576000.0,9699200.0,5785600.0,2146394.1856052387,6999813.333333333,4396738.40083002,6944248.888888889,3699891.9158596676,0.4447738477213481,-54.222969701799606,1264666.6666666667,4312000.0,56.82656077667887,199673600.0,199673600.0
2022-04-28,10729600.0,6.0,6.0,5.0,54.0,2022,4,28,3,2,17,0,0,1,7588000.0,4121600.0,6143200.0,9318400.0,6729600.0,2679500.450954737,7152693.333333333,4445393.980983116,6959928.888888889,3713033.495500228,160.3260480575388,74.65814646142948,1532800.0,6815200.0,63.5177393828531,210403200.0,210403200.0
2022-04-29,9032800.0,8.0,8.0,6.0,80.0,2022,4,29,4,2,17,0,0,1,10729600.0,6602400.0,2475200.0,7884800.0,7076800.0,2814339.8136448697,7371280.0,4368013.653382728,6972684.444444444,3718214.721178571,36.81085108281063,264.93201966224154,1003644.4444444445,1971200.0,21.822688222623306,219436000.0,219436000.0
2022-04-30,12504800.0,7.0,7.0,6.0,89.0,2022,4,30,5,2,17,1,0,1,9032800.0,1932000.0,1702400.0,2268000.0,8587200.0,2399587.164493086,7731360.0,4329664.532485405,7086426.666666667,3729237.1028359896,547.2460935579226,634.5391009521259,1563100.0,3404800.0,27.227942291924517,231940800.0,231940800.0
2022-05-01,8920800.0,8.0,8.0,8.0,69.0,2022,5,1,6,2,17,1,1,0,12504800.0,5650400.0,7151200.0,3942400.0,9054400.0,2021001.2040240436,7790346.666666667,4333540.6127755055,7141742.222222222,3718986.017326992,57.879077962785296,24.74549379887378,991200.0,2240000.0,25.10985280357672,8920800.0,240861600.0
2022-05-02,10393600.0,7.0,7.0,7.0,88.0,2022,5,2,0,2,18,0,1,0,8920800.0,8164800.0,3158400.0,7280000.0,9372800.0,2033022.9446155545,8031520.0,4267700.316402346,7176337.777777778,3734735.253483573,27.297664695073404,229.07794165465373,1299200.0,3808000.0,36.637927509435855,19314400.0,251255200.0
2022-05-03,7464800.0,7.0,7.0,5.0,52.0,2022,5,3,1,2,18,0,1,0,10393600.0,6440000.0,13641600.0,5779200.0,9519200.0,1811454.81128658,7825626.666666667,4134635.5622192156,7195066.666666667,3731875.551714335,15.91304100729177,-45.2791428220192,933100.0,2329600.0,31.207797769826684,26779200.0,258720000.0
2022-05-04,14336000.0,7.0,6.0,6.0,82.0,2022,5,4,2,2,18,0,1,0,7464800.0,7588000.0,3259200.0,3158400.0,10483200.0,2332922.6305216304,8194853.333333333,4206743.290425531,7319262.222222222,3781688.151855289,88.92987757908836,339.862438677455,1792000.0,12465600.0,86.95311893463177,41115200.0,273056000.0
2022-05-05,2492000.0,3.0,3.0,3.0,15.0,2022,5,5,3,2,18,0,1,0,14336000.0,10729600.0,9777600.0,6462400.0,9306400.0,3802624.63744889,7952000.0,4320967.7281352375,7275146.666666667,3814809.6997377872,-76.77452311600403,-74.51316534597801,623000.0,1736000.0,69.66289339370249,43607200.0,275548000.0
2022-05-06,4306400.0,4.0,4.0,4.0,31.0,2022,5,6,4,2,18,0,0,0,2492000.0,9032800.0,4524800.0,4961600.0,8631200.0,4252324.904488521,7944720.0,4327120.61102355,7267866.666666667,3819896.153891736,-52.32485471560815,-4.826731606539161,861280.0,0.0,0.0,47913600.0,279854400.0
2022-05-07,5437600.0,3.0,3.0,3.0,40.0,2022,5,7,5,2,18,1,0,0,4306400.0,12504800.0,5241600.0,464800.0,7621600.0,4011501.4113587583,7951253.333333333,4323044.597290307,7323120.0,3755814.048692983,-56.51589337567228,3.739315525924235,1359400.0,0.0,0.0,53351200.0,285292000.0
2022-05-08,5376000.0,6.0,6.0,5.0,45.0,2022,5,8,6,2,18,1,0,0,5437600.0,8920800.0,4888800.0,6081600.0,7115200.0,4043772.443317417,7967493.333333333,4312044.559853355,7315280.0,3759169.700435747,-39.73634206166016,9.965633700369477,768000.0,1120000.0,20.833329458086038,58727200.0,290668000.0
2022-05-09,7347200.0,6.0,6.0,5.0,62.0,2022,5,9,0,2,19,0,0,0,5376000.0,10393600.0,4642400.0,7257600.0,6680000.0,3787978.73982066,8057653.333333333,4268177.248342009,7316275.555555556,3759166.117737296,-29.310342007548684,58.26295488045948,1049600.0,1344000.0,18.292680437080733,66074400.0,298015200.0
2022-05-10,4586400.0,5.0,5.0,5.0,30.0,2022,5,10,1,2,19,0,0,0,7347200.0,7464800.0,20731200.0,13736800.0,6268800.0,3844397.4265589807,7519493.333333333,3576962.2186636417,7214604.444444444,3706943.2518369635,-38.55963474444932,-77.8768195822326,764400.0,448000.0,9.768007638233115,70660800.0,302601600.0
2022-05-11,8758400.0,5.0,5.0,5.0,77.0,2022,5,11,2,2,19,0,0,0,4586400.0,14336000.0,2755200.0,1814400.0,5472000.0,2055501.158679634,7719600.0,3467485.5299899452,7291760.0,3665313.3359872955,-38.906247286115565,217.88609978001605,1459733.3333333333,0.0,0.0,79419200.0,311360000.0
2022-05-12,4379200.0,5.0,5.0,4.0,43.0,2022,5,12,3,2,19,0,0,0,8758400.0,2492000.0,5359200.0,3718400.0,5741600.0,1690933.3123061506,7686933.333333333,3494996.382942564,7299102.222222222,3658730.818592204,75.73030668928304,-18.286307977625768,729866.6666666666,672000.0,15.345265038074295,83798400.0,315739200.0
2022-05-13,4222400.0,3.0,3.0,3.0,25.0,2022,5,13,4,2,19,0,0,0,4379200.0,4306400.0,16128000.0,4351200.0,5729600.0,1703070.4820020369,7290080.0,3163703.6321374974,7297671.111111111,3659921.8414091165,-1.9505847226024702,-73.81943986734623,1055600.0,0.0,0.0,88020800.0,319961600.0
2022-05-14,6400800.0,5.0,5.0,5.0,47.0,2022,5,14,5,2,19,1,0,0,4222400.0,5437600.0,7520800.0,9413600.0,5867200.0,1714419.4119292928,7252746.666666667,3167493.1529995203,7264195.555555556,3654124.7270555682,17.713693961730552,-14.892030782359486,1066800.0,0.0,0.0,94421600.0,326362400.0
2022-05-15,10029600.0,6.0,6.0,5.0,81.0,2022,5,15,6,2,19,1,0,0,6400800.0,5376000.0,8820000.0,2352000.0,6532000.0,2295865.361906046,7293066.666666667,3195704.1947323405,7349502.222222222,3627681.798322818,86.56248389834748,13.714284159378213,1432800.0,0.0,0.0,104451200.0,336392000.0
2022-05-16,7812000.0,4.0,4.0,4.0,59.0,2022,5,16,0,2,20,0,0,0,10029600.0,7347200.0,14873600.0,7616000.0,6598400.0,2329841.6541330256,7057680.0,2860587.3125443393,7351680.0,3627902.4052876835,6.326218651157086,-47.47740644649537,1562400.0,0.0,0.0,112263200.0,344204000.0
2022-05-17,9262400.0,5.0,5.0,5.0,57.0,2022,5,17,1,2,20,0,0,0,7812000.0,4586400.0,4715200.0,8405600.0,7266400.0,2327164.111101745,7209253.333333333,2852646.544180155,7361200.0,3631821.127605457,101.95357972405814,96.43703417945491,1543733.3333333333,4704000.0,50.78596791479877,121525600.0,353466400.0
2022-05-18,14179200.0,8.0,8.0,7.0,109.0,2022,5,18,2,2,20,0,0,0,9262400.0,8758400.0,9424800.0,3018400.0,8040800.0,3508490.395217479,7367733.333333333,3101213.383592736,7485208.888888889,3672188.6323867184,61.89257605355133,50.445627446139184,1575466.6666666667,5096000.0,35.939965869727075,135704800.0,367645600.0
2022-05-19,5600000.0,5.0,5.0,4.0,38.0,2022,5,19,3,2,20,0,0,0,14179200.0,4379200.0,5006400.0,10841600.0,8215200.0,3321503.466805352,7387520.0,3087491.16836933,7426968.888888889,3659903.6838694303,27.877231485834976,11.856820897886527,933333.3333333334,896000.0,15.999997142857653,141304800.0,373245600.0
2022-05-20,5454400.0,4.0,4.0,4.0,42.0,2022,5,20,4,2,20,0,0,0,5600000.0,4222400.0,7554400.0,7655200.0,8391200.0,3099920.549519504,7317520.0,3107319.244489115,7402515.555555556,3665709.267295976,29.177711922671485,-27.79836548258426,1090880.0,0.0,0.0,146759200.0,378700000.0
2022-05-21,8618400.0,7.0,7.0,7.0,62.0,2022,5,21,5,2,20,1,0,0,5454400.0,6400800.0,4121600.0,6451200.0,8708000.0,2973338.092671821,7467413.333333333,3055869.973282434,7426595.555555556,3666507.939700958,34.64566387863019,109.1032343984777,1077300.0,4144000.0,48.08316531105944,155377600.0,387318400.0
2022-05-22,5308800.0,4.0,4.0,3.0,51.0,2022,5,22,6,2,20,1,0,0,8618400.0,10029600.0,6602400.0,4636800.0,8033600.0,3153534.0767674134,7424293.333333333,3077546.497806477,7434062.222222222,3661443.5711068287,-47.06867202394193,-19.59287235052824,1061760.0,1344000.0,25.31645092743164,160686400.0,392627200.0
2022-05-23,7879200.0,6.0,6.0,5.0,57.0,2022,5,23,0,2,21,0,0,0,5308800.0,7812000.0,1932000.0,3511200.0,8043200.0,3152849.259532289,7622533.333333333,2897859.8644556603,7482595.555555556,3637733.5041439007,0.8602149436488806,307.82592762633146,1125600.0,2688000.0,34.115134262979204,168565600.0,400506400.0
2022-05-24,6059200.0,7.0,6.0,6.0,51.0,2022,5,24,1,2,21,0,0,0,7879200.0,9262400.0,5650400.0,12124000.0,7585600.0,3178751.6879009763,7636160.0,2889214.740422707,7415208.888888889,3606830.4150689137,-34.58282577055344,7.234884745348162,757400.0,0.0,0.0,174624800.0,406565600.0
2022-05-25,5745600.0,7.0,7.0,6.0,37.0,2022,5,25,2,2,21,0,0,1,6059200.0,14179200.0,8164800.0,9122400.0,6380800.0,1315041.9207513162,7555520.0,2907653.190722241,7377688.888888889,3606435.3795148963,-59.47866879099887,-29.629626000682684,718200.0,2352000.0,40.93566538992178,180370400.0,412311200.0
2022-05-26,9643200.0,5.0,5.0,5.0,66.0,2022,5,26,3,2,21,0,0,1,5745600.0,5600000.0,6440000.0,756000.0,6958400.0,1735620.1735018645,7662293.333333333,2924044.0336951995,7476435.555555556,3544224.0914489334,72.19998710714516,49.73912271131635,1607200.0,6764800.0,70.15097994950017,190013600.0,421954400.0
2022-05-27,4536000.0,5.0,5.0,4.0,36.0,2022,5,27,4,2,21,0,0,1,9643200.0,5454400.0,7588000.0,5140800.0,6827200.0,1895599.1137368619,7560560.0,2979288.691964737,7469715.555555556,3549272.0824819375,-16.837779253853906,-40.22139691336361,756000.0,0.0,0.0,194549600.0,426490400.0
2022-05-28,6529600.0,6.0,5.0,5.0,48.0,2022,5,28,5,2,21,1,0,1,4536000.0,8618400.0,10729600.0,9822400.0,6528800.0,1723206.623323693,7420560.0,2923393.966348489,7433128.888888889,3541711.0012618834,-24.23651440679077,-39.144046456154335,932800.0,1512000.0,23.156085647499747,201079200.0,433020000.0
2022-05-29,1680000.0,1.0,1.0,1.0,11.0,2022,5,29,6,2,21,1,0,1,6529600.0,5308800.0,9032800.0,11978400.0,6010400.0,2515218.2781354478,7175466.666666667,3087200.077442489,7318702.222222222,3559528.1021972722,-68.35441750406542,-81.40110692131931,840000.0,0.0,0.0,202759200.0,434700000.0
2022-05-30,7868000.0,6.0,5.0,5.0,71.0,2022,5,30,0,2,22,0,0,1,1680000.0,7879200.0,12504800.0,12191200.0,6008800.0,2513834.5318125677,7020906.666666667,2922885.147971072,7270666.666666667,3522008.1952829803,-0.14214639276241336,-37.08015825281826,1124000.0,1254400.0,15.94305847190411,210627200.0,442568000.0
2022-05-31,14089600.0,9.0,9.0,7.0,98.0,2022,5,31,1,2,22,0,0,1,7868000.0,6059200.0,8920800.0,2956800.0,7156000.0,3958124.512105867,7193200.0,3179789.3610567423,7394364.444444444,3564045.670721868,132.5323256317128,57.940985344253285,1408960.0,4256000.0,30.206675121602096,224716800.0,456657600.0
2022-06-01,7084000.0,4.0,4.0,3.0,49.0,2022,6,1,2,2,22,0,1,0,14089600.0,5745600.0,10393600.0,10774400.0,7347200.0,3910680.9228061517,7082880.0,3121808.7178141903,7353360.0,3545904.2368356506,23.294342924265017,-31.842669350112633,1416800.0,5740000.0,81.02765654606769,7084000.0,463741600.0
2022-06-02,4972800.0,4.0,3.0,4.0,28.0,2022,6,2,3,2,22,0,1,0,7084000.0,9643200.0,7464800.0,6148800.0,6680000.0,3851636.452210927,6999813.333333333,3144368.655640541,7340293.333333333,3552553.4652311527,-48.432050726724455,-33.38334136435787,994560.0,840000.0,16.891888495035293,12056800.0,468714400.0
2022-06-03,5840800.0,5.0,5.0,4.0,55.0,2022,6,3,4,2,22,0,1,0,4972800.0,4536000.0,14336000.0,8887200.0,6866400.0,3761093.060977528,6716640.0,2827467.7109165816,7306444.444444444,3552161.958775713,28.76542575718127,-59.25780836650332,973466.6666666666,1344000.0,23.010542560857665,17897600.0,474555200.0
2022-06-04,6171200.0,4.0,4.0,4.0,46.0,2022,6,4,5,2,22,1,1,0,5840800.0,6529600.0,2492000.0,7756000.0,6815200.0,3768873.5010168017,6839280.0,2715481.417964471,7288835.555555556,3553836.0836261744,-5.4888499312592,147.6403901924598,1234240.0,3539200.0,57.35026293909403,24068800.0,480726400.0
2022-06-05,4032000.0,3.0,3.0,3.0,35.0,2022,6,5,6,2,22,1,1,0,6171200.0,1680000.0,4306400.0,7812000.0,7151200.0,3311900.159525743,6830133.333333333,2724753.5204356425,7246835.555555556,3569883.9368761797,139.99991666671627,-6.371910093834736,1008000.0,0.0,0.0,28100800.0,484758400.0
2022-06-06,5275200.0,4.0,4.0,4.0,36.0,2022,6,6,0,2,23,0,0,0,4032000.0,7868000.0,5437600.0,9626400.0,6780800.0,3362967.356368476,6824720.0,2727775.1457539704,7198488.888888889,3566758.2006806093,-32.95373246648037,-2.9866111912220115,1055040.0,0.0,0.0,33376000.0,490033600.0
2022-06-07,10057600.0,7.0,7.0,7.0,84.0,2022,6,7,1,2,23,0,0,0,5275200.0,14089600.0,5376000.0,6669600.0,6204800.0,1951654.2316711682,6980773.333333333,2775534.147403395,7236133.333333333,3578971.440719132,-28.616850115201984,87.08331713479964,1257200.0,784000.0,7.7950994476714675,43433600.0,500091200.0
2022-06-08,12493600.0,9.0,8.0,8.0,105.0,2022,6,8,2,2,23,0,0,0,10057600.0,7084000.0,7347200.0,7156800.0,6977600.0,3094328.12739696,7152320.0,2952370.443815822,7295431.111111111,3621599.4613977587,76.36362558390378,70.04572217365498,1249360.0,6160000.0,49.30524033863416,55927200.0,512584800.0
2022-06-09,5611200.0,5.0,5.0,5.0,42.0,2022,6,9,3,2,23,0,0,0,12493600.0,4972800.0,4586400.0,11446400.0,7068800.0,3034216.0766827357,7186480.0,2927481.818477654,7230595.555555556,3598611.1864150167,12.837835256226823,22.344317472458254,935200.0,1680000.0,29.94011442470159,61538400.0,518196000.0
2022-06-10,5723200.0,6.0,6.0,4.0,40.0,2022,6,10,4,2,23,0,0,0,5611200.0,5840800.0,8758400.0,8736000.0,7052000.0,3042462.897062177,7085306.666666667,2923728.8348877383,7197120.0,3598463.0982522494,-2.0134224740750457,-34.654727501058694,817600.0,2184000.0,38.16046299963954,67261600.0,523919200.0
2022-06-11,9217600.0,7.0,7.0,7.0,59.0,2022,6,11,5,2,23,1,0,0,5723200.0,6171200.0,4379200.0,4810400.0,7487200.0,3112547.3040582,7246586.666666667,2902679.1614470314,7246088.888888889,3595605.0810019267,49.36478328934676,110.48590827413494,1152200.0,4956000.0,53.7667013358465,76479200.0,533136800.0
2022-06-12,7425600.0,3.0,3.0,3.0,53.0,2022,6,12,6,2,23,1,0,0,9217600.0,4032000.0,4222400.0,7901600.0,7972000.0,2724820.317011742,7353360.0,2845960.037715894,7240800.0,3594980.062578527,84.16664579200254,75.86205099894586,1856400.0,3360000.0,45.248862684650035,83904800.0,540562400.0
2022-06-13,13619200.0,8.0,7.0,5.0,97.0,2022,6,13,0,2,24,0,0,0,7425600.0,5275200.0,6400800.0,4480000.0,9164000.0,3141654.663814378,7593973.333333333,3059759.4260776867,7342346.666666667,3644850.7336832727,158.17406768007513,112.77338570594524,1513244.4444444445,11558400.0,84.86841482110441,97524000.0,554181600.0
2022-06-14,8624000.0,6.0,6.0,6.0,57.0,2022,6,14,1,2,24,0,0,0,13619200.0,10057600.0,10029600.0,9402400.0,8959200.0,3120348.3224366633,7547120.0,3031811.3696213868,7333697.777777778,3640828.8115861663,-14.253896132884968,-14.014515632276897,1232000.0,5460000.0,63.31168097035239,106148000.0,562805600.0
2022-06-15,9004800.0,6.0,6.0,5.0,61.0,2022,6,15,2,2,24,0,0,0,8624000.0,12493600.0,7812000.0,7537600.0,8460800.0,2713875.4577172417,7586880.0,3043204.8051015385,7350000.0,3645034.4130556,-27.92469520997189,15.268815249767634,1286400.0,7728000.0,85.82088599181704,115152800.0,571810400.0
2022-06-16,6641600.0,7.0,7.0,5.0,45.0,2022,6,16,3,2,24,0,0,0,9004800.0,5611200.0,9262400.0,6669600.0,8608000.0,2556961.5301499227,7499520.0,3031040.580440297,7349688.888888889,3645094.333528918,18.363270180483642,-28.295039266816456,830200.0,3892000.0,58.60032844490357,121794400.0,578452000.0
2022-06-17,5359200.0,5.0,5.0,5.0,54.0,2022,6,17,4,2,24,0,0,0,6641600.0,5723200.0,14179200.0,4480000.0,8556000.0,2628117.7041119435,7205520.0,2777984.6813708358,7359457.777777778,3638489.2735142405,-6.360077166606589,-62.20378708221994,893200.0,196000.0,3.657261595525154,127153600.0,583811200.0
2022-06-18,5437600.0,3.0,3.0,3.0,34.0,2022,6,18,5,2,24,1,0,0,5359200.0,9217600.0,5600000.0,10897600.0,8016000.0,2848611.3576033213,7200106.666666667,2781377.327739686,7298791.111111111,3624324.2224080362,-41.00850101886597,-2.8999994821429493,1359400.0,3724000.0,68.48608421250474,132591200.0,589248800.0
2022-06-19,10600800.0,7.0,7.0,7.0,55.0,2022,6,19,6,2,24,1,0,0,5437600.0,7425600.0,5454400.0,4502400.0,8469600.0,2988306.882946702,7371653.333333333,2828305.883537098,7366551.111111111,3628460.9236475164,42.760175236994286,94.35316545299841,1325100.0,6748000.0,63.65556715950049,143192000.0,599849600.0
2022-06-20,8372000.0,8.0,7.0,7.0,52.0,2022,6,20,0,2,25,0,0,0,10600800.0,13619200.0,8618400.0,4580800.0,7720000.0,1963742.7122716387,7363440.0,2824916.253821241,7408675.555555556,3617747.5580501487,-38.52795769737153,-2.8589990184954264,930222.2222222222,5404000.0,64.54848727323372,151564000.0,608221600.0
2022-06-21,2083200.0,3.0,3.0,3.0,20.0,2022,6,21,1,2,25,0,0,0,8372000.0,8624000.0,5308800.0,1814400.0,6785600.0,2827905.2129329424,7255920.0,2963787.0450745467,7411662.222222222,3613185.335841646,-75.84414704961189,-60.759482225835924,520800.0,0.0,0.0,153647200.0,610304800.0
2022-06-22,5880000.0,3.0,3.0,3.0,37.0,2022,6,22,2,2,25,0,0,0,2083200.0,9004800.0,7879200.0,7924000.0,6339200.0,2660909.5988652664,7189280.0,2971754.543908593,7388951.111111111,3616351.308169591,-34.70148868364776,-25.373131108090778,1470000.0,4872000.0,82.85712876579443,159527200.0,616184800.0
2022-06-23,5381600.0,5.0,5.0,5.0,56.0,2022,6,23,3,2,25,0,0,0,5880000.0,6641600.0,6059200.0,9923200.0,6159200.0,2679595.4719571597,7166693.333333333,2983192.8536423817,7338488.888888889,3612275.5373037755,-18.971329352666626,-11.182992609091528,896933.3333333334,3029600.0,56.29551503353741,164908800.0,621566400.0
2022-06-24,9368800.0,6.0,6.0,5.0,69.0,2022,6,24,4,2,25,0,0,0,5381600.0,5359200.0,5745600.0,7761600.0,6732000.0,2899604.1293022474,7287466.666666667,2996986.5901617217,7356346.666666667,3618358.332178417,74.81712292560029,63.06041787447475,1338400.0,0.0,0.0,174277600.0,630935200.0
2022-06-25,12891200.0,8.0,6.0,7.0,100.0,2022,6,25,5,2,25,1,0,1,9368800.0,5437600.0,9643200.0,4239200.0,7796800.0,3623302.007837598,7395733.333333333,3140264.8011925975,7452480.0,3649411.630682039,137.07515501781023,33.6817618962832,1432355.5555555555,1344000.0,10.425715959281064,187168800.0,643826400.0
2022-06-26,11872000.0,6.0,6.0,5.0,75.0,2022,6,26,6,2,25,1,0,1,12891200.0,10600800.0,4536000.0,16576000.0,7978400.0,3814094.338983586,7640266.666666667,3195047.998272382,7400213.333333333,3549597.1360331676,11.99154667652001,161.72835940732818,1696000.0,0.0,0.0,199040800.0,655698400.0
2022-06-27,5068000.0,3.0,3.0,3.0,40.0,2022,6,27,0,2,26,0,0,1,11872000.0,8372000.0,6529600.0,6143200.0,7506400.0,3958954.259228899,7591546.666666667,3223584.3502635937,7388266.666666667,3555679.4830337917,-39.46487822923098,-22.384216125916424,1267000.0,0.0,0.0,204108800.0,660766400.0
2022-06-28,3572800.0,2.0,2.0,2.0,26.0,2022,6,28,1,2,26,0,0,1,5068000.0,2083200.0,1680000.0,2475200.0,7719200.0,3646574.5753149358,7654640.0,3120775.232777463,7400462.222222222,3540488.7812937573,71.50534201932507,112.66659960321452,1190933.3333333333,2856000.0,79.93728170138779,207681600.0,664339200.0
2022-06-29,8248800.0,6.0,6.0,6.0,54.0,2022,6,29,2,2,26,0,0,1,3572800.0,5880000.0,7868000.0,1702400.0,8057600.0,3556244.611009387,7667333.333333333,3122446.949090576,7473200.0,3488981.058298909,40.28570743440349,4.839857036113748,1178400.0,4368000.0,52.95315040331317,215930400.0,672588000.0
2022-06-30,6585600.0,7.0,6.0,6.0,54.0,2022,6,30,3,2,26,0,0,1,8248800.0,5381600.0,14089600.0,7151200.0,8229600.0,3432199.8387817256,7417200.0,2881499.9140174803,7466915.555555556,3490076.784703472,22.37252445879953,-53.25913771440369,823200.0,1680000.0,25.51020020799924,222516000.0,679173600.0
2022-07-01,7453600.0,5.0,4.0,5.0,53.0,2022,7,1,4,3,26,0,1,0,6585600.0,9368800.0,7084000.0,3158400.0,7956000.0,3402459.2831264427,7429520.0,2880816.2165225497,7514640.0,3459733.843267026,-20.442317005132246,5.217390567844358,1242266.6666666667,3528000.0,47.33282610646854,7453600.0,7453600.0
2022-07-02,21285600.0,10.0,10.0,8.0,141.0,2022,7,2,5,3,26,1,1,0,7453600.0,12891200.0,4972800.0,13641600.0,9155200.0,5954212.06206161,7973280.0,3795456.4116440127,7599573.333333333,3697492.250337167,65.11728426234298,328.04047457358536,1935054.5454545454,11452000.0,53.80162862209059,28739200.0,28739200.0
2022-07-03,4978400.0,6.0,6.0,4.0,31.0,2022,7,3,6,3,26,1,1,0,21285600.0,11872000.0,5840800.0,3259200.0,8170400.0,5999884.5322222635,7944533.333333333,3815378.3016062514,7618675.555555556,3679212.519869175,-58.06603284484224,-14.765098143217001,711200.0,1075200.0,21.597295999257593,33717600.0,33717600.0
2022-07-04,3136000.0,2.0,2.0,2.0,26.0,2022,7,4,0,3,27,0,1,0,4978400.0,5068000.0,6171200.0,9777600.0,7894400.0,6207237.066521623,7843360.0,3903254.3290138682,7544880.0,3701959.89547232,-38.121539439317395,-49.18329511548887,1045333.3333333334,1008000.0,32.14284689322484,36853600.0,36853600.0
2022-07-05,4536000.0,5.0,5.0,5.0,40.0,2022,7,5,1,3,27,0,1,0,3136000.0,3572800.0,4032000.0,4524800.0,8032000.0,6105309.706586006,7860160.0,3887336.355451349,7545004.444444444,3701857.4191128346,26.95924010321314,12.499996899802355,756000.0,0.0,0.0,41389600.0,41389600.0
2022-07-06,4116000.0,3.0,3.0,3.0,32.0,2022,7,6,2,3,27,0,0,0,4536000.0,8248800.0,5275200.0,5241600.0,7441600.0,6278228.098224316,7821520.0,3919544.5666468726,7532497.777777778,3711615.422886748,-50.10182692005783,-21.974518127366142,1029000.0,0.0,0.0,45505600.0,45505600.0
2022-07-07,3673600.0,2.0,2.0,2.0,27.0,2022,7,7,3,3,27,0,0,0,4116000.0,6585600.0,10057600.0,4888800.0,7025600.0,6438822.153158136,7608720.0,3966970.224273917,7518995.555555556,3723532.0181673127,-44.217680360532015,-63.474381216753386,1224533.3333333333,0.0,0.0,49179200.0,49179200.0
2022-07-08,8265600.0,5.0,5.0,5.0,56.0,2022,7,8,4,3,27,0,0,0,3673600.0,7453600.0,12493600.0,4642400.0,7141600.0,6455111.776982124,7467786.666666667,3861133.9349036254,7559253.333333333,3711649.177145152,10.89406315148879,-33.84132405060799,1377600.0,3808000.0,46.07045513084893,57444800.0,57444800.0
2022-07-09,7246400.0,4.0,4.0,4.0,58.0,2022,7,9,5,3,27,1,0,0,8265600.0,21285600.0,5611200.0,20731200.0,5136000.0,1906656.5780618826,7522293.333333333,3845531.537353659,7409422.222222222,3435883.8081156714,-65.95632418365824,29.141711373376218,1449280.0,5432000.0,74.96134977901444,64691200.0,64691200.0
2022-07-10,7940800.0,5.0,5.0,5.0,49.0,2022,7,10,6,3,27,1,0,0,7246400.0,4978400.0,5723200.0,2755200.0,5559200.0,2175638.3523003035,7596213.333333333,3831042.702012556,7467040.0,3400253.256291564,59.505049914621175,38.74754704578784,1323466.6666666667,3360000.0,42.31311173772016,72632000.0,72632000.0
2022-07-11,10567200.0,8.0,8.0,7.0,83.0,2022,7,11,0,3,28,0,0,0,7940800.0,3136000.0,9217600.0,5359200.0,6620800.0,2572923.6703278455,7641200.0,3858563.7420838503,7524906.666666667,3408284.5356769827,236.9642101517187,14.641553697106222,1174133.3333333333,2912000.0,27.556966125656167,83199200.0,83199200.0
2022-07-12,5656000.0,5.0,5.0,4.0,56.0,2022,7,12,1,3,28,0,0,0,10567200.0,4536000.0,7425600.0,16128000.0,6780800.0,2453734.0687205647,7582213.333333333,3875462.4341408303,7408551.111111111,3287909.467343684,24.691352581271477,-23.83106768058235,942666.6666666666,2184000.0,38.61385455907805,88855200.0,88855200.0
2022-07-13,3584000.0,2.0,2.0,2.0,18.0,2022,7,13,2,3,28,0,0,0,5656000.0,4116000.0,13619200.0,7520800.0,6704800.0,2556130.0332077486,7247706.666666667,3768017.515053123,7364808.888888889,3312494.932339379,-12.925166927802008,-73.68420511599763,1194666.6666666667,0.0,0.0,92439200.0,92439200.0
2022-07-14,6792800.0,5.0,5.0,3.0,58.0,2022,7,14,3,3,28,0,0,0,3584000.0,3673600.0,8624000.0,8820000.0,7150400.0,2184508.316914047,7186666.666666667,3759776.699654429,7342284.444444444,3309379.536670412,84.90851347220342,-21.23376377159511,1132133.3333333333,1344000.0,19.785652487096268,99232000.0,99232000.0
2022-07-15,9716000.0,6.0,6.0,6.0,78.0,2022,7,15,4,3,28,0,0,0,6792800.0,8265600.0,9004800.0,14873600.0,7357600.0,2368915.678814531,7210373.333333333,3773851.788012487,7284977.777777778,3220973.4315407933,17.547423351308634,7.898009073159972,1388000.0,7728000.0,79.5388967127525,108948000.0,108948000.0
2022-07-16,2094400.0,1.0,1.0,1.0,16.0,2022,7,16,5,3,28,1,0,0,9716000.0,7246400.0,6641600.0,4715200.0,6621600.0,3097515.2880978617,7058800.0,3887101.6061522895,7255857.777777778,3256122.3897220106,-71.09736267700339,-68.46541970829023,1047200.0,0.0,0.0,111042400.0,111042400.0
2022-07-17,5516000.0,4.0,4.0,4.0,38.0,2022,7,17,6,3,28,1,0,0,2094400.0,7940800.0,5359200.0,9424800.0,6275200.0,3060765.6384201176,7064026.666666667,3884842.250996354,7212426.666666667,3252934.1460260246,-30.535962304054713,2.925809276420123,1103200.0,3360000.0,60.91369454066451,116558400.0,116558400.0
2022-07-18,4491200.0,3.0,3.0,3.0,36.0,2022,7,18,0,3,29,0,0,0,5516000.0,10567200.0,5437600.0,5006400.0,5407200.0,2439164.5345623256,7032480.0,3902308.325399563,7206702.222222222,3257310.2596866963,-57.49866970449412,-17.404734183328273,1122800.0,504000.0,11.221942638505825,121049600.0,121049600.0
2022-07-19,14683200.0,6.0,6.0,5.0,84.0,2022,7,19,1,3,29,0,0,0,4491200.0,5656000.0,10600800.0,7554400.0,6696800.0,4282482.519909837,7168560.0,4097338.8067933996,7285911.111111111,3351184.0978418365,159.6039321775226,38.51029747657748,2097600.0,13104000.0,89.24484518055702,135732800.0,135732800.0
2022-07-20,2665600.0,2.0,2.0,2.0,20.0,2022,7,20,2,3,29,0,0,0,14683200.0,3584000.0,8372000.0,4121600.0,6565600.0,4406027.967833762,6978346.666666667,4171332.050517933,7269733.333333333,3370092.4493704042,-25.624992850169402,-68.16052697557011,888533.3333333334,0.0,0.0,138398400.0,138398400.0
2022-07-21,9324000.0,6.0,6.0,5.0,66.0,2022,7,21,3,3,29,0,0,0,2665600.0,6792800.0,2083200.0,6602400.0,6927200.0,4529907.348574212,7219706.666666667,4086952.7910786704,7299973.333333333,3376242.0669380086,37.26297885069796,347.5804783119824,1332000.0,5376000.0,57.657651473868356,147722400.0,147722400.0
2022-07-22,4765600.0,5.0,5.0,5.0,40.0,2022,7,22,4,3,29,0,0,0,9324000.0,9716000.0,5880000.0,1932000.0,6220000.0,4406709.841442552,7182560.0,4104575.8305444475,7331457.777777778,3338624.203927604,-50.95100340150233,-18.95237772918746,794266.6666666666,896000.0,18.801406160524138,152488000.0,152488000.0
2022-07-23,2150400.0,1.0,1.0,1.0,17.0,2022,7,23,5,3,29,1,0,0,4765600.0,2094400.0,5381600.0,5650400.0,6228000.0,4398014.145801107,7074853.333333333,4194865.068212056,7292568.888888889,3378570.8093257425,2.6737955148035164,-60.041612152220125,1075200.0,0.0,0.0,154638400.0,154638400.0
2022-07-24,5443200.0,2.0,2.0,2.0,36.0,2022,7,24,6,3,29,1,0,0,2150400.0,5516000.0,9368800.0,8164800.0,6217600.0,4400064.023776622,6944000.0,4182048.3296734057,7262328.888888889,3382853.3274273705,-1.319796715047731,-41.90077257484709,1814400.0,0.0,0.0,160081600.0,160081600.0
2022-07-25,8444800.0,7.0,6.0,6.0,64.0,2022,7,25,0,3,30,0,0,1,5443200.0,4491200.0,12891200.0,6440000.0,6782400.0,4395269.238624635,6795786.666666667,4040401.6348440605,7284604.444444444,3383978.038680541,88.02990558650124,-34.491743631954854,1055600.0,6574400.0,77.85144966707918,168526400.0,168526400.0
2022-07-26,6294400.0,3.0,3.0,3.0,44.0,2022,7,26,1,3,30,0,0,1,8444800.0,14683200.0,11872000.0,7588000.0,5584000.0,2697922.5192729277,6609866.666666667,3925456.1568740276,7270231.111111111,3385421.85018948,-57.13195644464718,-46.98112811816643,1573600.0,3808000.0,60.49821102913526,174820800.0,174820800.0
2022-07-27,7397600.0,4.0,4.0,4.0,61.0,2022,7,27,2,3,30,0,0,1,6294400.0,2665600.0,5068000.0,10729600.0,6260000.0,2423701.3677431424,6687520.0,3916936.0163446516,7233208.888888889,3365325.250843532,177.52094180636936,45.96684175871315,1479520.0,0.0,0.0,182218400.0,182218400.0
2022-07-28,3113600.0,2.0,2.0,2.0,20.0,2022,7,28,3,3,30,0,0,1,7397600.0,9324000.0,3572800.0,9032800.0,5372800.0,2245285.4310012893,6672213.333333333,3930401.574616404,7167440.0,3387527.0220506927,-66.60659946304168,-12.85266097943882,1037866.6666666666,3113600.0,99.9999678828469,185332000.0,185332000.0
2022-07-29,11037600.0,11.0,11.0,10.0,99.0,2022,7,29,4,3,30,0,0,1,3113600.0,4765600.0,8248800.0,12504800.0,6268800.0,3064566.1791951316,6765173.333333333,4001316.0247971956,7151137.777777778,3365008.319223666,131.60984312366898,33.808549872884555,919800.0,1254400.0,11.364788417338152,196369600.0,196369600.0
2022-07-30,3584000.0,2.0,2.0,2.0,20.0,2022,7,30,5,3,30,1,0,1,11037600.0,2150400.0,6585600.0,8920800.0,6473600.0,2777970.6741912602,6665120.0,4043268.8426654176,7091840.0,3380459.9034497505,66.66663566469695,-45.57822437162531,1194666.6666666667,2688000.0,74.99997907366655,199953600.0,199953600.0
2022-07-31,1999200.0,3.0,3.0,3.0,23.0,2022,7,31,6,3,30,1,0,1,3584000.0,5443200.0,7453600.0,10393600.0,5981600.0,3254914.4791632616,6483306.666666667,4128329.758191295,6998568.888888889,3404060.237905746,-63.27159331430165,-73.17805179000057,499800.0,0.0,0.0,201952800.0,201952800.0
2022-08-01,6328000.0,4.0,4.0,4.0,48.0,2022,8,1,0,3,31,0,1,0,1999200.0,8444800.0,21285600.0,7464800.0,5679200.0,3081648.0439314684,5984720.0,3038310.916236867,6985937.777777778,3404419.8887631767,-25.066310029093643,-70.27097801936624,1265600.0,3024000.0,47.78760306769863,6328000.0,208280800.0
2022-08-02,6042400.0,4.0,4.0,3.0,36.0,2022,8,2,1,3,31,0,1,0,6328000.0,6294400.0,4978400.0,14336000.0,5643200.0,3074727.6085316315,6020186.666666667,3032363.2185922647,6893786.666666667,3314285.1174605154,-4.003558082810422,21.372324165931992,1208480.0,2352000.0,38.92492404923142,12370400.0,214323200.0
2022-08-03,7627200.0,4.0,4.0,4.0,47.0,2022,8,3,2,3,31,0,1,0,6042400.0,7397600.0,3136000.0,2492000.0,5676000.0,3097700.8936736686,6169893.333333333,2995704.801871172,6950844.444444444,3281696.6115999823,3.1037088915717406,143.21424004647957,1525440.0,4256000.0,55.80028636979674,19997600.0,221950400.0
2022-08-04,11188800.0,7.0,6.0,5.0,74.0,2022,8,4,3,3,31,0,1,0,7627200.0,3113600.0,4536000.0,4306400.0,6829600.0,3466122.3367523127,6391653.333333333,3114469.3593228525,7027315.555555556,3299522.0661708876,259.35243468896624,146.66663433275258,1398600.0,6552000.0,58.558553324882624,31186400.0,233139200.0
2022-08-05,13759200.0,9.0,9.0,7.0,85.0,2022,8,5,4,3,31,0,1,0,11188800.0,11037600.0,4116000.0,5437600.0,7218400.0,4109703.1198534663,6713093.333333333,3359495.5383759327,7119777.777777778,3370311.4266058044,24.657532012617597,234.28565736500065,1375920.0,7336000.0,53.31704944204245,44945600.0,246898400.0
2022-08-06,7106400.0,5.0,5.0,5.0,39.0,2022,8,6,5,3,31,1,0,0,13759200.0,3584000.0,3673600.0,5376000.0,7721600.0,3794056.0389465317,6827520.0,3310502.9540164596,7139004.444444444,3365183.7173719737,98.28122257778388,93.4450965142921,1184400.0,4284000.0,60.28367946024999,52052000.0,254004800.0
2022-08-07,8685600.0,9.0,9.0,8.0,85.0,2022,8,7,6,3,31,1,0,0,7106400.0,1999200.0,8265600.0,7347200.0,8676800.0,2833306.4406566834,6841520.0,3317674.568065136,7153875.555555556,3369069.1178008486,334.45361421888043,5.081300198255396,868560.0,537600.0,6.1895544131027895,60737600.0,262690400.0
2022-08-08,1836800.0,2.0,2.0,2.0,18.0,2022,8,8,0,3,32,0,0,0,8685600.0,6328000.0,7246400.0,4586400.0,8035200.0,3798090.242915946,6661200.0,3439676.242984462,7123324.444444444,3404889.307587529,-70.97344011165612,-74.65223081085355,612266.6666666666,0.0,0.0,62574400.0,264527200.0
2022-08-09,6843200.0,6.0,6.0,5.0,62.0,2022,8,9,1,3,32,0,0,0,1836800.0,6042400.0,7940800.0,8758400.0,8149600.0,3739673.2834121543,6624613.333333333,3431423.738668664,7102044.444444444,3400537.5958037055,13.253009854857364,-13.822283167655252,977600.0,0.0,0.0,69417600.0,271370400.0
2022-08-10,5420800.0,6.0,6.0,5.0,40.0,2022,8,10,2,3,32,0,0,0,6843200.0,7627200.0,10567200.0,4379200.0,7834400.0,3881342.722993334,6453066.666666667,3355323.749766497,7113617.777777778,3392930.5634244513,-28.92804319697357,-48.701638210534654,774400.0,3360000.0,61.983459640005236,74838400.0,276791200.0
2022-08-11,10388000.0,9.0,8.0,8.0,83.0,2022,8,11,3,3,32,0,0,0,5420800.0,11188800.0,5656000.0,4222400.0,7720000.0,3776378.1166615156,6610800.0,3427021.0117786545,7182124.444444444,3396141.3645062544,-7.157156517485654,83.66335154466911,1038800.0,4004000.0,38.54447068305057,85226400.0,287179200.0
2022-08-12,5639200.0,4.0,4.0,4.0,45.0,2022,8,12,4,3,32,0,0,0,10388000.0,13759200.0,3584000.0,6400800.0,6560000.0,2708159.9558864017,6679306.666666667,3384709.078613782,7173662.222222222,3399057.6718789414,-59.015054725924855,57.34373400007422,1127840.0,2688000.0,47.66632719777146,90865600.0,292818400.0
2022-08-13,14750400.0,8.0,8.0,7.0,84.0,2022,8,13,5,3,32,1,0,0,5639200.0,7106400.0,6792800.0,10029600.0,7652000.0,4132021.968318494,6944560.0,3691790.976412021,7226115.555555556,3479107.3618151313,107.56499668397548,117.14755076734913,1638933.3333333333,9665600.0,65.52771006022141,105616000.0,307568800.0
2022-08-14,9100000.0,6.0,6.0,6.0,64.0,2022,8,14,6,3,32,1,0,0,14750400.0,8685600.0,9716000.0,7812000.0,7711200.0,4152217.7977557937,6924026.666666667,3677530.5206481745,7240426.666666667,3484189.788197511,4.771114860100067,-6.340056984349837,1300000.0,5269600.0,57.90768594421034,114716000.0,316668800.0
2022-08-15,5510400.0,5.0,5.0,5.0,46.0,2022,8,15,0,3,33,0,0,0,9100000.0,1836800.0,2094400.0,9262400.0,8236000.0,3460551.878915651,7037893.333333333,3574269.97252666,7198737.777777778,3482170.7747968044,199.99989111504186,163.10152640301453,918400.0,2520000.0,45.731699017911765,120226400.0,322179200.0
2022-08-16,4552800.0,3.0,3.0,3.0,27.0,2022,8,16,1,3,33,0,0,0,5510400.0,6843200.0,5516000.0,14179200.0,7908800.0,3713245.8254201235,7005786.666666667,3592690.729583715,7091777.777777778,3412493.8626533425,-33.46971687664881,-17.461925768323827,1138200.0,2940000.0,64.57563157273951,124779200.0,326732000.0
2022-08-17,3869600.0,4.0,4.0,4.0,32.0,2022,8,17,2,3,33,0,0,0,4552800.0,5420800.0,4491200.0,5600000.0,7687200.0,3926627.350114426,6985066.666666667,3609446.4893581974,7072551.111111111,3425841.874954214,-28.615697200469082,-13.84039592082385,773920.0,1512000.0,39.07379598051582,128648800.0,330601600.0
2022-08-18,9816800.0,7.0,6.0,7.0,61.0,2022,8,18,3,3,33,0,0,0,3869600.0,10388000.0,14683200.0,5454400.0,7605600.0,3866623.8434410244,6822853.333333333,3351700.9408742683,7121022.222222222,3433542.370539088,-5.498651761777844,-33.14263694953164,1227100.0,1344000.0,13.69081434980703,138465600.0,340418400.0
2022-08-19,10057600.0,8.0,8.0,6.0,68.0,2022,8,19,4,3,33,0,0,0,9816800.0,5639200.0,2665600.0,8618400.0,8236800.0,3852734.1079636733,7069253.333333333,3306954.6290260423,7137013.333333333,3443930.192404797,78.35152533133683,277.310820336577,1117511.111111111,2688000.0,26.72605524915932,148523200.0,350476000.0
2022-08-20,6977600.0,7.0,6.0,6.0,71.0,2022,8,20,5,3,33,1,0,0,10057600.0,14750400.0,9324000.0,5308800.0,7126400.0,2568691.080427275,6991040.0,3279421.2939438564,7155555.555555556,3438464.5376140643,-52.69551654900771,-25.165162466198794,872200.0,2856000.0,40.93097326717306,155500800.0,357453600.0
2022-08-21,7840000.0,7.0,7.0,4.0,51.0,2022,8,21,6,3,33,1,0,0,6977600.0,9100000.0,4765600.0,7879200.0,6946400.0,2448685.742733567,7093520.0,3255428.368698062,7155120.0,3438374.3240998723,-13.846152324598645,64.51232488829845,980000.0,4681600.0,59.714278097668604,163340800.0,365293600.0
2022-08-22,10393600.0,6.0,6.0,6.0,85.0,2022,8,22,0,3,34,0,0,0,7840000.0,5510400.0,2150400.0,6059200.0,7644000.0,2658036.3278179583,7368293.333333333,3170595.9582228134,7203280.0,3453175.006553777,88.61787009693124,383.3331550720075,1484800.0,2419200.0,23.275859829523952,173734400.0,375687200.0
2022-08-23,9536800.0,7.0,7.0,7.0,69.0,2022,8,23,1,3,34,0,0,0,10393600.0,4552800.0,5443200.0,5745600.0,8356000.0,2340566.495530511,7504746.666666667,3172976.05669627,7245404.444444444,3458313.4668558086,109.47107066616792,75.20574750041382,1192100.0,4760000.0,49.91191490731536,183271200.0,385224000.0
2022-08-24,12908000.0,7.0,7.0,7.0,82.0,2022,8,24,2,3,34,0,0,0,9536800.0,3869600.0,8444800.0,9643200.0,9647200.0,1905782.69485269,7653520.0,3319809.798290797,7281680.0,3500611.6377031184,233.5744693057501,52.85145262748051,1613500.0,5936000.0,45.98698125294536,196179200.0,398132000.0
2022-08-25,1780800.0,2.0,2.0,2.0,12.0,2022,8,25,3,3,34,0,0,1,12908000.0,9816800.0,6294400.0,4536000.0,8499200.0,3521794.1185329547,7503066.666666667,3481852.0768489675,7251066.666666667,3536753.5101361973,-81.85966079988786,-71.70817366100444,593600.0,840000.0,47.1697848327803,197960000.0,399912800.0
2022-08-26,4894400.0,3.0,3.0,3.0,23.0,2022,8,26,4,3,34,0,0,1,1780800.0,10057600.0,7397600.0,6529600.0,7761600.0,3678219.6563011263,7419626.666666667,3514309.046812153,7232897.777777778,3544692.683624824,-51.33629779109352,-33.83799693981873,1223600.0,4894400.0,99.9999795684906,202854400.0,404807200.0
2022-08-27,5684000.0,3.0,3.0,3.0,30.0,2022,8,27,5,3,34,1,0,1,4894400.0,6977600.0,3113600.0,1680000.0,7576800.0,3755851.1578602227,7505306.666666667,3436171.569612915,7277386.666666667,3499048.973174596,-18.53932318571956,82.55393032055167,1421000.0,5684000.0,99.9999824067589,208538400.0,410491200.0
2022-08-28,3584000.0,2.0,2.0,2.0,18.0,2022,8,28,6,3,34,1,0,1,5684000.0,7840000.0,11037600.0,7868000.0,6968800.0,4039885.252495831,7256853.333333333,3441424.3975357083,7229786.666666667,3520000.563942759,-54.28570736151692,-67.52916689052267,1194666.6666666667,0.0,0.0,212122400.0,414075200.0
2022-08-29,5510400.0,3.0,3.0,2.0,28.0,2022,8,29,0,3,35,0,0,1,3584000.0,10393600.0,3584000.0,14089600.0,6271200.0,3761985.1213599057,7321066.666666667,3388088.6774753653,7134462.222222222,3447564.5163668655,-46.98275410033539,53.74998500279437,1377600.0,5510400.0,99.99998185250038,217632800.0,419585600.0
2022-08-30,3147200.0,3.0,3.0,3.0,24.0,2022,8,30,1,3,35,0,0,1,5510400.0,9536800.0,1999200.0,7084000.0,5358400.0,3609662.9131633095,7359333.333333333,3331925.8680056264,7090720.0,3473092.244290144,-66.99940577558449,57.42294046471565,786800.0,0.0,0.0,220780000.0,422732800.0
2022-08-31,7884800.0,6.0,6.0,5.0,55.0,2022,8,31,2,3,35,0,0,1,3147200.0,12908000.0,6328000.0,4972800.0,4640800.0,1998315.3971950044,7411226.666666667,3327429.6227624067,7123075.555555556,3466698.17518381,-38.915398286690554,24.60176602374115,1126400.0,3046400.0,38.636358736257264,228664800.0,430617600.0
2022-09-01,10248000.0,5.0,5.0,5.0,83.0,2022,9,1,3,3,35,0,1,0,7884800.0,1780800.0,6042400.0,5840800.0,5850400.0,2482564.3086668737,7551413.333333333,3356239.0506835664,7172044.444444444,3479485.2577825543,475.4714311144255,69.60147133564952,1708000.0,6944000.0,67.75955622955149,10248000.0,440865600.0
2022-09-02,5112800.0,5.0,5.0,4.0,48.0,2022,9,2,4,3,35,0,1,0,10248000.0,4894400.0,7627200.0,6171200.0,5881600.0,2469887.2093005856,7467600.0,3385548.534580473,7160284.444444444,3484690.631502807,4.462241651225553,-32.966221815840434,852133.3333333334,336000.0,6.571740226150011,15360800.0,445978400.0
2022-09-03,2738400.0,5.0,5.0,5.0,27.0,2022,9,3,5,3,35,1,1,0,5112800.0,5684000.0,11188800.0,4032000.0,5460800.0,2744789.2742431005,7185920.0,3416662.628779221,7145911.111111111,3500371.453946785,-51.82265098123663,-75.52551877542554,456400.0,0.0,0.0,18099200.0,448716800.0
2022-09-04,7705600.0,9.0,9.0,9.0,67.0,2022,9,4,6,3,35,1,1,0,2738400.0,3584000.0,13759200.0,5275200.0,6049600.0,2717019.190215625,6984133.333333333,3186038.744848867,7172915.555555556,3495148.3035488334,114.9999679129554,-43.99674079912053,770560.0,2284800.0,29.65115894269636,25804800.0,456422400.0
2022-09-05,2262400.0,2.0,2.0,2.0,21.0,2022,9,5,0,3,36,0,1,0,7705600.0,5510400.0,7106400.0,10057600.0,5585600.0,3077830.2660586457,6822666.666666667,3300324.5170984166,7086302.222222222,3519362.2993913353,-58.943078734197385,-68.16389899753757,754133.3333333334,0.0,0.0,28067200.0,458684800.0
2022-09-06,10953600.0,7.0,7.0,6.0,78.0,2022,9,6,1,3,36,0,0,0,2262400.0,3147200.0,8685600.0,12493600.0,6700800.0,3440013.736406679,6898266.666666667,3369716.7814411963,7069191.111111111,3496445.788037358,248.04262581258715,26.11218268027739,1369200.0,5096000.0,46.52351313508681,39020800.0,469638400.0
2022-09-07,2755200.0,2.0,2.0,2.0,21.0,2022,9,7,2,3,36,0,0,0,10953600.0,7884800.0,1836800.0,5611200.0,5968000.0,3683501.4935972677,6928880.0,3326037.228563908,7037457.777777778,3522688.90062078,-65.05680993090377,49.999972778760466,918400.0,0.0,0.0,41776000.0,472393600.0
2022-09-08,6104000.0,4.0,4.0,3.0,52.0,2022,9,8,3,3,36,0,0,0,2755200.0,10248000.0,6843200.0,5723200.0,5376000.0,3179516.407673757,6904240.0,3329430.1976619703,7041688.888888889,3521321.029834697,-40.43715452408719,-10.801962414957561,1220800.0,3046400.0,49.90824870441535,47880000.0,478497600.0
2022-09-09,5376000.0,3.0,3.0,3.0,17.0,2022,9,9,4,3,36,0,0,0,6104000.0,5112800.0,5420800.0,9217600.0,5413600.0,3177440.7143695536,6902746.666666667,3330128.4750750572,6999004.444444444,3517930.6569269313,5.147863177150842,-0.8264461285334032,1344000.0,2688000.0,49.999990699406496,53256000.0,483873600.0
2022-09-10,11832800.0,7.0,7.0,7.0,82.0,2022,9,10,5,3,36,1,0,0,5376000.0,2738400.0,10388000.0,7425600.0,6712800.0,3715076.627294064,6950906.666666667,3392139.837607677,7047973.333333333,3554419.9317140803,332.10621819083474,13.908354456261604,1479100.0,6160000.0,52.05867993554527,65088800.0,495706400.0
2022-09-11,8204000.0,6.0,6.0,6.0,72.0,2022,9,11,6,3,36,1,0,0,11832800.0,7705600.0,5639200.0,13619200.0,6784000.0,3741953.7143048644,7036400.0,3390260.710552689,6987804.444444444,3487130.0209987652,6.468022416421509,45.48162053454027,1172000.0,0.0,0.0,73292800.0,503910400.0
2022-09-12,6249600.0,6.0,6.0,5.0,57.0,2022,9,12,0,3,37,0,0,0,8204000.0,2262400.0,14750400.0,8624000.0,7353600.0,3203719.538286704,6753040.0,3062715.914595609,6961422.222222222,3483592.2191272015,176.23754586388532,-57.63097559178222,892800.0,0.0,0.0,79542400.0,510160000.0
2022-09-13,4317600.0,4.0,4.0,4.0,35.0,2022,9,13,1,3,37,0,0,0,6249600.0,10953600.0,9100000.0,9004800.0,6405600.0,2931134.0603936845,6593626.666666667,3060805.6346422005,6909342.222222222,3487734.8601995567,-60.582816555030625,-52.55384037869886,863520.0,0.0,0.0,83860000.0,514477600.0
2022-09-14,4922400.0,4.0,4.0,4.0,36.0,2022,9,14,2,3,37,0,0,0,4317600.0,2755200.0,5510400.0,6641600.0,6715200.0,2573997.4825162455,6574026.666666667,3069850.5895276014,6890240.0,3493920.272457883,78.6585080362558,-10.670729770846078,984480.0,0.0,0.0,88782400.0,519400000.0
2022-09-15,3880800.0,3.0,3.0,3.0,26.0,2022,9,15,3,3,37,0,0,0,4922400.0,6104000.0,4552800.0,5359200.0,6397600.0,2790070.1257614717,6551626.666666667,3087508.517138418,6873813.333333333,3504658.1841437016,-36.42201238171488,-14.760144359483315,970200.0,2016000.0,51.948038562142195,92663200.0,523280800.0
2022-09-16,13636000.0,9.0,9.0,7.0,103.0,2022,9,16,4,3,37,0,0,0,3880800.0,5376000.0,3869600.0,5437600.0,7577600.0,3836467.9033367797,6877173.333333333,3302372.271557827,6964906.666666667,3572792.978049531,153.64580475338454,252.38777848155402,1363600.0,4900000.0,35.93428894585737,106299200.0,536916800.0
2022-09-17,3780000.0,3.0,3.0,2.0,32.0,2022,9,17,5,3,37,1,0,0,13636000.0,11832800.0,9816800.0,10600800.0,6427200.0,3544056.37276459,6675946.666666667,3300995.2969007534,6889120.0,3567138.727711835,-68.05489249755827,-61.49457445454991,945000.0,2352000.0,62.22220576132123,110079200.0,540696800.0
2022-09-18,9385600.0,9.0,9.0,7.0,87.0,2022,9,18,6,3,37,1,0,0,3780000.0,8204000.0,10057600.0,8372000.0,6596000.0,3668734.3794102394,6653546.666666667,3279466.512936401,6900382.222222222,3573467.5641510985,14.402728619852677,-6.68151381228983,938560.0,1008000.0,10.739855657618516,119464800.0,550082400.0
2022-09-19,3964800.0,3.0,3.0,3.0,38.0,2022,9,19,0,3,38,0,0,0,9385600.0,6249600.0,6977600.0,2083200.0,6269600.0,3803838.7067101877,6553120.0,3315137.1755463798,6921288.888888889,3550397.5547119235,-36.55913393511042,-43.17816395635119,991200.0,1344000.0,33.89829653493328,123429600.0,554047200.0
2022-09-20,5644800.0,5.0,5.0,3.0,31.0,2022,9,20,1,3,38,0,0,0,3964800.0,4317600.0,7840000.0,5880000.0,6459200.0,3722534.247883642,6479946.666666667,3309975.80611361,6918675.555555556,3551259.0828856477,30.73929249136268,-27.999996428571883,940800.0,2688000.0,47.619039183135065,129074400.0,559692000.0
2022-09-21,8215200.0,6.0,6.0,4.0,58.0,2022,9,21,2,3,38,0,0,0,5644800.0,4922400.0,10393600.0,5381600.0,6929600.0,3703971.202191863,6407333.333333333,3244403.6490795794,6950160.0,3550039.429462947,66.89418436246865,-20.959049707603747,1173600.0,4032000.0,49.07974862696604,137289600.0,567907200.0
2022-09-22,5269600.0,5.0,5.0,5.0,38.0,2022,9,22,3,3,38,0,0,0,8215200.0,3880800.0,9536800.0,9368800.0,7128000.0,3547329.902898794,6265093.333333333,3195645.771976924,6904613.333333333,3544952.374735957,35.78642656503129,-44.744563716910946,878266.6666666666,2016000.0,38.25716596000343,142559200.0,573176800.0
2022-09-23,0.0,0.0,0.0,0.0,0.0,2022,9,23,4,3,38,0,0,0,5269600.0,13636000.0,12908000.0,12891200.0,5180000.0,3092805.8630742775,5834826.666666667,3138864.8753126063,6761377.777777778,3560745.977194582,-99.99999266647166,-99.99999225286705,0.0,0.0,0.0,142559200.0,573176800.0
2022-09-24,7067200.0,4.0,4.0,4.0,44.0,2022,9,24,5,3,38,1,0,0,0.0,3780000.0,1780800.0,11872000.0,5649600.0,3094364.3224416804,6011040.0,3050572.5076699434,6707991.111111111,3519036.0590137793,86.96293995689419,296.8551792142974,1413440.0,1512000.0,21.394608700106307,149626400.0,580244000.0
2022-09-25,8736000.0,6.0,6.0,4.0,55.0,2022,9,25,6,3,38,1,0,1,7067200.0,9385600.0,4894400.0,5068000.0,5556800.0,2970926.607418404,6139093.333333333,3082544.73099332,6748746.666666667,3521068.967001648,-6.9212403126874875,78.48968648053153,1248000.0,5628000.0,64.42306954864131,158362400.0,588980000.0
2022-09-26,5740000.0,3.0,3.0,3.0,43.0,2022,9,26,0,3,39,0,0,1,8736000.0,3964800.0,5684000.0,3572800.0,5810400.0,2886963.1379704108,6140960.0,3082276.5855887965,6772826.666666667,3506485.5161879663,44.774000006557706,0.9852215015444227,1435000.0,0.0,0.0,164102400.0,594720000.0
2022-09-27,13188000.0,8.0,7.0,7.0,111.0,2022,9,27,1,3,39,0,0,1,5740000.0,5644800.0,3584000.0,8248800.0,6888000.0,4005836.222313634,6461093.333333333,3298696.750696772,6827706.666666667,3567958.388329937,133.63092870767278,267.9686752319545,1465333.3333333333,5040000.0,38.216557611725996,177290400.0,607908000.0
2022-09-28,2900800.0,3.0,3.0,2.0,15.0,2022,9,28,2,3,39,0,0,1,13188000.0,8215200.0,5510400.0,6585600.0,6128800.0,4210739.336506116,6374106.666666667,3358496.5732255536,6786764.444444444,3591829.405945981,-64.68983534304273,-47.35771498299307,725200.0,0.0,0.0,180191200.0,610808800.0
2022-09-29,4592000.0,4.0,4.0,4.0,37.0,2022,9,29,3,3,39,0,0,1,2900800.0,5269600.0,3147200.0,7453600.0,6032000.0,4241459.899610034,6422266.666666667,3320775.115721535,6754968.888888889,3598519.6082148347,-12.858658558778929,45.90745872284611,918400.0,1769600.0,38.53657697374195,184783200.0,615400800.0
2022-09-30,12941600.0,7.0,6.0,7.0,98.0,2022,9,30,4,3,39,0,0,1,4592000.0,0.0,7884800.0,21285600.0,7880800.0,3986874.5185504192,6590826.666666667,3519939.2768012052,6662257.777777778,3316376.021461585,1294160000.0,64.13351459345645,1617700.0,7784000.0,60.147117810230746,197724800.0,628342400.0
2022-10-01,3696000.0,3.0,3.0,3.0,41.0,2022,10,1,5,4,39,1,1,0,12941600.0,7067200.0,10248000.0,4978400.0,7399200.0,4293367.883918945,6372426.666666667,3488322.1473083976,6648008.888888889,3326431.73181669,-47.70205347208888,-63.934419990786495,924000.0,0.0,0.0,3696000.0,3696000.0
2022-10-02,5628000.0,5.0,5.0,5.0,51.0,2022,10,2,6,4,39,1,1,0,3696000.0,8736000.0,5112800.0,3136000.0,6955200.0,4292788.719080714,6389600.0,3483171.437958067,6675697.777777778,3307185.552667149,-35.57691900447356,10.07666834676335,938000.0,0.0,0.0,9324000.0,9324000.0
2022-10-03,6008800.0,5.0,5.0,5.0,55.0,2022,10,3,0,4,40,0,1,0,5628000.0,5740000.0,2738400.0,4536000.0,6993600.0,4281293.611359379,6498613.333333333,3415478.1798538025,6692062.222222222,3300115.3085260624,4.682926013427524,119.4273592508913,1001466.6666666666,0.0,0.0,15332800.0,15332800.0
2022-10-04,4289600.0,3.0,3.0,3.0,37.0,2022,10,4,1,4,40,0,1,0,6008800.0,13188000.0,7705600.0,4116000.0,5722400.0,3356740.196480304,6384746.666666667,3430759.437765356,6693991.111111111,3298643.110062163,-67.47345560559178,-44.331389595697985,1072400.0,0.0,0.0,19622400.0,19622400.0
2022-10-05,11116000.0,7.0,7.0,7.0,74.0,2022,10,5,2,4,40,0,1,0,4289600.0,2900800.0,2262400.0,3673600.0,6896000.0,3630756.67411996,6679866.666666667,3444692.773982378,6776684.444444444,3315318.701100649,283.20453557482915,391.3364606893296,1389500.0,6518400.0,58.639793213404715,30738400.0,30738400.0
2022-10-06,5068000.0,4.0,4.0,4.0,38.0,2022,10,6,3,4,40,0,0,0,11116000.0,4592000.0,10953600.0,8265600.0,6964000.0,3584577.245180614,6483680.0,3359443.62290071,6741155.555555556,3316316.8547574873,10.365851401164765,-53.73210143403981,1013600.0,2856000.0,56.353580040730066,35806400.0,35806400.0
2022-10-07,8226400.0,7.0,7.0,6.0,57.0,2022,10,7,4,4,40,0,0,0,5068000.0,12941600.0,2755200.0,7246400.0,6290400.0,2574909.6243039872,6666053.333333333,3298001.9610346626,6752044.444444444,3319601.6815041564,-36.4344411483556,198.57716369876465,1028300.0,1120000.0,13.614702225189362,44032800.0,44032800.0
2022-10-08,1792000.0,3.0,3.0,3.0,24.0,2022,10,8,5,4,40,1,0,0,8226400.0,3696000.0,6104000.0,7940800.0,6018400.0,2965573.5993789295,6522320.0,3415221.530291335,6683724.444444444,3357913.743239429,-51.51513757707317,-70.64219026176437,448000.0,0.0,0.0,45824800.0,45824800.0
2022-10-09,9307200.0,7.0,7.0,5.0,75.0,2022,10,9,6,4,40,1,0,0,1792000.0,5628000.0,5376000.0,10567200.0,6544000.0,3201503.979902774,6653360.0,3445010.222456177,6669724.444444444,3344138.99589867,65.37312271266477,73.124986397882,1163400.0,2184000.0,23.465701449877358,55132000.0,55132000.0
2022-10-10,4155200.0,5.0,5.0,5.0,39.0,2022,10,10,0,4,41,0,0,0,9307200.0,6008800.0,11832800.0,5656000.0,6279200.0,3327332.753623133,6397440.0,3330238.268538957,6653048.888888889,3352980.913876338,-30.848084334961335,-64.88404562875688,692533.3333333334,1344000.0,32.3450056928654,59287200.0,59287200.0
2022-10-11,7414400.0,5.0,5.0,4.0,49.0,2022,10,11,1,4,41,0,0,0,4155200.0,4289600.0,8204000.0,3584000.0,6725600.0,3223924.1016707113,6371120.0,3318567.8629441173,6695608.888888889,3337863.1097224415,72.84593602062289,-9.624572205683544,1235733.3333333333,2598400.0,35.04531249388858,66701600.0,66701600.0
2022-10-12,6641600.0,6.0,6.0,6.0,65.0,2022,10,12,2,4,41,0,0,0,7414400.0,11116000.0,6249600.0,6792800.0,6086400.0,2589514.9816133454,6384186.666666667,3318844.6128063896,6693928.888888889,3337851.692911952,-40.25188554768932,6.2724004300434535,948800.0,1344000.0,20.2360846428444,73343200.0,73343200.0
2022-10-13,16273600.0,12.0,10.0,9.0,140.0,2022,10,13,3,4,41,0,0,0,6641600.0,5068000.0,4317600.0,9716000.0,7687200.0,4565039.390848667,6782720.0,3751744.460675177,6766791.111111111,3473383.518154854,221.1049287480409,276.9130357344275,1251815.3846153845,5376000.0,33.03509776354969,89616800.0,89616800.0
2022-10-14,3651200.0,4.0,4.0,3.0,25.0,2022,10,14,4,4,41,0,0,0,16273600.0,8226400.0,4922400.0,2094400.0,7033600.0,4796625.836286723,6740346.666666667,3780548.083211116,6784088.888888889,3453673.704047979,-55.61605858989854,-25.824795663742144,730240.0,1568000.0,42.94477351424915,93268000.0,93268000.0
2022-10-15,13524000.0,12.0,12.0,11.0,124.0,2022,10,15,5,4,41,1,0,0,3651200.0,1792000.0,3880800.0,5516000.0,8709600.0,4708747.287053458,7061786.666666667,3935799.4660624485,6873066.666666667,3523094.817236116,654.6871346611971,248.48478445558015,1040307.6923076923,1960000.0,14.492752551556304,106792000.0,106792000.0
2022-10-16,2172800.0,2.0,2.0,2.0,21.0,2022,10,16,6,4,41,1,0,0,13524000.0,9307200.0,13636000.0,4491200.0,7690400.0,5293629.096690974,6679680.0,3830579.0964381536,6847306.666666667,3549086.0305597885,-76.65462473626604,-84.0657022539086,724266.6666666666,0.0,0.0,108964800.0,108964800.0
2022-10-17,3992800.0,3.0,2.0,3.0,22.0,2022,10,17,0,4,42,0,0,0,2172800.0,4155200.0,3780000.0,14683200.0,7667200.0,5312028.694701611,6686773.333333333,3825217.6894496004,6728524.444444444,3461704.119484572,-3.9083548545545685,5.629628140310016,998200.0,3864000.0,96.77416931121786,112957600.0,112957600.0
2022-10-18,18328800.0,13.0,13.0,9.0,137.0,2022,10,18,1,4,42,0,0,0,3992800.0,7414400.0,9385600.0,2665600.0,9226400.0,6657000.918331515,6984880.0,4354638.877176921,6902560.0,3644073.6493007545,147.20541821247596,95.28638602898205,1309200.0,5555200.0,30.308583742057106,131286400.0,131286400.0
2022-10-19,13372800.0,7.0,7.0,7.0,87.0,2022,10,19,2,4,42,0,0,0,18328800.0,6641600.0,3964800.0,9324000.0,10188000.0,6707367.68238231,7298480.0,4466958.398515589,6947546.666666667,3698881.9564107074,101.34905725291236,237.28807574453293,1671600.0,4200000.0,31.40703282730372,144659200.0,144659200.0
2022-10-20,6048000.0,3.0,3.0,3.0,46.0,2022,10,20,3,4,42,0,0,0,13372800.0,16273600.0,5644800.0,4765600.0,8727200.0,6259661.912063087,7311920.0,4462415.560364061,6961795.555555556,3692847.30425783,-62.835508871085146,7.14285587747026,1512000.0,0.0,0.0,150707200.0,150707200.0
2022-10-21,1741600.0,2.0,2.0,2.0,12.0,2022,10,21,4,4,42,0,0,0,6048000.0,3651200.0,8215200.0,2150400.0,8454400.0,6552507.102883087,7096133.333333333,4572394.9053613795,6957253.333333333,3699077.998551911,-52.30059917271057,-78.80026307329547,580533.3333333334,0.0,0.0,152448800.0,152448800.0
2022-10-22,10763200.0,9.0,8.0,6.0,100.0,2022,10,22,5,4,42,1,0,0,1741600.0,13524000.0,5269600.0,5443200.0,8060000.0,6273661.208576692,7279253.333333333,4606600.309131663,7016364.444444444,3717074.5518337623,-20.414077165477877,104.25077724100933,1076320.0,0.0,0.0,163212000.0,163212000.0
2022-10-23,2940000.0,3.0,3.0,3.0,26.0,2022,10,23,6,4,42,1,0,0,10763200.0,2172800.0,0.0,8444800.0,8169600.0,6159330.872749082,7377253.333333333,4475818.924238859,6955200.0,3738534.333732193,35.3092620999346,294000000.0,735000.0,840000.0,28.571418853258894,166152000.0,166152000.0
2022-10-24,10953600.0,7.0,7.0,6.0,75.0,2022,10,24,0,4,43,0,0,0,2940000.0,3992800.0,7067200.0,6294400.0,9164000.0,5930251.8080319865,7506800.0,4522534.948607837,7006968.888888889,3761469.668777566,174.3337571794838,54.9920682884214,1369200.0,5230400.0,47.750506888100084,177105600.0,177105600.0
2022-10-25,6417600.0,4.0,4.0,3.0,41.0,2022,10,25,1,4,43,0,0,1,10953600.0,18328800.0,8736000.0,7397600.0,7462400.0,4364408.609040477,7429520.0,4520614.111958834,6996080.0,3761744.6108917417,-64.98624760015672,-26.538458500634327,1283520.0,2329600.0,36.30016886372338,183523200.0,183523200.0
2022-10-26,7106400.0,5.0,5.0,5.0,59.0,2022,10,26,2,4,43,0,0,1,6417600.0,13372800.0,5740000.0,3113600.0,6567200.0,3508860.2518006656,7475066.666666667,4509875.372032397,7040444.444444444,3738917.2338523394,-46.859292978337145,23.80487390158991,1184400.0,2150400.0,30.26004302318431,190629600.0,190629600.0
2022-10-27,3684800.0,4.0,4.0,4.0,36.0,2022,10,27,3,4,43,0,0,1,7106400.0,6048000.0,13188000.0,11037600.0,6229600.0,3676806.730484116,7158293.333333333,4427766.830522046,6958746.666666667,3730918.6068656347,-39.07406761341475,-72.05944251899889,736960.0,1792000.0,48.63220564692639,194314400.0,194314400.0
2022-10-28,3869600.0,6.0,6.0,6.0,26.0,2022,10,28,4,4,43,0,0,1,3684800.0,1741600.0,2900800.0,3584000.0,6533600.0,3313960.1285068737,7190586.666666667,4399084.632976721,6961920.0,3728136.385218028,122.18642501927823,33.39767188442089,552800.0,1008000.0,26.049197320343882,198184000.0,198184000.0
2022-10-29,6070400.0,6.0,6.0,5.0,49.0,2022,10,29,5,4,43,1,0,1,3869600.0,10763200.0,4592000.0,1999200.0,5863200.0,2740832.4574843966,7239866.666666667,4377196.916728338,7007155.555555556,3691766.0215069274,-43.60041218221233,32.19511494008821,867200.0,0.0,0.0,204254400.0,204254400.0
2022-10-30,8618400.0,6.0,6.0,6.0,63.0,2022,10,30,6,4,43,1,0,1,6070400.0,2940000.0,12941600.0,6328000.0,6674400.0,2566212.7113705836,7095760.0,4252396.1674850285,7032604.444444444,3694924.706289506,193.14279144803012,-33.40544960395549,1231200.0,3528000.0,40.93566776482088,212872800.0,212872800.0
2022-10-31,7414400.0,6.0,6.0,6.0,56.0,2022,10,31,0,4,44,0,0,1,8618400.0,10953600.0,3696000.0,6042400.0,6168800.0,1823883.8559513488,7219706.666666667,4203797.962182597,7047848.888888889,3693623.493744064,-32.31083549601633,100.60603338581349,1059200.0,2150400.0,29.003017236321586,220287200.0,220287200.0
2022-11-01,6708800.0,5.0,5.0,5.0,40.0,2022,11,1,1,4,44,0,1,0,7414400.0,6417600.0,5628000.0,7627200.0,6210400.0,1833798.3604166044,7255733.333333333,4194307.142596589,7037644.444444444,3693273.549293721,4.537521107965422,19.203976687282037,1118133.3333333333,2766400.0,41.23538617407194,6708800.0,226996000.0
2022-11-02,4916800.0,7.0,6.0,6.0,46.0,2022,11,2,2,4,44,0,1,0,6708800.0,7106400.0,6008800.0,11188800.0,5897600.0,1842216.8095349937,7219333.333333333,4210209.993070073,6967955.555555556,3673183.700643991,-30.811658390794438,-18.173342735098068,614600.0,1512000.0,30.75170217383213,11625600.0,231912800.0
2022-11-03,3147200.0,2.0,2.0,2.0,23.0,2022,11,3,3,4,44,0,1,0,4916800.0,3684800.0,4289600.0,13759200.0,5820800.0,1957443.284831847,7181253.333333333,4242663.474080738,6850044.444444444,3622710.335519689,-14.589661694077915,-26.631847577432026,1049066.6666666667,2520000.0,80.0711489351967,14772800.0,235060000.0
2022-11-04,5213600.0,4.0,4.0,4.0,48.0,2022,11,4,4,4,44,0,1,0,3147200.0,3869600.0,11116000.0,7106400.0,6012800.0,1793180.0281436588,6984506.666666667,4190439.6858377117,6829013.333333333,3626697.3711412326,34.73226309379184,-53.09823199907952,1042720.0,0.0,0.0,19986400.0,240273600.0
2022-11-05,8624000.0,4.0,4.0,4.0,62.0,2022,11,5,5,4,44,1,1,0,5213600.0,6070400.0,5068000.0,8685600.0,6377600.0,2048432.8188479342,7103040.0,4184648.438708584,6828328.888888889,3626348.84794903,42.06641373444687,70.16573201149724,1724800.0,4569600.0,52.98700684287954,28610400.0,248897600.0
2022-11-06,1836800.0,3.0,3.0,3.0,16.0,2022,11,6,6,4,44,1,0,0,8624000.0,8618400.0,8226400.0,1836800.0,5408800.0,2387611.3586595193,6890053.333333333,4286858.9922140455,6828328.888888889,3626348.84794903,-78.68745025904457,-77.67187619470532,459200.0,336000.0,18.292672967839195,30447200.0,250734400.0
2022-11-07,6507200.0,4.0,3.0,3.0,53.0,2022,11,7,0,4,45,0,0,0,1836800.0,7414400.0,1792000.0,6843200.0,5279200.0,2282929.6265982348,7047226.666666667,4178569.981995846,6824595.555555556,3626506.319004257,-12.23564789657317,263.1248531669346,1301440.0,2184000.0,33.56281756165209,36954400.0,257241600.0
2022-11-08,6720000.0,7.0,7.0,6.0,63.0,2022,11,8,1,4,45,0,0,0,6507200.0,6708800.0,9307200.0,5420800.0,5280800.0,2284102.1810184605,6960986.666666667,4156961.1058654548,6839031.111111111,3623440.1105202325,0.16694488329583781,-27.797830948316253,840000.0,3987200.0,59.333324503969564,43674400.0,263961600.0
2022-11-09,5762400.0,5.0,5.0,5.0,31.0,2022,11,9,2,4,45,0,0,0,6720000.0,4916800.0,4155200.0,10388000.0,5401600.0,2284003.455922653,7014560.0,4129822.2035370446,6787635.555555556,3605295.0166281643,17.19817417869871,38.67923597438487,960400.0,3556000.0,61.71038773594548,49436800.0,269724000.0
2022-11-10,6949600.0,4.0,4.0,4.0,65.0,2022,11,10,3,4,45,0,0,0,5762400.0,3147200.0,7414400.0,5639200.0,5944800.0,2103511.0204924745,6999066.666666667,4129142.2588744713,6802195.555555556,3603250.390932517,120.8184669488857,-6.268881329725759,1389920.0,0.0,0.0,56386400.0,276673600.0
2022-11-11,8528800.0,5.0,5.0,5.0,65.0,2022,11,11,4,4,45,0,0,0,6949600.0,5213600.0,6641600.0,14750400.0,6418400.0,2277457.482954759,7061973.333333333,4137874.859437849,6733066.666666667,3507457.396443355,63.587528082797284,28.41483551932734,1421466.6666666667,1680000.0,19.697962234081906,64915200.0,285202400.0
2022-11-12,1489600.0,1.0,1.0,1.0,14.0,2022,11,12,5,4,45,1,0,0,8528800.0,8624000.0,16273600.0,9100000.0,5399200.0,2685699.57118562,6569173.333333333,3874985.943194375,6648506.666666667,3541327.3417326733,-82.72726313459378,-90.84651884976165,744800.0,0.0,0.0,66404800.0,286692000.0
2022-11-13,5751200.0,5.0,5.0,4.0,49.0,2022,11,13,6,4,45,1,0,0,1489600.0,1836800.0,3651200.0,5510400.0,5958400.0,2180297.0317520103,6639173.333333333,3839259.437114304,6651182.222222222,3540548.6935453694,213.1096400753266,57.51532167086939,958533.3333333334,3192000.0,55.50145091433946,72156000.0,292443200.0
2022-11-14,6764800.0,4.0,4.0,3.0,51.0,2022,11,14,0,4,46,0,0,0,5751200.0,6507200.0,13524000.0,4552800.0,5995200.0,2193239.2603939255,6413866.666666667,3612953.366118514,6675760.0,3533489.0682208124,3.958691302143579,-49.979292370652736,1352960.0,2856000.0,42.21853680544335,78920800.0,299208000.0
2022-11-15,10578400.0,7.0,7.0,7.0,88.0,2022,11,15,1,4,46,0,0,0,6764800.0,6720000.0,2172800.0,3869600.0,6546400.0,2805216.2079478465,6694053.333333333,3598616.0324187945,6750302.222222222,3544372.7844677875,57.41665812252111,386.85549205840755,1322300.0,2856000.0,26.998409305905497,89499200.0,309786400.0
2022-11-16,13109600.0,9.0,8.0,8.0,109.0,2022,11,16,2,4,46,0,0,0,10578400.0,5762400.0,3992800.0,9816800.0,7596000.0,3696050.706722871,6997946.666666667,3744619.210117577,6786888.888888889,3593043.009041084,127.50240741663067,228.3309386067575,1310960.0,3808000.0,29.047413418608244,102608800.0,322896000.0
2022-11-17,11496800.0,7.0,7.0,5.0,80.0,2022,11,17,3,4,46,0,0,0,13109600.0,6949600.0,18328800.0,10057600.0,8245600.0,3954096.8526327186,6770213.333333333,3199884.630219131,6802880.0,3610921.2694549686,65.43109453334084,-37.27466952148152,1437100.0,7537600.0,65.5625856270801,114105600.0,334392800.0
2022-11-18,3976000.0,4.0,3.0,3.0,45.0,2022,11,18,4,4,46,0,0,0,11496800.0,8528800.0,13372800.0,6977600.0,7595200.0,4262187.081769167,6456986.666666667,2983915.13743308,6769528.888888889,3623130.4076504726,-53.381477654361966,-70.26800144562085,795200.0,0.0,0.0,118081600.0,338368800.0
2022-11-19,6792800.0,4.0,4.0,4.0,54.0,2022,11,19,5,4,46,1,0,0,3976000.0,1489600.0,6048000.0,7840000.0,8352800.0,3375036.355359742,6481813.333333333,2983493.3613228383,6757893.333333333,3621335.0788057153,356.0147985937174,12.314812778635453,1358560.0,3024000.0,44.51771809596659,124874400.0,345161600.0
2022-11-20,12404000.0,7.0,7.0,7.0,101.0,2022,11,20,6,4,46,1,0,0,6792800.0,5751200.0,1741600.0,10393600.0,9303200.0,3456064.721616187,6837226.666666667,3033996.2256396073,6780231.111111111,3650099.7056920463,115.67670822146539,612.218297991331,1550500.0,0.0,0.0,137278400.0,357565600.0
2022-11-21,2307200.0,2.0,2.0,2.0,26.0,2022,11,21,0,4,47,0,0,0,12404000.0,6764800.0,10763200.0,9536800.0,8666400.0,4307517.496965814,6555360.0,3049439.011562841,6699902.222222222,3668260.2636696193,-65.89402999437826,-78.56398853835397,769066.6666666666,0.0,0.0,139585600.0,359872800.0
2022-11-22,6277600.0,4.0,4.0,4.0,40.0,2022,11,22,1,4,47,0,0,0,2307200.0,10578400.0,2940000.0,12908000.0,8052000.0,4296053.457147227,6666613.333333333,2972913.7792957295,6626231.111111111,3608269.6239362783,-40.656428131245924,113.52377091028201,1255520.0,3136000.0,49.95538900927281,145863200.0,366150400.0
2022-11-23,8825600.0,4.0,4.0,4.0,58.0,2022,11,23,2,4,47,0,0,0,6277600.0,13109600.0,10953600.0,1780800.0,7440000.0,3722315.207860107,6595680.0,2891368.2266955907,6704506.666666667,3578262.786488517,-32.678340095934274,-19.427401089376907,1765120.0,6524000.0,73.9213114211712,154688800.0,374976000.0
2022-11-24,7700000.0,6.0,5.0,5.0,46.0,2022,11,24,3,4,47,0,0,0,8825600.0,11496800.0,6417600.0,4894400.0,6897600.0,3283402.0080804345,6638426.666666667,2898116.4412167007,6735680.0,3574535.261038073,-33.02483882255595,19.98254487930926,1100000.0,1344000.0,17.454543187721665,162388800.0,382676000.0
2022-11-25,9150400.0,9.0,9.0,8.0,86.0,2022,11,25,4,4,47,0,0,1,7700000.0,3976000.0,7106400.0,5684000.0,7636800.0,3092970.9902724004,6706560.0,2933310.67961994,6774195.555555556,3581744.0342898685,130.1408123388299,28.76280131109967,915040.0,896000.0,9.791920594518208,171539200.0,391826400.0
2022-11-26,11597600.0,9.0,7.0,7.0,83.0,2022,11,26,5,4,47,1,0,1,9150400.0,6792800.0,3684800.0,3584000.0,8323200.0,3393041.9783236743,6970320.0,3007056.0319997678,6863235.555555556,3601100.9410921973,70.73370764136915,214.74158305970934,1159760.0,5544000.0,47.802989601039044,183136800.0,403424000.0
2022-11-27,14666400.0,7.0,7.0,6.0,93.0,2022,11,27,6,4,47,1,0,1,11597600.0,12404000.0,3869600.0,5510400.0,8646400.0,3914257.1266248343,7330213.333333333,3258721.3481124253,6964968.888888889,3690670.4908836926,18.239276181935168,279.0158468534611,1833300.0,11989600.0,81.74875349446671,197803200.0,418090400.0
2022-11-28,1814400.0,3.0,3.0,3.0,21.0,2022,11,28,0,4,48,0,0,1,14666400.0,2307200.0,6070400.0,3147200.0,8576000.0,4049372.9424031363,7188346.666666667,3404823.9737510467,6950160.0,3708790.9461746416,-21.359214043336493,-70.11068955741145,453600.0,0.0,0.0,199617600.0,419904800.0
2022-11-29,8237600.0,7.0,7.0,6.0,65.0,2022,11,29,1,4,48,0,0,1,1814400.0,6277600.0,8618400.0,7884800.0,8856000.0,3929961.818304766,7175653.333333333,3400015.2579508866,6954080.0,3709976.1681659864,31.222118130795508,-4.418453028583841,1029700.0,2296000.0,27.872192401647034,207855200.0,428142400.0
2022-11-30,1260000.0,1.0,1.0,1.0,15.0,2022,11,30,2,4,48,0,0,1,8237600.0,8825600.0,7414400.0,10248000.0,7775200.0,4868076.1210153615,6970506.666666667,3566696.5717770862,6854213.333333333,3741153.1576552344,-85.7233405407745,-83.00603110082662,630000.0,0.0,0.0,209115200.0,429402400.0
2022-12-01,4200000.0,3.0,3.0,3.0,34.0,2022,12,1,3,4,48,0,1,0,1260000.0,7700000.0,6708800.0,5112800.0,7275200.0,5053305.6956148315,6886880.0,3602278.124244958,6844071.111111111,3747159.6264234125,-45.454539551358494,-37.39565385826767,1050000.0,0.0,0.0,4200000.0,433602400.0
2022-12-02,3276000.0,3.0,3.0,3.0,30.0,2022,12,2,4,4,48,0,1,0,4200000.0,9150400.0,4916800.0,2738400.0,6436000.0,5176273.109744754,6832186.666666667,3645419.0487782583,6850044.444444444,3740964.62591997,-64.19827939781,-33.37129161826968,819000.0,448000.0,13.675209500851802,7476000.0,436878400.0
2022-12-03,1764000.0,2.0,2.0,2.0,14.0,2022,12,3,5,4,48,1,1,0,3276000.0,11597600.0,3147200.0,7705600.0,5031200.0,4867135.502531232,6786080.0,3701942.341099813,6784026.666666667,3777940.517277887,-84.78994923174199,-43.950163971096856,588000.0,672000.0,38.095216499310375,9240000.0,438642400.0
2022-12-04,3315200.0,5.0,5.0,5.0,40.0,2022,12,4,6,4,48,1,1,0,1764000.0,14666400.0,5213600.0,2262400.0,3409600.0,2374676.084577982,6722800.0,3745715.3438617517,6795724.444444444,3765391.7987736925,-77.39594737659226,-36.41245273660182,552533.3333333334,0.0,0.0,12555200.0,441957600.0
2022-12-05,3544800.0,4.0,4.0,4.0,26.0,2022,12,5,0,4,49,0,1,0,3315200.0,1814400.0,8624000.0,10953600.0,3656800.0,2268640.567976033,6553493.333333333,3771518.9468118674,6713404.444444444,3754440.514937581,95.37031780736453,-58.8960970667791,708960.0,504000.0,14.218005467725833,16100000.0,445502400.0
2022-12-06,21733600.0,10.0,9.0,8.0,121.0,2022,12,6,1,4,49,0,0,0,3544800.0,8237600.0,1836800.0,2755200.0,5584800.0,7195450.666451219,7216720.0,4576923.578607555,6924275.555555556,4050891.4186772066,163.8341065560228,1083.2311175788777,1975781.8181818181,14604800.0,67.19917237829111,37833600.0,467236000.0
2022-12-07,5560800.0,4.0,4.0,4.0,38.0,2022,12,7,2,4,49,0,0,0,21733600.0,1260000.0,6507200.0,6104000.0,6199200.0,6943838.170157286,7185173.333333333,4585236.61833944,6918240.0,4052531.6397797256,341.3330624340774,-14.543887610049236,1112160.0,0.0,0.0,43394400.0,472796800.0
2022-12-08,3427200.0,4.0,4.0,3.0,26.0,2022,12,8,3,4,49,0,0,0,5560800.0,4200000.0,6720000.0,5376000.0,6088800.0,6986930.626057002,7075413.333333333,4635887.037668517,6896586.666666667,4066048.502206062,-18.399995619048664,-48.99999270833442,685440.0,0.0,0.0,46821600.0,476224000.0
2022-12-09,1209600.0,1.0,1.0,1.0,7.0,2022,12,9,4,4,49,0,0,0,3427200.0,3276000.0,5762400.0,11832800.0,5793600.0,7166914.084411316,6923653.333333333,4753382.966915342,6778551.111111111,4075325.157696479,-63.07690382267893,-79.00873264460422,604800.0,0.0,0.0,48031200.0,477433600.0
2022-12-10,6232800.0,4.0,4.0,3.0,50.0,2022,12,10,5,4,49,1,0,0,1209600.0,1764000.0,6949600.0,8204000.0,6432000.0,6943705.58515648,6899760.0,4755049.285911582,6756648.888888889,4072874.4420254836,253.333189720414,-10.314261207226142,1246560.0,2016000.0,32.34500828760616,54264000.0,483666400.0
2022-12-11,11396000.0,7.0,7.0,4.0,95.0,2022,12,11,6,4,49,1,0,0,6232800.0,3315200.0,8528800.0,6249600.0,7586400.0,7010571.32431682,6995333.333333333,4817327.534219985,6813831.111111111,4101700.731380553,243.74992647504632,33.61785554616645,1424500.0,1344000.0,11.793610758721416,65660000.0,495062400.0
2022-12-12,8640800.0,5.0,5.0,5.0,63.0,2022,12,12,0,4,50,0,0,0,11396000.0,3544800.0,1489600.0,4317600.0,8314400.0,6781789.372527968,7233706.666666667,4711257.604338438,6861866.666666667,4097451.1527001844,143.7598330625612,480.07486568550905,1440133.3333333333,3225600.0,37.32987254306632,74300800.0,503703200.0
2022-12-13,3102400.0,4.0,4.0,3.0,32.0,2022,12,13,1,4,50,0,0,0,8640800.0,21733600.0,5751200.0,4922400.0,5652800.0,3498981.1850499115,7145413.333333333,4764518.630368278,6841644.444444444,4111597.3052694676,-85.72532457920802,-46.05646716225011,620480.0,336000.0,10.830321418797892,77403200.0,506805600.0
2022-12-14,12863200.0,7.0,7.0,5.0,87.0,2022,12,14,2,4,50,0,0,0,3102400.0,5560800.0,6764800.0,3880800.0,6696000.0,4431342.093166202,7348693.333333333,4876498.993938689,6941448.888888889,4147778.248795197,131.31921102733222,90.14899329632904,1607900.0,7364000.0,57.24858066044369,90266400.0,519668800.0
2022-12-15,9357600.0,7.0,7.0,6.0,85.0,2022,12,15,3,4,50,0,0,0,12863200.0,3427200.0,10578400.0,13636000.0,7543200.0,4266059.51513415,7308000.0,4853658.602716524,6893911.111111111,4094363.2363422685,173.03916519632202,-11.540496526838036,1169700.0,0.0,0.0,99624000.0,529026400.0
2022-12-16,8411200.0,6.0,5.0,5.0,50.0,2022,12,16,4,4,50,0,0,0,9357600.0,1209600.0,13109600.0,3780000.0,8572000.0,3225562.268297828,7151386.666666667,4734337.912836337,6945368.888888889,4083876.944069464,595.3698781664367,-35.83938214442987,1201600.0,2329600.0,27.696401500808264,108035200.0,537437600.0
2022-12-17,565600.0,3.0,3.0,3.0,7.0,2022,12,17,5,4,50,1,0,0,8411200.0,6232800.0,11496800.0,9385600.0,7762400.0,4405828.16429934,6787013.333333333,4808439.563053716,6847368.888888889,4130224.1591001456,-90.92541218627068,-95.08036191980709,141400.0,0.0,0.0,108600800.0,538003200.0
2022-12-18,7224000.0,6.0,5.0,4.0,47.0,2022,12,18,6,4,50,1,0,0,565600.0,11396000.0,3976000.0,3964800.0,7166400.0,4104230.428878633,6895280.0,4779442.873202574,6883582.222222222,4118938.875421157,-36.60933339686439,81.69012029926552,1032000.0,5544000.0,76.74417542301003,115824800.0,545227200.0
2022-12-19,11681600.0,7.0,7.0,6.0,76.0,2022,12,19,0,4,51,0,0,0,7224000.0,8640800.0,6792800.0,5644800.0,7600800.0,4433969.1894884985,7058240.0,4858518.396667712,6950657.777777778,4147593.0279636895,35.19118192861981,71.97031092181267,1460200.0,5600000.0,47.93863443889241,127506400.0,556908800.0
2022-12-20,6809600.0,5.0,4.0,4.0,56.0,2022,12,20,1,4,51,0,0,0,11681600.0,3102400.0,12404000.0,8215200.0,8130400.0,4008066.0007872405,6871760.0,4752466.718750124,6935040.0,4145423.716562967,119.49454632073675,-45.10157649938919,1134933.3333333333,2688000.0,39.47367841375728,134316000.0,563718400.0
2022-12-21,9497600.0,7.0,5.0,6.0,72.0,2022,12,21,2,4,51,0,0,0,6809600.0,12863200.0,2307200.0,5269600.0,7649600.0,3517556.394241125,7111440.0,4695297.317573593,6982017.777777778,4150292.0766469166,-26.164560438727495,311.6503503595915,1187200.0,3864000.0,40.68395798054688,143813600.0,573216000.0
2022-12-22,3740800.0,4.0,4.0,4.0,37.0,2022,12,22,3,4,51,0,0,0,9497600.0,9357600.0,6277600.0,0.0,6847200.0,3698958.2100910456,7026880.0,4733519.879969763,7023582.222222222,4097984.844280184,-60.02393134736136,-40.410341466429614,748160.0,224000.0,5.988022351362717,147554400.0,576956800.0
2022-12-23,9542400.0,6.0,6.0,6.0,57.0,2022,12,23,4,4,51,0,0,0,3740800.0,8411200.0,8825600.0,7067200.0,7008800.0,3801950.292503391,7050773.333333333,4744708.208966055,7051084.444444444,4106577.5790813635,13.448733421065553,8.121826490909797,1363200.0,4368000.0,45.77464309035012,157096800.0,586499200.0
2022-12-24,8344000.0,5.0,5.0,5.0,73.0,2022,12,24,5,4,51,1,0,0,9542400.0,565600.0,7700000.0,8736000.0,8120000.0,2528290.9537208383,7072240.0,4749201.526616215,7046728.888888889,4104978.000987859,1375.245093272466,8.363635277449964,1390666.6666666667,0.0,0.0,165440800.0,594843200.0
2022-12-25,3724000.0,5.0,5.0,5.0,31.0,2022,12,25,6,4,51,1,0,1,8344000.0,7224000.0,9150400.0,5740000.0,7620000.0,3031103.508625193,6891360.0,4770610.3634361215,7024328.888888889,4117669.487946436,-48.449605696344726,-59.302319100550896,620666.6666666666,0.0,0.0,169164800.0,598567200.0
2022-12-26,6070400.0,4.0,4.0,4.0,44.0,2022,12,26,0,4,52,0,0,1,3724000.0,11681600.0,11597600.0,13188000.0,6818400.0,2467531.106186901,6707120.0,4688613.952265562,6945244.444444444,4065985.550721581,-48.03451170777019,-47.65813205679347,1214080.0,0.0,0.0,175235200.0,604637600.0
2022-12-27,10427200.0,8.0,8.0,7.0,104.0,2022,12,27,1,4,52,0,0,1,6070400.0,6809600.0,14666400.0,2900800.0,7335200.0,2819161.8990993206,6565813.333333333,4500573.729229404,7028871.111111111,4059260.881226126,53.12499219851501,-28.904159923078605,1158577.7777777778,358400.0,3.43716400978556,185662400.0,615064800.0
2022-12-28,3561600.0,2.0,2.0,2.0,31.0,2022,12,28,2,4,52,0,0,1,10427200.0,9497600.0,1814400.0,4592000.0,6487200.0,2950039.49352094,6624053.333333333,4447964.916424938,7017422.222222222,4067655.5562688033,-62.499993419390854,96.29624322297,1187200.0,0.0,0.0,189224000.0,618626400.0
2022-12-29,5812800.0,4.0,4.0,4.0,37.0,2022,12,29,3,4,52,0,0,1,3561600.0,3740800.0,8237600.0,12941600.0,6783200.0,2723820.493351196,6543226.666666667,4439656.617890801,6938213.333333333,4020130.1078839013,55.389206750105124,-29.435754414422355,1162560.0,3696000.0,63.58380409031722,195036800.0,624439200.0
2022-12-30,6333600.0,4.0,4.0,4.0,48.0,2022,12,30,4,4,52,0,0,1,5812800.0,9542400.0,1260000.0,3696000.0,6324800.0,2436980.0327454368,6712346.666666667,4326659.09081036,6967520.0,4005817.4160907785,-33.62675703944951,402.6663470902007,1266720.0,0.0,0.0,201370400.0,630772800.0
2022-12-31,8036000.0,4.0,4.0,4.0,40.0,2022,12,31,5,4,52,1,0,1,6333600.0,8344000.0,4200000.0,5628000.0,6280800.0,2396897.817318589,6840213.333333333,4306486.94171089,6994275.555555556,4004811.601182859,-3.691274725398523,91.33331158730677,1607200.0,5600000.0,69.68640247804846,209406400.0,638808800.0
2023-01-01,3819200.0,3.0,2.0,3.0,25.0,2023,1,1,6,1,52,1,1,0,8036000.0,3724000.0,3276000.0,6008800.0,6294400.0,2380184.4634397454,6858320.0,4292102.342064854,6969946.666666667,4017496.2753581833,2.5563902909800507,16.58119151978281,954800.0,1176000.0,30.79178079394093,3819200.0,3819200.0
2023-01-02,907200.0,3.0,3.0,3.0,9.0,2023,1,2,0,1,1,0,1,0,3819200.0,6070400.0,1764000.0,4289600.0,5556800.0,3139932.0587129397,6829760.0,4329853.8468286125,6932364.444444444,4058463.3632240333,-85.05533654201757,-48.57140103662073,226800.0,0.0,0.0,4726400.0,4726400.0
2023-01-03,11726400.0,7.0,6.0,6.0,75.0,2023,1,3,1,1,1,0,1,0,907200.0,10427200.0,3315200.0,11116000.0,5742400.0,3494211.319692416,7110133.333333333,4366597.629286666,6939146.666666667,4066036.2832737854,12.459719535472654,253.71613968504474,1465800.0,2856000.0,24.355298782635863,16452800.0,16452800.0
2023-01-04,2772000.0,3.0,3.0,3.0,22.0,2023,1,4,2,1,1,0,1,0,11726400.0,3561600.0,3544800.0,5068000.0,5629600.0,3587835.8639528947,7084373.333333333,4390569.684734059,6913635.555555556,4085066.3796763537,-22.16980509607898,-21.80094171717961,693000.0,1075200.0,38.78786479514257,19224800.0,19224800.0
2023-01-05,3931200.0,4.0,4.0,4.0,36.0,2023,1,5,3,1,1,0,1,0,2772000.0,5812800.0,21733600.0,8226400.0,5360800.0,3641900.221953728,6490960.0,3443206.4103901326,6865911.111111111,4094635.9503553663,-32.369936627797856,-81.9118746129553,786240.0,1344000.0,34.1880254914465,23156000.0,23156000.0
2023-01-06,11463200.0,7.0,7.0,7.0,88.0,2023,1,6,4,1,1,0,0,0,3931200.0,6333600.0,5560800.0,1792000.0,6093600.0,4322703.598443912,6687706.666666667,3555040.7952393554,6973368.888888889,4086878.3214456174,80.9902613063248,106.1429819193314,1432900.0,4855200.0,42.3546616691097,34619200.0,34619200.0
2023-01-07,1344000.0,2.0,2.0,1.0,12.0,2023,1,7,5,1,1,1,0,0,11463200.0,8036000.0,3427200.0,9307200.0,5137600.0,4555268.539467965,6618266.666666667,3640248.079963526,6884888.888888889,4121834.931968047,-83.27525096126791,-60.78429598964286,448000.0,0.0,0.0,35963200.0,35963200.0
2023-01-08,3472000.0,3.0,3.0,3.0,33.0,2023,1,8,6,1,1,1,0,0,1344000.0,3819200.0,1209600.0,4155200.0,5088000.0,4573868.757773148,6693680.0,3546564.53549259,6877297.777777778,4127543.8029914363,-9.090906710592085,187.03688240998477,868000.0,716800.0,20.645155344137287,39435200.0,39435200.0
2023-01-09,13876800.0,6.0,6.0,5.0,95.0,2023,1,9,0,1,2,0,0,0,3472000.0,907200.0,6232800.0,7414400.0,6940800.0,5184198.658744983,6948480.0,3779265.534775879,6949102.222222222,4192689.6140509034,1429.6280537609637,122.64148975717337,1982400.0,7392000.0,53.2687612944799,53312000.0,53312000.0
2023-01-10,9744000.0,7.0,7.0,7.0,62.0,2023,1,10,1,1,2,0,0,0,13876800.0,11726400.0,11396000.0,6641600.0,6657600.0,4926967.316040698,6893413.333333333,3723856.544121347,6983573.333333333,4202874.1698236475,-16.90544268441784,-14.496313224261739,1218000.0,1568000.0,16.09195237151556,63056000.0,63056000.0
2023-01-11,10068800.0,8.0,8.0,7.0,85.0,2023,1,11,2,1,2,0,0,0,9744000.0,2772000.0,8640800.0,16273600.0,7700000.0,4736071.778735336,6941013.333333333,3755950.987500466,6914631.111111111,4098363.224936954,263.23222827120196,16.52624565708665,1118755.5555555555,2324000.0,23.08119904246792,73124800.0,73124800.0
2023-01-12,6143200.0,4.0,4.0,4.0,44.0,2023,1,12,3,1,2,0,0,0,10068800.0,3931200.0,3102400.0,3651200.0,8016000.0,4511153.513976955,7042373.333333333,3689225.715880315,6942320.0,4084461.9832242923,56.267791954672376,98.01440884012092,1228640.0,3024000.0,49.225151513030426,79268000.0,79268000.0
2023-01-13,6944000.0,5.0,5.0,5.0,49.0,2023,1,13,4,1,2,0,0,0,6143200.0,11463200.0,12863200.0,13524000.0,7370400.0,4251498.496608769,6845066.666666667,3521661.8417752814,6869208.888888889,4023766.8397962274,-39.423543214500036,-46.01653973999162,1157333.3333333333,1075200.0,15.48386873792213,86212000.0,86212000.0
2023-01-14,12084800.0,8.0,8.0,6.0,76.0,2023,1,14,5,1,2,1,0,0,6944000.0,1344000.0,9357600.0,2172800.0,8904800.0,3602749.498184217,6935973.333333333,3622511.144166319,6979342.222222222,4029423.7401299854,799.1660720490535,29.14422190046359,1342755.5555555555,7252000.0,60.009262874912054,98296800.0,98296800.0
2023-01-15,5185600.0,3.0,3.0,2.0,43.0,2023,1,15,6,1,2,1,0,0,12084800.0,3472000.0,8411200.0,3992800.0,9149600.0,3208750.203220349,6828453.333333333,3625083.6816722476,6992595.555555556,4021443.95700175,49.354824494578196,-38.348863616503756,1296400.0,1960000.0,37.796968953068315,103482400.0,103482400.0
2023-01-16,7022400.0,7.0,7.0,6.0,52.0,2023,1,16,0,1,3,0,0,0,5185600.0,13876800.0,565600.0,18328800.0,8170400.0,2491425.2520729224,7043680.0,3426671.8907961403,6866968.888888889,3835640.0740226153,-49.39466956397227,1141.5821400598657,877800.0,0.0,0.0,110504800.0,110504800.0
2023-01-17,4664800.0,4.0,4.0,4.0,41.0,2023,1,17,1,1,3,0,0,0,7022400.0,9744000.0,7224000.0,13372800.0,7444800.0,2688579.104285376,6958373.333333333,3453776.369468474,6770213.333333333,3779098.574498329,-52.126431432016474,-35.42635168516726,932960.0,0.0,0.0,115169600.0,115169600.0
2023-01-18,6932800.0,4.0,4.0,4.0,40.0,2023,1,18,2,1,3,0,0,0,4664800.0,10068800.0,11681600.0,6048000.0,6996800.0,2427020.9997717957,6800080.0,3336675.2271250985,6780044.444444444,3778349.471619574,-31.14571437055912,-40.65196200418077,1386560.0,4160800.0,60.01614643201211,122102400.0,122102400.0
2023-01-19,4569600.0,3.0,3.0,3.0,31.0,2023,1,19,3,1,3,0,0,0,6932800.0,6143200.0,6809600.0,1741600.0,6772000.0,2586874.1497542197,6725413.333333333,3361425.921953597,6811466.666666667,3747611.345790962,-25.615310324373237,-32.8947320114644,1142400.0,1344000.0,29.41175826948567,126672000.0,126672000.0
2023-01-20,5790400.0,5.0,5.0,3.0,63.0,2023,1,20,4,1,3,0,0,0,4569600.0,6944000.0,9497600.0,10763200.0,6607200.0,2610726.2233587964,6601840.0,3323933.3917555516,6756213.333333333,3725285.899810358,-16.612900833395617,-39.03301475814787,965066.6666666666,0.0,0.0,132462400.0,132462400.0
2023-01-21,11754400.0,7.0,6.0,5.0,76.0,2023,1,21,5,1,3,1,0,0,5790400.0,12084800.0,3740800.0,2940000.0,6560000.0,2495640.1877407366,6868960.0,3407042.374117831,6854151.111111111,3739667.8954046345,-2.7340127487411667,214.2214996200012,1469300.0,4200000.0,35.731297579519364,144216800.0,144216800.0
2023-01-22,5846400.0,4.0,4.0,3.0,53.0,2023,1,22,6,1,3,1,0,0,11754400.0,5185600.0,9542400.0,10953600.0,6654400.0,2447011.434382756,6745760.0,3373697.42297573,6797404.444444444,3715433.3237055135,12.742978104177316,-38.732390307219326,1169280.0,0.0,0.0,150063200.0,150063200.0
2023-01-23,9912000.0,7.0,7.0,6.0,67.0,2023,1,23,0,1,4,0,0,0,5846400.0,7022400.0,8344000.0,6417600.0,7067200.0,2745022.6665730746,6798026.666666667,3411248.8625169178,6836231.111111111,3729650.951877598,41.148319499270976,18.791944056574298,1239000.0,4076800.0,41.12993935331524,159975200.0,159975200.0
2023-01-24,13608000.0,7.0,7.0,5.0,80.0,2023,1,24,1,1,4,0,0,0,9912000.0,4664800.0,3724000.0,7106400.0,8344800.0,3435006.1426437013,7127493.333333333,3577379.0906032086,6908471.111111111,3797294.351533706,191.7166455760921,265.41346256351704,1701000.0,9520000.0,69.95884259561709,173583200.0,173583200.0
2023-01-25,8864800.0,5.0,5.0,3.0,81.0,2023,1,25,2,1,4,0,0,1,13608000.0,6932800.0,6070400.0,3684800.0,8620800.0,3379818.219963902,7220640.0,3585276.8501383425,6966026.666666667,3787127.191450631,27.867524251741827,46.03320274887936,1477466.6666666667,0.0,0.0,182448000.0,182448000.0
2023-01-26,7408800.0,7.0,7.0,6.0,47.0,2023,1,26,3,1,4,0,0,1,8864800.0,4569600.0,10427200.0,3869600.0,9026400.0,2956466.6478754603,7120026.666666667,3534176.8711406803,7005351.111111111,3772962.0490008937,62.13233934428848,-28.947365644912765,926100.0,1792000.0,24.187449494189412,189856800.0,189856800.0
2023-01-27,1344000.0,2.0,2.0,2.0,10.0,2023,1,27,4,1,4,0,0,1,7408800.0,5790400.0,3561600.0,6070400.0,8391200.0,4044901.950191948,7046106.666666667,3632980.809286454,6952835.555555556,3818737.285811563,-76.7891550170705,-62.26413346132821,448000.0,1176000.0,87.49993489588176,191200800.0,191200800.0
2023-01-28,8103200.0,6.0,6.0,5.0,61.0,2023,1,28,5,1,4,1,0,1,1344000.0,11754400.0,5812800.0,8618400.0,7869600.0,3764632.663797796,7122453.333333333,3630234.5028968817,6947111.111111111,3816598.0365613783,-31.062408029128836,39.402690716575364,1157600.0,4390400.0,54.1810575845274,199304000.0,199304000.0
2023-01-29,4984000.0,3.0,3.0,3.0,52.0,2023,1,29,6,1,4,1,0,1,8103200.0,5846400.0,6333600.0,7414400.0,7746400.0,3854907.1757090716,7077466.666666667,3648662.7352226293,6920106.666666667,3821849.1402090793,-14.750955331322638,-21.308573116620387,1246000.0,0.0,0.0,204288000.0,204288000.0
2023-01-30,8484000.0,6.0,6.0,6.0,64.0,2023,1,30,0,1,5,0,0,1,4984000.0,9912000.0,8036000.0,6708800.0,7542400.0,3757764.725649184,7092400.0,3653634.5278979745,6939831.111111111,3825325.6345384773,-14.406778207548607,5.574912198243878,1212000.0,3192000.0,37.62375794156554,212772000.0,212772000.0
2023-01-31,7481600.0,4.0,4.0,4.0,56.0,2023,1,31,1,1,5,0,0,1,8484000.0,13608000.0,3819200.0,4916800.0,6667200.0,2663804.9978680154,7214480.0,3601306.493042153,6968328.888888889,3819634.534939749,-45.020572823297115,95.89440304398748,1496320.0,2688000.0,35.928138910374926,220253600.0,220253600.0
2023-02-01,0.0,0.0,0.0,0.0,0.0,2023,2,1,2,1,5,0,1,0,7481600.0,8864800.0,907200.0,3147200.0,5400800.0,3439255.485324299,7184240.0,3659434.4399666153,6933360.0,3869096.282276795,-99.99998871943093,-99.9998897708446,0.0,0.0,0.0,0.0,220253600.0
2023-02-02,5219200.0,4.0,4.0,4.0,37.0,2023,2,2,3,1,5,0,1,0,0.0,7408800.0,11726400.0,5213600.0,5088000.0,3323825.0415246906,6967333.333333333,3572746.754908977,6933422.222222222,3869068.359532641,-29.554039850712687,-55.491876834162504,1043840.0,2329600.0,44.6351845809349,5219200.0,225472800.0
2023-02-03,5577600.0,3.0,3.0,3.0,38.0,2023,2,3,4,1,5,0,1,0,5219200.0,1344000.0,2772000.0,8624000.0,5692800.0,2885266.2592326924,7060853.333333333,3495017.236969315,6899573.333333333,3867437.514752743,314.9997656251744,101.21208469982514,1394400.0,3528000.0,63.25300070765191,10796800.0,231050400.0
2023-02-04,6686400.0,4.0,4.0,4.0,39.0,2023,2,4,5,1,5,1,1,0,5577600.0,8103200.0,3931200.0,1836800.0,5490400.0,2733709.9577923915,7152693.333333333,3445795.373168161,6953457.777777778,3829706.389807169,-17.484448429700805,70.08545225746533,1337280.0,2520000.0,37.68843657447407,17483200.0,237736800.0
2023-02-05,6462400.0,6.0,6.0,6.0,51.0,2023,2,5,6,1,5,1,1,0,6686400.0,4984000.0,11463200.0,6507200.0,5701600.0,2745151.0510959644,6986000.0,3349699.4409689307,6952960.0,3829767.956264646,29.66291539668632,-43.62481299944056,923200.0,2016000.0,31.1958357273094,23945600.0,244199200.0
2023-02-06,10852800.0,7.0,7.0,6.0,80.0,2023,2,6,0,1,6,0,0,0,6462400.0,8484000.0,1344000.0,6720000.0,6040000.0,3245680.091033816,7302960.0,3245687.7120052776,6998880.0,3851657.4788851235,27.92078878821443,707.4994735867012,1356600.0,2688000.0,24.767799575427578,34798400.0,255052000.0
2023-02-07,3852800.0,4.0,4.0,4.0,31.0,2023,2,7,1,1,6,0,0,0,10852800.0,7481600.0,3472000.0,5762400.0,5521600.0,3266779.731376647,7315653.333333333,3230899.783260268,6977662.222222222,3863786.106584218,-48.502987529006155,10.967738776572933,770560.0,1344000.0,34.88371187611299,38651200.0,258904800.0
2023-02-08,1680000.0,1.0,1.0,1.0,10.0,2023,2,8,2,1,6,0,0,0,3852800.0,0.0,13876800.0,6949600.0,5761600.0,2825412.149286061,6909093.333333333,3143004.8261489165,6919111.111111111,3903934.8206834653,168000000.0,-87.89345613589184,840000.0,1680000.0,99.99994047622592,40331200.0,260584800.0
2023-02-09,9553600.0,5.0,5.0,5.0,61.0,2023,2,9,3,1,6,0,0,0,1680000.0,5219200.0,9744000.0,8528800.0,6380800.0,3143748.5225973916,6902746.666666667,3137269.909544493,6930497.777777778,3910172.1201512995,83.04719438856637,-1.9540227879697467,1592266.6666666667,6328000.0,66.23680432121878,49884800.0,270138400.0
2023-02-10,6574400.0,4.0,4.0,4.0,46.0,2023,2,10,4,1,6,0,0,0,9553600.0,5577600.0,10068800.0,1489600.0,6523200.0,3123815.376533417,6786266.666666667,3080015.126399634,6986995.555555556,3867172.1978817973,17.871482739622284,-34.7052245843373,1314880.0,3136000.0,47.70016310231153,56459200.0,276712800.0
2023-02-11,4972800.0,4.0,4.0,4.0,24.0,2023,2,11,5,1,6,1,0,0,6574400.0,6686400.0,6143200.0,5751200.0,6278400.0,3175608.909589878,6747253.333333333,3095813.4555460876,6978346.666666667,3870835.8019506508,-25.628136870642372,-19.051956789302515,994560.0,1568000.0,31.531525190732545,61432000.0,281685600.0
2023-02-12,10724000.0,6.0,6.0,5.0,64.0,2023,2,12,6,1,6,1,0,0,4972800.0,6462400.0,6944000.0,6764800.0,6887200.0,3597267.318396,6873253.333333333,3179879.049937255,7022337.777777778,3890827.675171783,65.94453052356238,54.43547603175748,1532000.0,8388800.0,78.22453578659682,72156000.0,292409600.0
2023-02-13,8131200.0,5.0,5.0,5.0,65.0,2023,2,13,0,1,7,0,0,0,10724000.0,10852800.0,12084800.0,10578400.0,6498400.0,3225042.312900708,6741466.666666667,3035073.5478600045,6995146.666666667,3874212.518206085,-25.077397070120423,-32.715474586631586,1355200.0,2184000.0,26.85950082896733,80287200.0,300540800.0
2023-02-14,4110400.0,4.0,4.0,4.0,47.0,2023,2,14,1,1,7,0,0,0,8131200.0,3852800.0,5185600.0,13109600.0,6535200.0,3191114.029091818,6705626.666666667,3060322.990271057,6895155.555555556,3830514.5287358523,6.68604477625499,-20.734337254254616,822080.0,716800.0,17.4386878555158,84397600.0,304651200.0
2023-02-15,7660800.0,6.0,6.0,5.0,64.0,2023,2,15,2,1,7,0,0,0,4110400.0,1680000.0,7022400.0,11496800.0,7389600.0,2369362.2658147104,6726906.666666667,3064817.893778187,6852533.333333333,3799956.3559882827,355.99978809536424,9.090907796350564,1094400.0,4088000.0,53.36256613375024,92058400.0,312312000.0
2023-02-16,5857600.0,6.0,5.0,5.0,41.0,2023,2,16,3,1,7,0,0,0,7660800.0,9553600.0,4664800.0,3976000.0,6861600.0,2213440.2062550993,6766666.666666667,3044815.4770355755,6873440.0,3789113.011288344,-38.68698305487114,25.57022260971047,836800.0,392000.0,6.692159469380042,97916000.0,318169600.0
2023-02-17,4586400.0,2.0,2.0,2.0,34.0,2023,2,17,4,1,7,0,0,0,5857600.0,6574400.0,6932800.0,6792800.0,6577600.0,2377861.9416049537,6688453.333333333,3070429.488516875,6848924.444444444,3796770.578845203,-30.2384962523582,-33.84490626515891,1528800.0,0.0,0.0,102502400.0,322756000.0
2023-02-18,6451200.0,3.0,3.0,2.0,48.0,2023,2,18,5,1,7,1,0,0,4586400.0,4972800.0,4569600.0,12404000.0,6788800.0,2274998.912820242,6751173.333333333,3044765.5241734753,6782782.222222222,3750478.825777019,29.729723751262117,41.176461577279944,1612800.0,0.0,0.0,108953600.0,329207200.0
2023-02-19,14470400.0,7.0,7.0,6.0,100.0,2023,2,19,6,1,7,1,0,0,6451200.0,10724000.0,5790400.0,2307200.0,7324000.0,3477782.496553412,7040506.666666667,3347666.595574657,6917928.888888889,3806125.978101427,34.93472259094344,149.903262312921,1808800.0,1792000.0,12.383900072983463,123424000.0,343677600.0
2023-02-20,6535200.0,4.0,4.0,4.0,37.0,2023,2,20,0,1,8,0,0,0,14470400.0,8131200.0,11754400.0,6277600.0,7096000.0,3468346.6800960484,6866533.333333333,3227713.0810115864,6920791.111111111,3805735.8758555553,-19.628096759629972,-44.402092458816064,1307040.0,3808000.0,58.2690570649625,129959200.0,350212800.0
2023-02-21,5941600.0,4.0,4.0,4.0,43.0,2023,2,21,1,1,8,0,0,0,6535200.0,4110400.0,5846400.0,8825600.0,7357600.0,3268954.0182347754,6869706.666666667,3226722.19623539,6888746.666666667,3801656.612146102,44.55039788088802,1.6283522118992522,1188320.0,3024000.0,50.89537314942555,135900800.0,356154400.0
2023-02-22,4138400.0,5.0,5.0,3.0,22.0,2023,2,22,2,1,8,0,0,0,5941600.0,7660800.0,9912000.0,7700000.0,6854400.0,3478869.7628204785,6677253.333333333,3211153.4431848833,6849173.333333333,3811641.109200646,-45.97952616182042,-58.24858169404946,689733.3333333334,3584000.0,86.60349734112282,140039200.0,360292800.0
2023-02-23,672000.0,1.0,1.0,1.0,6.0,2023,2,23,3,1,8,0,0,0,4138400.0,5857600.0,13608000.0,9150400.0,6113600.0,4203216.5460910145,6246053.333333333,3115497.9768817043,6754968.888888889,3858609.5626823255,-88.52770955208454,-95.06172140933852,336000.0,0.0,0.0,140711200.0,360964800.0
2023-02-24,14884800.0,9.0,9.0,7.0,99.0,2023,2,24,4,1,8,0,0,0,672000.0,4586400.0,8864800.0,11597600.0,7584800.0,5251234.450425279,6446720.0,3464328.5571665936,6791493.333333333,3920032.453798244,224.54207558388376,67.90902582020736,1488480.0,4256000.0,28.592925091843686,155596000.0,375849600.0
2023-02-25,5678400.0,4.0,4.0,4.0,44.0,2023,2,25,5,1,8,1,0,1,14884800.0,6451200.0,7408800.0,14666400.0,7474400.0,5287040.356696106,6389040.0,3462162.5015747477,6691626.666666667,3830626.8229050413,-11.97916480977728,-23.35600591782665,1135680.0,2990400.0,52.66271261927433,161274400.0,381528000.0
2023-02-26,6602400.0,6.0,6.0,5.0,58.0,2023,2,26,6,1,8,1,0,1,5678400.0,14470400.0,1344000.0,1814400.0,6350400.0,4295142.8070942275,6564320.0,3328466.085399571,6744826.666666667,3795214.853884571,-54.37306125794302,391.24970889158567,943200.0,0.0,0.0,167876800.0,388130400.0
2023-02-27,7128800.0,6.0,5.0,6.0,60.0,2023,2,27,0,1,9,0,0,1,6602400.0,6535200.0,8103200.0,8237600.0,6435200.0,4305247.353327481,6531840.0,3317668.195835012,6732506.666666667,3792112.997794892,9.083117718950037,-12.024877576157866,1018400.0,1792000.0,25.137467015841796,175005600.0,395259200.0
2023-02-28,13199200.0,7.0,7.0,6.0,80.0,2023,2,28,1,1,9,0,0,1,7128800.0,5941600.0,4984000.0,1260000.0,7472000.0,4986553.652908317,6805680.0,3518468.396255429,6865164.444444444,3807321.0577090066,122.14889555862132,164.831427602041,1649900.0,6361600.0,48.19685676428445,188204800.0,408458400.0
2023-03-01,12936000.0,7.0,7.0,6.0,99.0,2023,3,1,2,1,9,0,1,0,13199200.0,4138400.0,8484000.0,4200000.0,8728800.0,5113379.302705138,6954080.0,3681792.8742056773,6962231.111111111,3849734.708608074,212.58452237953742,52.475241339551935,1617000.0,3360000.0,25.97402396613915,12936000.0,421394400.0
2023-03-02,8243200.0,8.0,8.0,8.0,65.0,2023,3,2,3,1,9,0,1,0,12936000.0,672000.0,7481600.0,3276000.0,9810400.0,3741983.844611477,6979466.666666667,3688175.807513304,7017422.222222222,3831858.0852007847,1126.66499008186,10.179639357939564,915911.1111111111,1344000.0,16.304345848172332,21179200.0,429637600.0
2023-03-03,6708800.0,4.0,4.0,3.0,39.0,2023,3,3,4,1,9,0,1,0,8243200.0,14884800.0,0.0,1764000.0,8642400.0,3118105.13399831,7203093.333333333,3445820.1653130627,7072364.444444444,3790917.9799102764,-54.92851399222602,670880000.0,1341760.0,5846400.0,87.14522908042733,27888000.0,436346400.0
2023-03-04,2016000.0,3.0,3.0,3.0,13.0,2023,3,4,5,1,9,1,1,0,6708800.0,5678400.0,5219200.0,3315200.0,8119200.0,3906046.403547533,7096320.0,3557239.8729041717,7057928.888888889,3807821.702736386,-64.49703006180789,-61.37337879878548,504000.0,1713600.0,84.9999578373225,29904000.0,438362400.0
2023-03-05,10326400.0,4.0,4.0,4.0,63.0,2023,3,5,6,1,9,1,1,0,2016000.0,6602400.0,5577600.0,3544800.0,8651200.0,3918610.992005537,7254613.333333333,3592808.491660404,7133280.0,3804618.530367795,56.40372343333887,85.14054698426797,2065280.0,8982400.0,86.98480719468476,40230400.0,448688800.0
2023-03-06,6524000.0,3.0,3.0,2.0,38.0,2023,3,6,0,1,10,0,0,0,10326400.0,7128800.0,6686400.0,21733600.0,8564800.0,3964174.903642196,7249200.0,3593816.35207112,6964284.444444444,3472067.343231566,-8.483895117846606,-2.4288103570216624,1631000.0,4704000.0,72.10299323988454,46754400.0,455212800.0
2023-03-07,6423200.0,4.0,4.0,4.0,48.0,2023,3,7,1,1,10,0,0,0,6524000.0,13199200.0,6462400.0,5560800.0,7596800.0,3436027.6289149094,7247893.333333333,3594119.4007504196,6973866.666666667,3469339.4373044525,-51.33644074364805,-0.6065856946976829,1284640.0,0.0,0.0,53177600.0,461636000.0
2023-03-08,3371200.0,2.0,2.0,2.0,29.0,2023,3,8,2,1,10,0,0,0,6423200.0,12936000.0,10852800.0,3427200.0,6230400.0,2802291.0626842356,6998506.666666667,3594923.2478434136,6973244.444444444,3469987.6363834795,-73.93938822360944,-68.93704215160676,1123733.3333333333,0.0,0.0,56548800.0,465007200.0
2023-03-09,10169600.0,6.0,6.0,5.0,64.0,2023,3,9,3,1,10,0,0,0,3371200.0,8243200.0,3852800.0,1209600.0,6505600.0,3110541.18335271,7209066.666666667,3589308.9271770166,7072800.0,3431083.1933298535,23.36956238238034,163.95344581773105,1452800.0,4256000.0,41.85021614908982,66718400.0,475176800.0
2023-03-10,10992800.0,7.0,7.0,4.0,91.0,2023,3,10,4,1,10,0,0,0,10169600.0,6708800.0,1680000.0,6232800.0,7117600.0,3547878.8104067594,7519493.333333333,3496136.473203578,7125688.888888889,3454595.6789859557,63.85641786065796,554.3330033732123,1374100.0,6540800.0,59.500758723822976,77711200.0,486169600.0
2023-03-11,5051200.0,3.0,3.0,3.0,31.0,2023,3,11,5,1,10,1,0,0,10992800.0,2016000.0,9553600.0,11396000.0,7551200.0,2956695.4526971406,7369413.333333333,3502439.0456911013,7055191.111111111,3431131.8259593486,150.5554808752575,-47.12777935775212,1262800.0,3404800.0,67.40575162223796,82762400.0,491220800.0
2023-03-12,5342400.0,4.0,4.0,4.0,54.0,2023,3,12,6,1,10,1,0,0,5051200.0,10326400.0,6574400.0,8640800.0,6839200.0,2771303.6162306867,7328346.666666667,3519264.428995836,7018542.222222222,3431620.7298415387,-48.2646374085221,-18.739349790193813,1068480.0,1344000.0,25.157227995427522,88104800.0,496563200.0
2023-03-13,2688000.0,2.0,2.0,2.0,22.0,2023,3,13,0,1,11,0,0,0,5342400.0,6524000.0,4972800.0,3102400.0,6291200.0,3191439.7169093783,7252186.666666667,3595886.77008389,7013937.777777778,3437207.796988774,-58.798274249191564,-45.945936706496,896000.0,0.0,0.0,90792800.0,499251200.0
2023-03-14,2419200.0,2.0,2.0,2.0,24.0,2023,3,14,1,1,11,0,0,0,2688000.0,6423200.0,10724000.0,12863200.0,5719200.0,3507049.9663772415,6975360.0,3638808.683564744,6897893.333333333,3413731.6078621172,-62.33652037356452,-77.44124604240525,806400.0,1075200.0,44.44442607290589,93212000.0,501670400.0
2023-03-15,3472000.0,4.0,4.0,3.0,29.0,2023,3,15,2,1,11,0,0,0,2419200.0,3371200.0,8131200.0,9357600.0,5733600.0,3495991.7314928835,6820053.333333333,3686886.7849899204,6832497.777777778,3422445.4868313256,2.990032335657233,-57.300268435130306,694400.0,0.0,0.0,96684000.0,505142400.0
2023-03-16,3018400.0,5.0,5.0,5.0,18.0,2023,3,16,3,1,11,0,0,0,3472000.0,10169600.0,4110400.0,8411200.0,4712000.0,2992220.419688352,6783653.333333333,3719804.81910407,6772577.777777778,3441649.6426672246,-70.31937634524698,-26.566751029887353,503066.6666666667,1176000.0,38.96102605319837,99702400.0,508160800.0
2023-03-17,7336000.0,5.0,5.0,4.0,59.0,2023,3,17,4,1,11,0,0,0,3018400.0,10992800.0,7660800.0,565600.0,4189600.0,1791038.4920486594,6772826.666666667,3717635.8493308434,6847804.444444444,3377856.3580635553,-33.2654070604935,-4.239765528434951,1222666.6666666667,2520000.0,34.351140355624274,107038400.0,515496800.0
2023-03-18,3382400.0,3.0,3.0,3.0,19.0,2023,3,18,5,1,11,1,0,0,7336000.0,5051200.0,5857600.0,7224000.0,3951200.0,1768157.6400309827,6690320.0,3765802.591416233,6805120.0,3397265.649570671,-33.03768747274163,-42.25620693522826,845600.0,896000.0,26.490058393431177,110420800.0,518879200.0
2023-03-19,5555200.0,3.0,3.0,2.0,37.0,2023,3,19,6,1,11,1,0,0,3382400.0,5342400.0,4586400.0,11681600.0,3981600.0,1797646.5206856623,6722613.333333333,3751264.328631661,6737048.888888889,3359626.531720338,3.9832277659426913,21.123316517679115,1388800.0,0.0,0.0,115976000.0,524434400.0
2023-03-20,6820800.0,7.0,6.0,6.0,71.0,2023,3,20,0,1,12,0,0,0,5555200.0,2688000.0,6451200.0,6809600.0,4572000.0,1972175.1375913017,6734933.333333333,3750949.120287888,6737173.333333333,3359629.4567216686,153.74994280136056,5.729165778589134,852600.0,3136000.0,45.97700475354728,122796800.0,531255200.0
2023-03-21,4334400.0,4.0,4.0,4.0,40.0,2023,3,21,1,1,12,0,0,0,6820800.0,2419200.0,14470400.0,9497600.0,4845600.0,1743308.9150616052,6397066.666666667,3476618.7447133064,6679804.444444444,3356044.2788762194,79.16663394236362,-70.04643478781271,866880.0,840000.0,19.379840490070023,127131200.0,535589600.0
2023-03-22,8596000.0,6.0,6.0,5.0,72.0,2023,3,22,2,1,12,0,0,0,4334400.0,3472000.0,6535200.0,3740800.0,5577600.0,2108028.7411070266,6465760.0,3499724.731796031,6733751.111111111,3347281.458382009,147.5806026553564,31.533842646920885,1228000.0,1344000.0,15.635177334204592,135727200.0,544185600.0
2023-03-23,4132800.0,5.0,5.0,4.0,27.0,2023,3,23,3,1,12,0,0,0,8596000.0,3018400.0,5941600.0,9542400.0,5736800.0,1915865.3814921186,6405466.666666667,3524559.267270976,6673644.444444444,3344849.094633073,36.92021040279273,-30.442973198637873,688800.0,2419200.0,58.536571201952384,139860000.0,548318400.0
2023-03-24,8758400.0,5.0,5.0,4.0,61.0,2023,3,24,4,1,12,0,0,0,4132800.0,7336000.0,4138400.0,8344000.0,5940000.0,2172051.073678197,6559466.666666667,3523019.1148613053,6678248.888888889,3347458.513433151,19.389310334063477,111.63732079129115,1459733.3333333333,5577600.0,63.68285717906728,148618400.0,557076800.0
2023-03-25,4362400.0,2.0,2.0,2.0,24.0,2023,3,25,5,1,12,1,0,1,8758400.0,3382400.0,672000.0,3724000.0,6080000.0,2004874.8589375704,6682480.0,3371529.462650033,6685342.222222222,3341799.6692550606,28.973501367815345,549.1658494555811,1454133.3333333333,0.0,0.0,152980800.0,561439200.0
2023-03-26,8187200.0,6.0,6.0,6.0,57.0,2023,3,26,6,1,12,1,0,1,4362400.0,5555200.0,14884800.0,6070400.0,6456000.0,2132775.343693426,6459226.666666667,3012273.651411585,6708862.222222222,3344870.7392292954,47.3790237292944,-44.996234749796116,1169600.0,4256000.0,51.98357778195503,161168000.0,569626400.0
2023-03-27,12980800.0,8.0,7.0,8.0,101.0,2023,3,27,0,1,13,0,0,1,8187200.0,6820800.0,5678400.0,10427200.0,7336000.0,3273925.2689495855,6702640.0,3233892.236449059,6737235.555555556,3387327.634565361,90.3119736230393,128.59958287553133,1442311.111111111,4144000.0,31.924070016942714,174148800.0,582607200.0
2023-03-28,8136800.0,4.0,4.0,3.0,55.0,2023,3,28,1,1,13,0,0,1,12980800.0,4334400.0,6602400.0,3561600.0,7879200.0,2996601.808715991,6753786.666666667,3244369.118390784,6788071.111111111,3373436.4059514706,87.72607795171697,23.240030407120077,1627360.0,4368000.0,53.68203056704963,182285600.0,590744000.0
2023-03-29,8864800.0,8.0,7.0,6.0,63.0,2023,3,29,2,1,13,0,0,1,8136800.0,8596000.0,7128800.0,5812800.0,7917600.0,3009014.7224631435,6811653.333333333,3266693.382879254,6821982.222222222,3378858.037744555,3.127035466840918,24.35192117159674,984977.7777777778,4116000.0,46.43082230497899,191150400.0,599608800.0
2023-03-30,5152000.0,4.0,4.0,4.0,30.0,2023,3,30,3,1,13,0,0,1,8864800.0,4132800.0,13199200.0,6333600.0,8063200.0,2813670.627489996,6543413.333333333,3047115.0851067365,6808853.333333333,3383070.004330722,24.661240645266975,-60.96732673439854,1030400.0,2856000.0,55.43477184884087,196302400.0,604760800.0
2023-03-31,4883200.0,3.0,3.0,3.0,35.0,2023,3,31,4,1,13,0,0,1,5152000.0,8758400.0,12936000.0,8036000.0,7509600.0,3027216.5609131125,6274986.666666667,2810031.0323152454,6773822.222222222,3386541.907224579,-44.24551924489413,-62.25107743884683,1220800.0,3360000.0,68.80732535891929,201185600.0,609644000.0
2023-04-01,7756000.0,4.0,4.0,3.0,62.0,2023,4,1,5,2,13,1,1,0,4883200.0,4362400.0,8243200.0,3819200.0,7994400.0,2692423.582326268,6258746.666666667,2799652.5789059405,6817564.444444444,3373348.881656522,77.79202324591435,-5.91032536996247,1551200.0,2016000.0,25.992776432081428,7756000.0,7756000.0
2023-04-02,5829600.0,5.0,4.0,5.0,51.0,2023,4,2,6,2,13,1,1,0,7756000.0,8187200.0,6708800.0,907200.0,7657600.0,2809211.5145238317,6229440.0,2799380.687371326,6872257.777777778,3315859.747002696,-28.796166113425087,-13.105173338723269,971600.0,0.0,0.0,13585600.0,13585600.0
2023-04-03,10897600.0,8.0,8.0,6.0,78.0,2023,4,3,0,2,14,0,1,0,5829600.0,12980800.0,2016000.0,11726400.0,7360000.0,2194356.300451975,6525493.333333333,2808046.6189927757,6863048.888888889,3303354.5304036173,-16.048316278787418,440.5553370261226,1210844.4444444445,6440000.0,59.095575255508074,24483200.0,24483200.0
2023-04-04,3763200.0,4.0,4.0,4.0,35.0,2023,4,4,1,2,14,0,1,0,10897600.0,8136800.0,10326400.0,2772000.0,6735200.0,2532854.916229236,6306720.0,2756910.867744844,6874062.222222222,3291191.7147214636,-53.75085368316124,-63.55747757616618,752640.0,0.0,0.0,28246400.0,28246400.0
2023-04-05,2475200.0,3.0,3.0,3.0,20.0,2023,4,5,2,2,14,0,1,0,3763200.0,8864800.0,6524000.0,3931200.0,5822400.0,2777051.8276282265,6171760.0,2843644.318609237,6857884.444444444,3309348.2068433585,-72.07832414963404,-62.060076324329195,618800.0,0.0,0.0,30721600.0,30721600.0
2023-04-06,14364000.0,9.0,9.0,8.0,113.0,2023,4,6,3,2,14,0,0,0,2475200.0,5152000.0,6423200.0,11463200.0,7138400.0,4216210.848617505,6436453.333333333,3213392.098780621,6890115.555555556,3368306.1086142934,178.80431312028085,123.62683341218809,1436400.0,6092800.0,42.41715104308333,45085600.0,45085600.0
2023-04-07,3315200.0,3.0,3.0,3.0,28.0,2023,4,7,4,2,14,0,0,0,14364000.0,4883200.0,3371200.0,1344000.0,6914400.0,4393903.024267446,6434586.666666667,3215249.839998312,6912017.777777778,3338111.064274709,-32.11008516749567,-1.6611290753651295,828800.0,2060800.0,62.16214341151562,48400800.0,48400800.0
2023-04-08,10544800.0,9.0,8.0,8.0,80.0,2023,4,8,5,2,14,1,0,0,3315200.0,7756000.0,10169600.0,3472000.0,7312800.0,4604323.301709668,6447093.333333333,3230970.5546138273,6990604.444444444,3339469.8901092582,35.956674064379314,3.68942694998555,1054480.0,3360000.0,31.864043712157297,58945600.0,58945600.0
2023-04-09,16587200.0,12.0,12.0,9.0,102.0,2023,4,9,6,2,14,1,0,0,10544800.0,5829600.0,10992800.0,13876800.0,8849600.0,5693286.863198324,6633573.333333333,3638164.663382491,7020720.0,3413664.866261199,184.5340701704971,50.891487983817775,1275938.4615384615,11110400.0,66.98176503678951,75532800.0,75532800.0
2023-04-10,5661600.0,6.0,6.0,4.0,51.0,2023,4,10,0,2,15,0,0,0,16587200.0,10897600.0,5051200.0,9744000.0,8101600.0,5723250.8804000495,6653920.0,3630709.1955077876,6975360.0,3404181.7830229327,-48.04727205556525,12.08425481385516,808800.0,3192000.0,56.37981200017451,81194400.0,81194400.0
2023-04-11,1344000.0,1.0,1.0,1.0,10.0,2023,4,11,1,2,15,0,0,0,5661600.0,3763200.0,5342400.0,10068800.0,7756000.0,6090169.285003492,6520640.0,3751880.850398395,6878417.777777778,3439149.055928502,-64.28569720299288,-74.84275328639688,672000.0,1344000.0,99.99992559529346,82538400.0,82538400.0
2023-04-12,8747200.0,7.0,7.0,6.0,65.0,2023,4,12,2,2,15,0,0,0,1344000.0,2475200.0,2688000.0,6143200.0,8652000.0,5627564.427589133,6722613.333333333,3701194.2657633526,6907351.111111111,3443844.6535206907,253.39356278540612,225.4165828063308,1093400.0,168000.0,1.9206143771018864,91285600.0,91285600.0
2023-04-13,4984000.0,4.0,4.0,4.0,31.0,2023,4,13,3,2,15,0,0,0,8747200.0,14364000.0,2419200.0,6944000.0,7312000.0,5136064.776330863,6808106.666666667,3627245.879778182,6885573.333333333,3449802.3485085787,-65.30213970327627,106.01847469474426,996800.0,1254400.0,25.168534275976267,96269600.0,96269600.0
2023-04-14,6350400.0,6.0,6.0,6.0,48.0,2023,4,14,4,2,15,0,0,0,4984000.0,3315200.0,3472000.0,12084800.0,7745600.0,4863283.697256406,6904053.333333333,3573630.349227452,6821857.777777778,3405366.2341273013,91.55402643761268,82.90320192880128,907200.0,1909600.0,30.07054200199326,102620000.0,102620000.0
2023-04-15,7375200.0,4.0,4.0,4.0,49.0,2023,4,15,5,2,15,1,0,0,6350400.0,10544800.0,3018400.0,5185600.0,7292800.0,4704176.34590087,7049280.0,3498005.0281306873,6846186.666666667,3401364.209697524,-30.058414568468383,144.34132509232538,1475040.0,2688000.0,36.44646430653212,109995200.0,109995200.0
2023-04-16,11289600.0,5.0,5.0,5.0,59.0,2023,4,16,6,2,15,1,0,0,7375200.0,16587200.0,7336000.0,7022400.0,6536000.0,3118625.9196425905,7181066.666666667,3582631.5203457223,6893600.0,3433438.2382286075,-31.93787788548532,53.893122424601636,1881600.0,9576000.0,84.8214210581933,121284800.0,121284800.0
2023-04-17,7974400.0,5.0,5.0,4.0,59.0,2023,4,17,0,2,16,0,0,0,11289600.0,5661600.0,3382400.0,4664800.0,6866400.0,3133029.307236038,7334133.333333333,3512140.7014990766,6930373.333333333,3427016.273991455,40.85063571240715,135.76154926633478,1329066.6666666667,3192000.0,40.028084868067204,129259200.0,129259200.0
2023-04-18,9279200.0,8.0,8.0,8.0,67.0,2023,4,18,1,2,16,0,0,0,7974400.0,1344000.0,5555200.0,6932800.0,8000000.0,2050390.0116806882,7458266.666666667,3512908.436956018,6956444.444444444,3435948.449964218,590.4162273688785,67.03627825527825,1031022.2222222222,2822400.0,30.41641193029443,138538400.0,138538400.0
2023-04-19,10522400.0,6.0,6.0,5.0,70.0,2023,4,19,2,2,16,0,0,0,9279200.0,8747200.0,6820800.0,4569600.0,8253600.0,2257528.08768055,7581653.333333333,3554506.9310067054,7022586.666666667,3446764.151001522,20.29449191804327,54.26928596802634,1503200.0,5409600.0,51.41031975496847,149060800.0,149060800.0
2023-04-20,7560000.0,6.0,6.0,6.0,64.0,2023,4,20,3,2,16,0,0,0,10522400.0,4984000.0,4334400.0,5790400.0,8621600.0,1799139.9426762967,7689173.333333333,3501280.870543918,7042248.888888889,3444702.8734162794,51.685382888165556,74.4185874818689,1080000.0,2520000.0,33.33332892416284,156620800.0,156620800.0
2023-04-21,5751200.0,3.0,3.0,3.0,55.0,2023,4,21,4,2,16,0,0,0,7560000.0,6350400.0,8596000.0,11754400.0,8536000.0,1934381.1413472618,7594346.666666667,3514372.9878524733,6975546.666666667,3410384.083651356,-9.43562461646123,-33.094458690733056,1437800.0,0.0,0.0,162372000.0,162372000.0
2023-04-22,7879200.0,7.0,7.0,6.0,63.0,2023,4,22,5,2,16,1,0,0,5751200.0,7375200.0,4132800.0,5846400.0,8608000.0,1892908.8726084875,7719226.666666667,3453157.9404977965,6998133.333333333,3409553.2462957473,6.833712057474772,90.65038456969015,984900.0,3225600.0,40.93816111557504,170251200.0,170251200.0
2023-04-23,1243200.0,3.0,3.0,3.0,20.0,2023,4,23,6,2,16,1,0,0,7879200.0,11289600.0,8758400.0,9912000.0,7172800.0,3003590.3848560853,7468720.0,3642569.789964032,6901813.333333333,3448535.606982947,-88.98808735578875,-85.80561680151433,310800.0,616000.0,49.549509693122836,171494400.0,171494400.0
2023-04-24,7968800.0,6.0,6.0,6.0,46.0,2023,4,24,0,2,17,0,0,0,1243200.0,7974400.0,4362400.0,13608000.0,7172000.0,3003342.0318038915,7588933.333333333,3595727.5618225816,6839155.555555556,3375782.2036591535,-0.07022471029485475,82.6700709081994,1138400.0,3360000.0,42.164436029962346,179463200.0,179463200.0
2023-04-25,1120000.0,2.0,2.0,2.0,12.0,2023,4,25,1,2,17,0,0,1,7968800.0,9279200.0,8187200.0,8864800.0,6006400.0,3577625.5813038796,7353360.0,3781865.8771600532,6753102.222222222,3421962.4885478714,-87.92998448896624,-86.32009889582532,373333.3333333333,0.0,0.0,180583200.0,180583200.0
2023-04-26,3981600.0,5.0,5.0,5.0,29.0,2023,4,26,2,2,17,0,0,1,1120000.0,10522400.0,12980800.0,7408800.0,5072000.0,3010821.159307416,7053386.666666667,3675519.8571774485,6715022.222222222,3433633.062194152,-62.160717881783825,-69.32700069895532,663600.0,0.0,0.0,184564800.0,184564800.0
2023-04-27,3236800.0,4.0,4.0,4.0,33.0,2023,4,27,3,2,17,0,0,1,3981600.0,7560000.0,8136800.0,1344000.0,4454400.0,2854764.1770672733,6890053.333333333,3734121.123548795,6736053.333333333,3406051.6977741453,-57.18517762100825,-60.22022659765183,647360.0,0.0,0.0,187801600.0,187801600.0
2023-04-28,5292000.0,5.0,5.0,4.0,42.0,2023,4,28,4,2,17,0,0,1,3236800.0,5751200.0,8864800.0,8103200.0,4388800.0,2825120.3820958235,6770960.0,3725933.3928560745,6704817.777777778,3406263.4600440096,-7.984419254343571,-40.30321718445794,882000.0,1344000.0,25.396820597728535,193093600.0,193093600.0
2023-04-29,9520000.0,7.0,6.0,5.0,72.0,2023,4,29,5,2,17,1,0,1,5292000.0,7879200.0,5152000.0,4984000.0,4623200.0,3205452.354972683,6916560.0,3745779.3187201656,6755217.777777778,3414064.6971147046,20.824446539693557,84.78259223940367,1190000.0,0.0,0.0,202613600.0,202613600.0
2023-04-30,5745600.0,5.0,5.0,5.0,53.0,2023,4,30,6,2,17,1,0,1,9520000.0,1243200.0,4883200.0,8484000.0,5266400.0,2845727.4078871156,6945306.666666667,3732923.517966647,6724791.111111111,3410685.25849343,362.161870847916,17.660546842122613,957600.0,0.0,0.0,208359200.0,208359200.0
2023-05-01,1797600.0,2.0,2.0,2.0,16.0,2023,5,1,0,2,18,0,1,0,5745600.0,7968800.0,7756000.0,7481600.0,4384800.0,2824832.285287026,6746693.333333333,3845127.0742584546,6661635.555555556,3448924.8550526984,-77.44201417503085,-76.82309478815178,599200.0,0.0,0.0,1797600.0,210156800.0
2023-05-02,12465600.0,8.0,8.0,6.0,95.0,2023,5,2,1,2,18,0,1,0,1797600.0,1120000.0,5829600.0,0.0,6005600.0,3744541.0435281107,6967893.333333333,3979091.970488893,6800142.222222222,3428637.497033253,1012.999095536522,113.8328334992395,1385066.6666666667,4452000.0,35.71428284925853,14263200.0,222622400.0
2023-05-03,6087200.0,6.0,6.0,6.0,55.0,2023,5,3,2,2,18,0,1,0,12465600.0,3981600.0,10897600.0,5219200.0,6306400.0,3637907.9116070634,6807546.666666667,3911625.9474698654,6809786.666666667,3425359.7196220164,52.883249727936075,-44.14182534302733,869600.0,0.0,0.0,20350400.0,228709600.0
2023-05-04,12499200.0,8.0,8.0,7.0,71.0,2023,5,4,3,2,18,0,1,0,6087200.0,3236800.0,3763200.0,5577600.0,7629600.0,4001636.4119361555,7098746.666666667,4001321.5785523276,6886693.333333333,3474730.225557737,286.1590811421524,232.14279545525204,1388800.0,6876800.0,55.01791674523836,32849600.0,241208800.0
2023-05-05,4110400.0,5.0,4.0,5.0,25.0,2023,5,5,4,2,18,0,1,0,12499200.0,5292000.0,2475200.0,6686400.0,7460800.0,4139233.114156929,7153253.333333333,3946934.9067899217,6858071.111111111,3486986.5920753675,-22.32803810883634,66.06332172619517,685066.6666666666,1859200.0,45.23159662524411,36960000.0,245319200.0
2023-05-06,9850400.0,7.0,7.0,7.0,82.0,2023,5,6,5,2,18,1,0,0,4110400.0,9520000.0,14364000.0,6462400.0,7508000.0,4168408.834715384,7002800.0,3743367.4959393386,6895715.555555556,3500927.094032788,3.4705878707365683,-31.422999761695923,1231300.0,0.0,0.0,46810400.0,255169600.0
2023-05-07,10612000.0,8.0,8.0,7.0,93.0,2023,5,7,6,2,18,1,0,0,9850400.0,5745600.0,3315200.0,10852800.0,8203200.0,4230828.016673167,7246026.666666667,3732542.6325886673,6893040.0,3497959.701581433,84.6978410091477,220.1012849597958,1179111.111111111,1344000.0,12.66490645826362,57422400.0,265781600.0
2023-05-08,13776000.0,8.0,7.0,6.0,82.0,2023,5,8,0,2,19,0,0,0,10612000.0,1797600.0,10544800.0,3852800.0,9914400.0,3580651.3522914527,7353733.333333333,3874919.28755393,7003297.777777778,3556947.9937626463,666.3547694955665,30.64258870319127,1530666.6666666667,9800000.0,71.1382062181906,71198400.0,279557600.0
2023-05-09,15103200.0,9.0,9.0,6.0,89.0,2023,5,9,1,2,19,0,0,0,13776000.0,12465600.0,16587200.0,1680000.0,10291200.0,4007234.311425601,7304266.666666667,3760772.588759895,7152444.444444444,3612223.512909467,21.159027952202226,-8.946657124369567,1510320.0,8624000.0,57.100478236368566,86301600.0,294660800.0
2023-05-10,3830400.0,3.0,3.0,3.0,33.0,2023,5,10,2,2,19,0,0,0,15103200.0,6087200.0,5661600.0,9553600.0,9968800.0,4466323.791815062,7243226.666666667,3802977.612248638,7088853.333333333,3619846.373895827,-37.07451092875034,-32.34420793694222,957600.0,1176000.0,30.70174637068025,90132000.0,298491200.0
2023-05-11,11648000.0,10.0,8.0,7.0,91.0,2023,5,11,3,2,19,0,0,0,3830400.0,12499200.0,1344000.0,6574400.0,9847200.0,4396998.442877438,7586693.333333333,3716127.9216812276,7145226.666666667,3651116.116772696,-6.810035297456213,766.6660962305832,1058909.0909090908,5544000.0,47.59614975994593,101780000.0,310139200.0
2023-05-12,4205600.0,5.0,5.0,4.0,45.0,2023,5,12,4,2,19,0,0,0,11648000.0,4110400.0,8747200.0,4972800.0,9860800.0,4376396.03326755,7435306.666666667,3759475.724172676,7136702.222222222,3657135.827945139,2.316075730810692,-51.92060866098767,700933.3333333334,0.0,0.0,105985600.0,314344800.0
2023-05-13,6753600.0,4.0,4.0,3.0,40.0,2023,5,13,5,2,19,1,0,0,4205600.0,9850400.0,4984000.0,10724000.0,9418400.0,4531401.784584245,7494293.333333333,3733480.906508611,7092586.666666667,3637269.757745055,-31.43831403411902,35.50561085360938,1350720.0,3024000.0,44.77611277302287,112739200.0,321098400.0
2023-05-14,11877600.0,6.0,5.0,5.0,90.0,2023,5,14,6,2,19,1,0,0,6753600.0,10612000.0,6350400.0,8131200.0,9599200.0,4611503.297913448,7678533.333333333,3810665.905906312,7134213.333333333,3670575.0240882835,11.926120248198242,87.03702333128255,1696800.0,2688000.0,22.630832606685473,124616800.0,332976000.0
2023-05-15,3326400.0,3.0,3.0,2.0,38.0,2023,5,15,0,2,20,0,0,0,11877600.0,13776000.0,7375200.0,4110400.0,8106400.0,4724033.846901036,7543573.333333333,3892595.5002953405,7125502.222222222,3678753.0487826467,-75.85365303036781,-54.89748686171401,831600.0,2184000.0,65.65654591854681,127943200.0,336302400.0
2023-05-16,5773600.0,6.0,6.0,6.0,57.0,2023,5,16,1,2,20,0,0,0,3326400.0,15103200.0,11289600.0,7660800.0,6773600.0,3604423.8892412833,7359706.666666667,3839461.947841068,7104533.333333333,3681045.3737485404,-61.77233554661691,-48.85912265632771,824800.0,1344000.0,23.278366482200624,133716800.0,342076000.0
2023-05-17,7649600.0,6.0,6.0,6.0,59.0,2023,5,17,2,2,20,0,0,0,5773600.0,3830400.0,7974400.0,5857600.0,7319200.0,3365818.961263355,7348880.0,3838126.550751837,7124444.444444444,3679070.829664457,99.70757630859013,-4.073033197101576,1092800.0,3668000.0,47.950213350997004,141366400.0,349725600.0
2023-05-18,13367200.0,9.0,9.0,6.0,97.0,2023,5,18,3,2,20,0,0,0,7649600.0,11648000.0,9279200.0,4586400.0,7564800.0,3772487.7450651308,7485146.666666667,3979006.2411866467,7222008.888888889,3727122.9777947385,14.759614117478185,44.05551727998995,1336720.0,6244000.0,46.71134966849081,154733600.0,363092800.0
2023-05-19,10539200.0,6.0,6.0,5.0,72.0,2023,5,19,4,2,20,0,0,0,13367200.0,4205600.0,10522400.0,6451200.0,8469600.0,3587528.679560151,7485706.666666667,3979449.5976144755,7267431.111111111,3742502.003681571,150.59916525604783,0.1596593781210201,1505600.0,4704000.0,44.633364521655864,165272800.0,373632000.0
2023-05-20,7728000.0,6.0,6.0,6.0,63.0,2023,5,20,5,2,20,1,0,0,10539200.0,6753600.0,7560000.0,14470400.0,8608800.0,3528263.2706002253,7491306.666666667,3979675.9513665237,7192515.555555556,3663342.311437271,14.427858560196258,2.2222219282775226,1104000.0,0.0,0.0,173000800.0,381360000.0
2023-05-21,2307200.0,2.0,2.0,2.0,20.0,2023,5,21,6,2,20,1,0,0,7728000.0,11877600.0,5751200.0,6535200.0,7241600.0,3886564.64588801,7376506.666666667,4080011.9133474915,7145537.777777778,3698804.036246964,-80.5751935933864,-59.88314440757678,769066.6666666666,0.0,0.0,175308000.0,383667200.0
2023-05-22,1433600.0,1.0,1.0,1.0,15.0,2023,5,22,0,2,21,0,0,0,2307200.0,3326400.0,7879200.0,5941600.0,6971200.0,4252931.7009955915,7161653.333333333,4219940.3476526905,7095448.888888889,3745519.3184355707,-56.902339796073896,-81.80524903476888,716800.0,0.0,0.0,176741600.0,385100800.0
2023-05-23,7683200.0,5.0,5.0,4.0,63.0,2023,5,23,1,2,21,0,0,0,1433600.0,5773600.0,1243200.0,4138400.0,7244000.0,4224459.091213129,7376320.0,4069611.806141913,7134835.555555556,3732690.5789018665,33.07467904346005,518.0176013371932,1280533.3333333333,0.0,0.0,184424800.0,392784000.0
2023-05-24,6910400.0,6.0,6.0,5.0,69.0,2023,5,24,2,2,21,0,0,0,7683200.0,7649600.0,7968800.0,672000.0,7138400.0,4221868.578406161,7341040.0,4068886.0454378184,7204151.111111111,3668702.7940188176,-9.663249102796343,-13.28179734943814,987200.0,0.0,0.0,191335200.0,399694400.0
2023-05-25,403200.0,1.0,1.0,1.0,4.0,2023,5,25,3,2,21,0,0,1,6910400.0,13367200.0,1120000.0,14884800.0,5286400.0,3862224.906277026,7317146.666666667,4108587.8701462178,7043244.444444444,3645553.2704776335,-96.98365424444503,-63.99994285719388,201600.0,0.0,0.0,191738400.0,400097600.0
2023-05-26,4872000.0,4.0,4.0,4.0,52.0,2023,5,26,4,2,21,0,0,1,403200.0,10539200.0,3981600.0,5678400.0,4476800.0,3095489.77707889,7346826.666666667,4086819.764757089,7034284.444444444,3649933.80946329,-53.77257725704254,22.3628635817602,974400.0,0.0,0.0,196610400.0,404969600.0
2023-05-27,6014400.0,5.0,5.0,5.0,59.0,2023,5,27,5,2,21,1,0,1,4872000.0,7728000.0,3236800.0,6602400.0,4232000.0,2853850.171259857,7439413.333333333,4021436.742717477,7027751.111111111,3651241.584898337,-22.17391017418347,85.81312227721136,1002400.0,0.0,0.0,202624800.0,410984000.0
2023-05-28,6675200.0,4.0,4.0,4.0,29.0,2023,5,28,6,2,21,1,0,1,6014400.0,2307200.0,5292000.0,7128800.0,4856000.0,2840349.274297074,7485520.0,4003858.1137146475,7022711.111111111,3651413.5944662197,189.32030629320982,26.137561198495618,1335040.0,5644800.0,84.56374572091538,209300000.0,417659200.0
2023-05-29,6081600.0,4.0,4.0,4.0,49.0,2023,5,29,0,2,22,0,0,1,6675200.0,1433600.0,9520000.0,13199200.0,5520000.0,2418970.3594711362,7370906.666666667,3992809.5287726237,6943626.666666667,3592743.738623138,324.2185238431056,-36.117643264953436,1216320.0,0.0,0.0,215381600.0,423740800.0
2023-05-30,12644800.0,6.0,6.0,5.0,83.0,2023,5,30,1,2,22,0,0,1,6081600.0,7683200.0,5745600.0,12936000.0,6228800.0,3598033.359119014,7600880.0,4093388.307182609,6940391.111111111,3587413.6576900086,64.5772510702245,120.07795181043723,1806400.0,8052800.0,63.68467166861701,228026400.0,436385600.0
2023-05-31,10903200.0,6.0,6.0,6.0,83.0,2023,5,31,2,2,22,0,0,1,12644800.0,6910400.0,1797600.0,8243200.0,6799200.0,4016279.538743943,7904400.0,3984376.964578285,6969946.666666667,3609159.2229284467,57.77957024491054,506.54177428695243,1557600.0,2352000.0,21.571646711823437,238929600.0,447288800.0
2023-06-01,8260000.0,5.0,5.0,5.0,44.0,2023,6,1,3,2,22,0,1,0,10903200.0,403200.0,12465600.0,6708800.0,7921600.0,2863263.1826874143,7764213.333333333,3891258.421370271,6987182.222222222,3611601.15851955,1948.6062782582383,-33.73764329533731,1376666.6666666667,1344000.0,16.27118447080091,8260000.0,455548800.0
2023-06-02,2688000.0,3.0,2.0,3.0,18.0,2023,6,2,4,2,22,0,1,0,8260000.0,4872000.0,6087200.0,2016000.0,7609600.0,3331635.1620988245,7650906.666666667,3990010.3146468806,6994648.888888889,3601889.7944087903,-44.827577005833945,-55.841757155710816,672000.0,1176000.0,43.749983723964384,10948000.0,458236800.0
2023-06-03,10488800.0,6.0,6.0,5.0,78.0,2023,6,3,5,2,22,1,1,0,2688000.0,6014400.0,12499200.0,10326400.0,8248800.0,3403034.191227969,7583893.333333333,3922078.327211429,6996453.333333333,3603617.9254506496,74.39477347785757,-16.084228103860397,1498400.0,0.0,0.0,21436800.0,468725600.0
2023-06-04,3740800.0,2.0,2.0,2.0,29.0,2023,6,4,6,2,22,1,1,0,10488800.0,6675200.0,4110400.0,6524000.0,7829600.0,3788130.515174989,7571573.333333333,3933928.065444505,6965528.888888889,3619624.304088974,-43.959724958094895,-8.991823425500334,1246933.3333333333,1612800.0,43.113760929811555,25177600.0,472466400.0
2023-06-05,6132000.0,4.0,4.0,3.0,48.0,2023,6,5,0,2,23,0,1,0,3740800.0,6081600.0,9850400.0,6423200.0,7836800.0,3784300.3686282523,7447626.666666667,3918199.568145564,6962293.333333333,3620244.6325187646,0.8287291454996801,-37.74871703192591,1226400.0,0.0,0.0,31309600.0,478598400.0
2023-06-06,5532800.0,5.0,5.0,5.0,51.0,2023,6,6,1,2,23,0,0,0,6132000.0,12644800.0,10612000.0,3371200.0,6820800.0,3185679.8248830014,7278320.0,3886358.582706863,6986311.111111111,3603283.177926017,-56.244459679515714,-47.86279232352126,922133.3333333334,0.0,0.0,36842400.0,484131200.0
2023-06-07,4916800.0,3.0,3.0,3.0,44.0,2023,6,7,2,2,23,0,0,0,5532800.0,10903200.0,13776000.0,10169600.0,5965600.0,2668676.0962444628,6983013.333333333,3708101.375295887,6927946.666666667,3593670.7644087705,-54.904976987950604,-64.3089384212443,1229200.0,0.0,0.0,41759200.0,489048000.0
2023-06-08,11872000.0,6.0,6.0,5.0,74.0,2023,6,8,3,2,23,0,0,0,4916800.0,8260000.0,15103200.0,10992800.0,6481600.0,3427547.47693837,6875306.666666667,3505499.1076517347,6937715.555555556,3606018.429035249,43.72880826527745,-21.394140222327703,1696000.0,5740000.0,48.349052531245576,53631200.0,500920000.0
2023-06-09,7173600.0,5.0,5.0,4.0,65.0,2023,6,9,4,2,23,0,0,0,11872000.0,2688000.0,3830400.0,5051200.0,7122400.0,2991699.093603264,6986746.666666667,3458184.4544783016,6961297.777777778,3600478.2495368985,166.87493791854988,87.28067896807671,1195600.0,0.0,0.0,60804800.0,508093600.0
2023-06-10,15008000.0,8.0,8.0,7.0,99.0,2023,6,10,5,2,23,1,0,0,7173600.0,10488800.0,11648000.0,5342400.0,7768000.0,4115702.1207403475,7098746.666666667,3662715.4723702213,7068693.333333333,3694570.9133656733,43.08595424777341,28.846151369664202,1667555.5555555555,8344000.0,55.597011220881456,75812800.0,523101600.0
2023-06-11,3897600.0,4.0,4.0,4.0,35.0,2023,6,11,6,2,23,1,0,0,15008000.0,3740800.0,4205600.0,2688000.0,7790400.0,4090480.160893901,7088480.0,3671525.730622172,7082133.333333333,3680629.7223788286,4.191615645953902,-7.32356683384848,779520.0,2184000.0,56.03446838196111,79710400.0,526999200.0
2023-06-12,5370400.0,3.0,3.0,2.0,27.0,2023,6,12,0,2,24,0,0,0,3897600.0,6132000.0,6753600.0,2419200.0,7681600.0,4151614.445811002,7042373.333333333,3684538.12226672,7114924.444444444,3651652.603014647,-12.420089298746037,-20.48092565729009,1342600.0,5370400.0,99.99998137941655,85080800.0,532369600.0
2023-06-13,3953600.0,3.0,3.0,2.0,27.0,2023,6,13,1,2,24,0,0,0,5370400.0,5532800.0,11877600.0,3472000.0,7456000.0,4327042.679090026,6778240.0,3609216.7710479475,7120275.555555556,3646603.677498296,-28.54250496267623,-66.71380862179156,988400.0,2520000.0,63.73936064868458,89034400.0,536323200.0
2023-06-14,10287200.0,6.0,6.0,6.0,67.0,2023,6,14,2,2,24,0,0,0,3953600.0,4916800.0,3326400.0,3018400.0,8223200.0,4277611.794759618,7010266.666666667,3603396.0752881826,7201040.0,3635211.54146372,109.22549031372229,209.25919635065046,1469600.0,7403200.0,71.9651535923134,99321600.0,546610400.0
2023-06-15,5460000.0,5.0,5.0,5.0,52.0,2023,6,15,3,2,24,0,0,0,10287200.0,11872000.0,5773600.0,7336000.0,7307200.0,4046313.4826654154,6999813.333333333,3607559.7785314857,7180195.555555556,3639804.607297745,-54.00942941295237,-5.4316188458468115,910000.0,0.0,0.0,104781600.0,552070400.0
2023-06-16,9402400.0,6.0,6.0,6.0,74.0,2023,6,16,4,2,24,0,0,0,5460000.0,7173600.0,7649600.0,3382400.0,7625600.0,4121049.238563717,7058240.0,3632553.6227003015,7247084.444444444,3624510.931686182,31.069472640031137,22.91361340284284,1343200.0,2464000.0,26.206072257501035,114184000.0,561472800.0
2023-06-17,1125600.0,2.0,2.0,2.0,13.0,2023,6,17,5,2,24,1,0,0,9402400.0,15008000.0,13367200.0,5555200.0,5642400.0,3217578.6838345667,6650186.666666667,3586689.6861372953,7197866.666666667,3677432.174948756,-92.49999383662087,-91.57938150252997,375200.0,0.0,0.0,115309600.0,562598400.0
2023-06-18,11412800.0,7.0,7.0,5.0,69.0,2023,6,18,6,2,24,1,0,0,1125600.0,3897600.0,10539200.0,6820800.0,6716000.0,3748371.77807466,6679306.666666667,3622718.383311292,7248888.888888889,3703902.20647847,192.81604248356874,8.28905341116466,1426600.0,8708000.0,76.30028772077951,126722400.0,574011200.0
2023-06-19,16223200.0,9.0,8.0,9.0,111.0,2023,6,19,0,2,25,0,0,0,11412800.0,5370400.0,7728000.0,4334400.0,8266400.0,5099865.640060197,6962480.0,4017972.9586979006,7380986.666666667,3809295.075877051,202.08546810564053,109.92752200730823,1622320.0,5992000.0,36.934757819988796,142945600.0,590234400.0
2023-06-20,8562400.0,6.0,6.0,5.0,67.0,2023,6,20,1,2,25,0,0,0,16223200.0,3953600.0,2307200.0,8596000.0,8924800.0,4734707.233469309,7170986.666666667,3929389.5087583526,7380613.333333333,3809176.304107662,116.57220847526091,271.11638734553253,1223200.0,3763200.0,43.950289177066104,151508000.0,598796800.0
2023-06-21,6804000.0,4.0,4.0,4.0,53.0,2023,6,21,2,2,25,0,0,0,8562400.0,10287200.0,1433600.0,4132800.0,8427200.0,4750668.971839643,7350000.0,3778426.3084352785,7410293.333333333,3793962.1703823246,-33.85955032860736,374.6091136934196,1360800.0,4032000.0,59.25925054978681,158312000.0,605600800.0
2023-06-22,8814400.0,6.0,6.0,4.0,74.0,2023,6,22,3,2,25,0,0,0,6804000.0,5460000.0,7683200.0,8758400.0,8906400.0,4567117.135933046,7387706.666666667,3787499.6165638417,7410915.555555556,3794190.3337233067,61.435886183903634,14.72303015370807,1259200.0,0.0,0.0,167126400.0,614415200.0
2023-06-23,9559200.0,5.0,5.0,5.0,70.0,2023,6,23,4,2,25,0,0,0,8814400.0,9402400.0,6910400.0,4362400.0,8928800.0,4570338.6657883385,7476000.0,3806813.9329365683,7468657.777777778,3786811.75355324,1.667659143659157,38.330626543958886,1593200.0,2548000.0,26.654947416630325,176685600.0,623974400.0
2023-06-24,5224800.0,5.0,5.0,3.0,57.0,2023,6,24,5,2,25,1,0,0,9559200.0,1125600.0,403200.0,8187200.0,9514400.0,3553335.694808462,7636720.0,3593728.307655069,7435742.222222222,3793365.0467293337,364.17878093569567,1195.8303674842077,870800.0,0.0,0.0,181910400.0,629199200.0
2023-06-25,14481600.0,8.0,8.0,7.0,116.0,2023,6,25,6,2,25,1,0,1,5224800.0,11412800.0,4872000.0,12980800.0,9952800.0,3989171.9842593824,7957040.0,3763079.12162184,7452417.777777778,3821211.4306699485,26.889104611567312,197.24133882566937,1609066.6666666667,1960000.0,13.534415152026355,196392000.0,643680800.0
2023-06-26,4944800.0,4.0,4.0,4.0,34.0,2023,6,26,0,2,26,0,0,1,14481600.0,16223200.0,6014400.0,8136800.0,8341600.0,3242204.7149020783,7921386.666666667,3787109.6003856724,7416951.111111111,3829592.0710164467,-69.52018901818451,-17.783982145520394,988960.0,1646400.0,33.29557650550548,201336800.0,648625600.0
2023-06-27,2206400.0,2.0,2.0,2.0,17.0,2023,6,27,1,2,26,0,0,1,4944800.0,8562400.0,6675200.0,8864800.0,7433600.0,3976850.2377300137,7772426.666666667,3923256.008675598,7342968.888888889,3865454.879046268,-74.23151520233635,-66.94629869572466,735466.6666666666,504000.0,22.84262924101285,203543200.0,650832000.0
2023-06-28,8349600.0,6.0,6.0,3.0,55.0,2023,6,28,2,2,26,0,0,1,2206400.0,6804000.0,6081600.0,5152000.0,7654400.0,3978974.286588601,7848026.666666667,3911384.652165444,7378497.777777778,3859781.5926152687,22.716046044084944,37.292811547485606,1192800.0,3584000.0,42.924206797426606,211892800.0,659181600.0
2023-06-29,2167200.0,2.0,2.0,2.0,16.0,2023,6,29,3,2,26,0,0,1,8349600.0,8814400.0,12644800.0,4883200.0,6704800.0,4424270.202718929,7498773.333333333,3936007.0240101777,7348320.0,3890009.519620948,-75.41295205425757,-82.86093233100308,722400.0,0.0,0.0,214060000.0,661348800.0
2023-06-30,6479200.0,4.0,4.0,4.0,58.0,2023,6,30,4,2,26,0,0,1,2167200.0,9559200.0,10903200.0,7756000.0,6264800.0,4242505.096441637,7351306.666666667,3886623.4074050044,7334133.333333333,3890834.1508233817,-32.22026610801468,-40.57524024366789,1295840.0,0.0,0.0,220539200.0,667828000.0
2023-07-01,9447200.0,5.0,5.0,5.0,64.0,2023,7,1,5,3,26,1,1,0,6479200.0,5224800.0,8260000.0,5829600.0,6868000.0,4368298.964127791,7390880.0,3902207.4550624304,7374328.888888889,3893801.705714576,80.81456116701861,14.372879615874137,1574533.3333333333,2867200.0,30.349730041734052,9447200.0,9447200.0
2023-07-02,9105600.0,8.0,8.0,6.0,72.0,2023,7,2,6,3,26,1,1,0,9447200.0,14481600.0,2688000.0,10897600.0,6100000.0,3093094.34708997,7604800.0,3810329.875483222,7354417.777777778,3880140.6539598387,-37.12296727412942,238.74991117934852,1011733.3333333334,784000.0,8.610085155279702,18552800.0,18552800.0
2023-07-03,8086400.0,6.0,6.0,6.0,60.0,2023,7,3,0,3,27,0,1,0,9105600.0,4944800.0,10488800.0,3763200.0,6548800.0,3125293.1510499828,7524720.0,3772687.2221452333,7402453.333333333,3861899.7894353075,63.533395984995146,-22.904429209782894,1155200.0,3640000.0,45.01384484890126,26639200.0,26639200.0
2023-07-04,8993600.0,6.0,6.0,6.0,67.0,2023,7,4,1,3,27,0,1,0,8086400.0,2206400.0,3740800.0,2475200.0,7518400.0,2554227.99295598,7699813.333333333,3712428.9150731564,7474880.0,3829442.1878887326,307.6140737789731,140.4191241394557,1284800.0,3136000.0,34.86923647157574,35632800.0,35632800.0
2023-07-05,12398400.0,8.0,8.0,6.0,86.0,2023,7,5,2,3,27,0,1,0,8993600.0,8349600.0,6132000.0,14364000.0,8096800.0,3160331.3244025433,7908693.333333333,3796511.454129083,7453040.0,3795162.4900092296,48.49093986646787,102.19176415659423,1377600.0,3640000.0,29.35862455166598,48031200.0,48031200.0
2023-07-06,9016000.0,6.0,6.0,6.0,57.0,2023,7,6,3,3,27,0,0,0,12398400.0,2167200.0,5532800.0,3315200.0,9075200.0,1775296.7376375706,8024800.0,3774544.108576054,7516382.222222222,3772833.1287254826,316.020526014892,62.955454208456075,1288000.0,5432000.0,60.24844052257758,57047200.0,57047200.0
2023-07-07,11300800.0,6.0,6.0,6.0,68.0,2023,7,7,4,3,27,0,0,0,9016000.0,6479200.0,4916800.0,10544800.0,9764000.0,1516741.7007080016,8237600.0,3773237.4757329887,7524782.222222222,3780485.3249635412,74.41658315585518,129.84052028951345,1614400.0,3136000.0,27.750245314469304,68348000.0,68348000.0
2023-07-08,5381600.0,4.0,4.0,4.0,35.0,2023,7,8,5,3,27,1,0,0,11300800.0,9447200.0,11872000.0,16587200.0,9183200.0,2256353.967503016,8021253.333333333,3743619.89042077,7400275.555555556,3661314.3234228604,-43.034968770115086,-54.66980671581817,1076320.0,3276000.0,60.87407817859406,73729600.0,73729600.0
2023-07-09,4519200.0,2.0,2.0,2.0,30.0,2023,7,9,6,3,27,1,0,0,5381600.0,9105600.0,7173600.0,5661600.0,8528000.0,2866143.2948592436,7932773.333333333,3795355.6314157876,7387582.222222222,3669381.223241621,-50.36899815838625,-37.00233676224814,1506400.0,0.0,0.0,78248800.0,78248800.0
2023-07-10,3651200.0,2.0,2.0,2.0,24.0,2023,7,10,0,3,28,0,0,0,4519200.0,8086400.0,15008000.0,1344000.0,7894400.0,3417276.91981007,7554213.333333333,3628007.9758621706,7413217.777777778,3634578.676186318,-54.847638646661224,-75.67163674895811,1217066.6666666667,672000.0,18.404902934678205,81900000.0,81900000.0
2023-07-11,12790400.0,10.0,10.0,8.0,93.0,2023,7,11,1,3,28,0,0,0,3651200.0,8993600.0,3897600.0,8747200.0,8436800.0,3889513.258322512,7850640.0,3681836.034634218,7458142.222222222,3676003.8348018867,42.21668272808633,228.16086100142115,1162763.6363636365,5012000.0,39.18563616574649,94690400.0,94690400.0
2023-07-12,12096000.0,10.0,10.0,8.0,88.0,2023,7,12,2,3,28,0,0,0,12790400.0,12398400.0,5370400.0,4984000.0,8393600.0,3839537.444363136,8074826.666666667,3730051.6878117276,7537164.444444444,3698593.2828549896,-2.4390241935230197,125.23459607578651,1099636.3636363635,5824000.0,48.14814416764681,106786400.0,106786400.0
2023-07-13,4530400.0,5.0,5.0,4.0,48.0,2023,7,13,3,3,28,0,0,0,12096000.0,9016000.0,3953600.0,6350400.0,7752800.0,4084826.530792538,8094053.333333333,3709506.163966538,7516942.222222222,3710112.4037903594,-49.75154727689139,14.589231437365582,755066.6666666666,0.0,0.0,111316800.0,111316800.0
2023-07-14,5717600.0,5.0,5.0,5.0,36.0,2023,7,14,4,3,28,0,0,0,4530400.0,11300800.0,10287200.0,7375200.0,6955200.0,3812598.008357722,7941733.333333333,3710164.2314549643,7498524.444444444,3714935.150894406,-49.405347461653385,-44.420246090263035,952933.3333333334,1568000.0,27.424089229031544,117034400.0,117034400.0
2023-07-15,8220800.0,8.0,8.0,8.0,82.0,2023,7,15,5,3,28,1,0,0,5717600.0,5381600.0,5460000.0,11289600.0,7360800.0,3768053.616037498,8033760.0,3680606.447181561,7464426.666666667,3693770.8442819575,52.75753442144819,50.56409330327961,913422.2222222222,2598400.0,31.607625582957183,125255200.0,125255200.0
2023-07-16,8635200.0,4.0,4.0,4.0,63.0,2023,7,16,6,3,28,1,0,0,8220800.0,4519200.0,9402400.0,7974400.0,7948800.0,3566477.373169956,8008186.666666667,3673427.3459567674,7471768.888888889,3695452.2873404836,91.0780467609208,-8.159617952903732,1727040.0,3808000.0,44.098568174614584,133890400.0,133890400.0
2023-07-17,6272000.0,5.0,4.0,5.0,59.0,2023,7,17,0,3,29,0,0,0,8635200.0,3651200.0,1125600.0,9279200.0,8323200.0,3153823.871641102,8179733.333333333,3454579.582518547,7438355.555555556,3692520.3394603487,71.779121445245,457.21352415287475,1045333.3333333334,1764000.0,28.124995515785155,140162400.0,140162400.0
2023-07-18,11082400.0,9.0,8.0,8.0,96.0,2023,7,18,1,3,29,0,0,0,6272000.0,12790400.0,11412800.0,10522400.0,8079200.0,2796431.8598289858,8168720.0,3444428.7728606523,7444577.777777778,3698243.008337085,-13.353764279947125,-2.8949948395665537,1108240.0,4032000.0,36.382007833862,151244800.0,151244800.0
2023-07-19,4020800.0,3.0,3.0,3.0,26.0,2023,7,19,2,3,29,0,0,0,11082400.0,12096000.0,16223200.0,7560000.0,6925600.0,2514642.601510852,7761973.333333333,3170042.4466790846,7405253.333333333,3715776.984007037,-66.75925374014106,-75.21573578481829,1005200.0,3024000.0,75.20889494406711,155265600.0,155265600.0
2023-07-20,10416000.0,8.0,8.0,7.0,90.0,2023,7,20,3,3,29,0,0,0,4020800.0,4530400.0,8562400.0,5751200.0,7766400.0,2563781.748381337,7823760.0,3204062.8907685303,7457084.444444444,3724968.586306308,129.91344474804768,21.648133508346547,1157333.3333333333,3892000.0,37.365587810523444,165681600.0,165681600.0
2023-07-21,6462400.0,5.0,5.0,3.0,57.0,2023,7,21,4,3,29,0,0,0,10416000.0,5717600.0,6804000.0,7879200.0,7872800.0,2478623.5750243724,7812373.333333333,3208415.9381800555,7441342.222222222,3726158.229193145,13.026442383789986,-5.020575393801383,1077066.6666666667,0.0,0.0,172144000.0,172144000.0
2023-07-22,8545600.0,6.0,6.0,6.0,60.0,2023,7,22,5,3,29,1,0,0,6462400.0,8220800.0,8814400.0,1243200.0,7919200.0,2489241.319492066,7803413.333333333,3205895.4722708017,7522480.0,3668739.2225349457,3.950953197869648,-3.0495549272151337,1220800.0,3864000.0,45.216246347097176,180689600.0,180689600.0
2023-07-23,11496800.0,7.0,7.0,7.0,84.0,2023,7,23,6,3,29,1,0,0,8545600.0,8635200.0,9559200.0,7968800.0,8328000.0,2837095.867255799,7868000.0,3261522.717783931,7561680.0,3692333.9141730983,33.13877696651184,20.26947649704196,1437100.0,1680000.0,14.612760540953957,192186400.0,192186400.0
2023-07-24,12348000.0,8.0,8.0,6.0,109.0,2023,7,24,0,3,30,0,0,0,11496800.0,6272000.0,5224800.0,1120000.0,9196000.0,3026383.25839055,8105440.0,3321201.194582548,7686435.555555556,3661796.7113939514,96.87498455437108,136.33437905099163,1372000.0,5040000.0,40.8163232251115,204534400.0,204534400.0
2023-07-25,6736800.0,3.0,2.0,2.0,41.0,2023,7,25,1,3,30,0,0,1,12348000.0,11082400.0,14481600.0,3981600.0,8575200.0,3020634.176239586,7847280.0,3102275.613092137,7717048.888888889,3641938.7110591438,-39.211719554273486,-53.48027472929271,1684200.0,5376000.0,79.8004869076584,211271200.0,211271200.0
2023-07-26,5135200.0,4.0,4.0,3.0,48.0,2023,7,26,2,3,30,0,0,1,6736800.0,4020800.0,4944800.0,3236800.0,8734400.0,2758593.0326889353,7853626.666666667,3096321.9826035555,7738142.222222222,3621136.6614805674,27.71587054420251,3.8505088475754636,1027040.0,0.0,0.0,216406400.0,216406400.0
2023-07-27,9900800.0,9.0,7.0,8.0,75.0,2023,7,27,3,3,30,0,0,1,5135200.0,10416000.0,2206400.0,5292000.0,8660800.0,2712741.688157316,8110106.666666667,2926427.589721818,7789351.111111111,3618742.719687449,-4.946236084270729,348.7308064127962,990080.0,1960000.0,19.79637809102516,226307200.0,226307200.0
2023-07-28,19790400.0,10.0,10.0,8.0,138.0,2023,7,28,4,3,30,0,0,1,9900800.0,6462400.0,8349600.0,9520000.0,10564800.0,4792569.359609374,8491466.666666666,3621602.8386502485,7903466.666666667,3829717.6473503886,206.23913619721213,137.02211638616023,1799127.2727272727,13361600.0,67.51555968977081,246097600.0,246097600.0
2023-07-29,8769600.0,8.0,6.0,7.0,78.0,2023,7,29,5,3,30,1,0,1,19790400.0,8545600.0,2167200.0,5745600.0,10596800.0,4777564.456219641,8711546.666666666,3418974.23412479,7937066.666666667,3823833.9017098006,2.6212316722954885,304.6510222171363,974400.0,2240000.0,25.542781250823154,254867200.0,254867200.0
2023-07-30,12913600.0,10.0,9.0,6.0,78.0,2023,7,30,6,3,30,1,0,1,8769600.0,11496800.0,6479200.0,1797600.0,10799200.0,4851486.6230191,8926026.666666666,3475460.723904429,8060577.777777778,3802766.1303579113,12.323428056204504,99.30854128464297,1173963.6363636365,9951200.0,77.05983791817634,267780800.0,267780800.0
2023-07-31,10813600.0,5.0,5.0,5.0,56.0,2023,7,31,0,3,31,0,0,1,12913600.0,12348000.0,9447200.0,12465600.0,10580000.0,4804279.692107854,8971573.333333334,3491443.0695959926,8042222.222222222,3785211.1376783233,-12.426302848533945,14.463543223013886,1802266.6666666667,10427200.0,96.426712988578,278594400.0,278594400.0
2023-08-01,27272000.0,13.0,12.0,10.0,185.0,2023,8,1,1,3,31,0,1,0,10813600.0,6736800.0,9105600.0,6087200.0,13513600.0,7550907.618734757,9577120.0,4833083.247383387,8277608.888888889,4287625.1261499105,304.82123488581595,199.5079731694811,1948000.0,13384000.0,49.075973559842566,27272000.0,305866400.0
2023-08-02,7946400.0,5.0,5.0,4.0,60.0,2023,8,2,2,3,31,0,1,0,27272000.0,5135200.0,8086400.0,12499200.0,13915200.0,7091830.823325286,9572453.333333334,4834639.610983632,8227022.222222222,4264050.742835758,54.74371889240558,-1.7313017249577407,1324400.0,0.0,0.0,35218400.0,313812800.0
2023-08-03,9475200.0,5.0,4.0,5.0,64.0,2023,8,3,3,3,31,0,1,0,7946400.0,9900800.0,8993600.0,4110400.0,13854400.0,7133684.213177176,9588506.666666666,4833450.68647387,8286631.111111111,4243304.093566937,-4.2986420997654635,5.354918458134845,1579200.0,5096000.0,53.78250023403197,44693600.0,323288000.0
2023-08-04,5913600.0,5.0,5.0,5.0,51.0,2023,8,4,4,3,31,0,1,0,9475200.0,19790400.0,12398400.0,9850400.0,11872000.0,7137314.423039893,9372346.666666666,4848436.664906452,8242888.888888889,4247292.245481452,-70.11884195777539,-52.30351881666031,985600.0,1568000.0,26.515147031394235,50607200.0,329201600.0
2023-08-05,11256000.0,8.0,8.0,6.0,74.0,2023,8,5,5,3,31,1,1,0,5913600.0,8769600.0,9016000.0,10612000.0,12227200.0,7018059.370889738,9447013.333333334,4859994.0340344645,8250044.444444444,4251868.431566391,28.352487188413704,24.844717741269108,1250666.6666666667,7812000.0,69.40297890876165,61863200.0,340457600.0
2023-08-06,1820000.0,1.0,1.0,1.0,10.0,2023,8,6,6,3,31,1,0,0,11256000.0,12913600.0,11300800.0,13776000.0,10642400.0,8018483.580661201,9130986.666666666,5040201.624574937,8117200.0,4264034.695560514,-85.90632465723542,-83.89493806677952,910000.0,0.0,0.0,63683200.0,342277600.0
2023-08-07,4670400.0,3.0,3.0,3.0,28.0,2023,8,7,0,3,32,0,0,0,1820000.0,10813600.0,5381600.0,15103200.0,9764800.0,8326870.919298953,9107280.0,5060078.413349085,8001280.0,4213493.762119004,-56.80993778113322,-13.215398168686232,1167600.0,4390400.0,94.00477603529119,68353600.0,346948000.0
2023-08-08,10953600.0,6.0,5.0,5.0,80.0,2023,8,8,1,3,32,0,0,0,4670400.0,27272000.0,4519200.0,3830400.0,7433600.0,3485455.8611464216,9321760.0,4994844.8675367925,8080426.666666667,4201150.615125137,-59.83572675873692,142.37915065074554,1564800.0,5051200.0,46.114515217415715,79307200.0,357901600.0
2023-08-09,7061600.0,5.0,4.0,4.0,67.0,2023,8,9,2,3,32,0,0,0,10953600.0,7946400.0,3651200.0,11648000.0,7307200.0,3479798.76812821,9435440.0,4899229.920177112,8029466.666666667,4185175.8491238947,-11.134600431063069,93.40488239349189,1176933.3333333333,0.0,0.0,86368800.0,364963200.0
2023-08-10,6624800.0,5.0,5.0,5.0,48.0,2023,8,10,3,3,32,0,0,0,7061600.0,9475200.0,12790400.0,4205600.0,6900000.0,3348102.9374856357,9229920.0,4882932.792436149,8056346.666666667,4168074.390502654,-30.08273914189261,-48.204899908923885,1104133.3333333333,1344000.0,20.287401840447735,92993600.0,371588000.0
2023-08-11,8288000.0,5.0,5.0,5.0,70.0,2023,8,11,4,3,32,0,0,0,6624800.0,5913600.0,12096000.0,6753600.0,7239200.0,3351788.6329540447,9102986.666666666,4855275.7782205045,8073395.555555556,4165823.335644501,40.15150836182556,-31.48147887884599,1381333.3333333333,0.0,0.0,101281600.0,379876000.0
2023-08-12,834400.0,2.0,2.0,2.0,9.0,2023,8,12,5,3,32,1,0,0,8288000.0,11256000.0,4530400.0,11877600.0,5750400.0,3577196.8765128483,8979786.666666666,5019420.948313444,7950693.333333333,4214860.736761318,-92.58705645104331,-81.58218223949713,278133.3333333333,0.0,0.0,102116000.0,380710400.0
2023-08-13,6804000.0,7.0,7.0,7.0,51.0,2023,8,13,6,3,32,1,0,0,834400.0,1820000.0,5717600.0,3326400.0,6462400.0,3132928.495832604,9016000.0,4998951.119778133,7989333.333333333,4187844.882997097,273.8460033813168,19.000976108686142,850500.0,2228800.0,32.75719683168771,108920000.0,387514400.0
2023-08-14,9856000.0,5.0,5.0,5.0,51.0,2023,8,14,0,3,33,0,0,0,6804000.0,4670400.0,8220800.0,5773600.0,7203200.0,3249492.5306371464,9070506.666666666,4998896.375782969,8034693.333333333,4185684.238663707,111.03115128658116,19.891005754792022,1642666.6666666667,4592000.0,46.590904363747526,118776000.0,397370400.0
2023-08-15,5740000.0,3.0,3.0,3.0,31.0,2023,8,15,1,3,33,0,0,0,9856000.0,10953600.0,8635200.0,7649600.0,6458400.0,2815065.867790653,8974000.0,5035403.490184827,8013475.555555556,4192492.728416204,-47.59713266897343,-33.527881979817266,1435000.0,4396000.0,76.58535251126263,124516000.0,403110400.0
2023-08-16,11849600.0,7.0,7.0,6.0,70.0,2023,8,16,2,3,33,0,0,0,5740000.0,7061600.0,6272000.0,13367200.0,7142400.0,3487448.2132355655,9159920.0,5035168.198841098,7996613.333333333,4173727.990232409,67.8033210882348,88.92855724991115,1481200.0,6540800.0,55.19848305440833,136365600.0,414960000.0
2023-08-17,3740800.0,3.0,3.0,3.0,24.0,2023,8,17,3,3,33,0,0,0,11849600.0,6624800.0,11082400.0,10539200.0,6730400.0,3721302.0803655908,8915200.0,5116265.275805566,7921075.555555556,4188687.465825312,-43.53338311596077,-66.24557259749038,935200.0,2833600.0,75.74848274473835,140106400.0,418700800.0
2023-08-18,6328000.0,5.0,5.0,4.0,44.0,2023,8,18,4,3,33,0,0,0,3740800.0,8288000.0,4020800.0,7728000.0,6450400.0,3657766.6920312555,8992106.666666666,5057155.920825483,7905520.0,4192010.8243277385,-23.648645795288875,57.381601327695655,1054666.6666666667,0.0,0.0,146434400.0,425028800.0
2023-08-19,9447200.0,7.0,7.0,6.0,75.0,2023,8,19,5,3,33,1,0,0,6328000.0,834400.0,10416000.0,2307200.0,7680800.0,2802371.2625798304,8959813.333333334,5050839.145557783,7984853.333333333,4152246.0731999637,1032.2135280278908,-9.301074375856915,1180900.0,2352000.0,24.896262924859965,155881600.0,434476000.0
2023-08-20,4121600.0,6.0,6.0,5.0,39.0,2023,8,20,6,3,33,1,0,0,9447200.0,6804000.0,6462400.0,1433600.0,7297600.0,3108883.4780351515,8881786.666666666,5108501.690841782,8014720.0,4114086.035468386,-39.423862518538726,-36.221831483375915,588800.0,0.0,0.0,160003200.0,438597600.0
2023-08-21,4580800.0,4.0,4.0,3.0,44.0,2023,8,21,0,3,34,0,0,0,4121600.0,9856000.0,8545600.0,7683200.0,6544000.0,3023550.336938339,8749626.666666666,5168433.275243445,7980248.888888889,4129861.936404512,-53.5227218422563,-46.39580059963015,916160.0,0.0,0.0,164584000.0,443178400.0
2023-08-22,5006400.0,3.0,3.0,3.0,32.0,2023,8,22,1,3,34,0,0,0,4580800.0,5740000.0,11496800.0,6910400.0,6439200.0,3068443.044933365,8533280.0,5185287.47996975,7959093.333333333,4140267.491244522,-12.780485578312618,-56.453964889885455,1251600.0,3584000.0,71.58835259101298,169590400.0,448184800.0
2023-08-23,13182400.0,7.0,7.0,7.0,78.0,2023,8,23,2,3,34,0,0,0,5006400.0,11849600.0,12348000.0,403200.0,6629600.0,3474588.927244959,8561093.333333334,5208640.043231442,8101084.444444444,4097133.009222541,11.247636101840055,6.75736906726846,1647800.0,6888000.0,52.25148286719544,182772800.0,461367200.0
2023-08-24,10612000.0,5.0,5.0,5.0,81.0,2023,8,24,3,3,34,0,0,0,13182400.0,3740800.0,6736800.0,4872000.0,7611200.0,3492997.368068472,8690266.666666666,5209889.804204503,8164862.222222222,4090973.933945284,183.6825856280513,57.52285097927042,1768666.6666666667,5824000.0,54.88126131914236,193384800.0,471979200.0
2023-08-25,6188000.0,7.0,7.0,5.0,60.0,2023,8,25,4,3,34,0,0,1,10612000.0,6328000.0,5135200.0,6014400.0,7591200.0,3501958.4920441215,8725360.0,5188619.823766839,8166791.111111111,4089989.408838917,-2.212389030911974,20.501631776438742,773500.0,0.0,0.0,199572800.0,478167200.0
2023-08-26,3197600.0,2.0,2.0,2.0,29.0,2023,8,26,5,3,34,1,0,1,6188000.0,9447200.0,9900800.0,6675200.0,6698400.0,3738574.188109678,8501920.0,5279786.447510009,8128151.111111111,4120552.5308907595,-66.15292720034219,-67.70361307130605,1065866.6666666667,0.0,0.0,202770400.0,481364800.0
2023-08-27,11351200.0,7.0,7.0,7.0,70.0,2023,8,27,6,3,34,1,0,1,3197600.0,4121600.0,19790400.0,6081600.0,7731200.0,3903065.8991789096,8220613.333333333,4866220.000110073,8186702.222222222,4128576.7101333737,175.40756613752762,-42.64289541177059,1418900.0,8568000.0,75.48099976381354,214121600.0,492716000.0
2023-08-28,6468000.0,7.0,7.0,4.0,72.0,2023,8,28,0,3,35,0,0,1,11351200.0,4580800.0,8769600.0,12644800.0,8000800.0,3709568.830291009,8143893.333333333,4875400.970171995,8118071.111111111,4104907.0989020886,41.19803501614674,-26.245207735220795,808500.0,0.0,0.0,220589600.0,499184000.0
2023-08-29,4216800.0,2.0,2.0,2.0,36.0,2023,8,29,1,3,35,0,0,1,6468000.0,5006400.0,12913600.0,10903200.0,7888000.0,3825976.197869846,7854000.0,4840444.978119977,8043777.777777778,4114430.022201197,-15.771808930207548,-67.3460485576409,1405600.0,0.0,0.0,224806400.0,503400800.0
2023-08-30,6988800.0,4.0,4.0,3.0,47.0,2023,8,30,2,3,35,0,0,1,4216800.0,13182400.0,10813600.0,8260000.0,7003200.0,3031126.1713539087,7726506.666666667,4810079.296710573,8029653.333333333,4115861.1169720343,-46.98385370009606,-35.370271198280754,1397760.0,0.0,0.0,231795200.0,510389600.0
2023-08-31,13440000.0,8.0,8.0,7.0,110.0,2023,8,31,3,3,35,0,0,1,6988800.0,10612000.0,27272000.0,2688000.0,7407200.0,3705689.319591332,7265440.0,3296859.7633254714,8149120.0,4115115.8986286283,26.6490740059297,-50.7186839718875,1493333.3333333333,5544000.0,41.2499969308038,245235200.0,523829600.0
2023-09-01,6154400.0,6.0,6.0,5.0,47.0,2023,9,1,4,3,35,0,1,0,13440000.0,6188000.0,7946400.0,10488800.0,7402400.0,3707553.0546889375,7205706.666666667,3300328.6455926686,8100960.0,4112789.0139707187,-0.5429863375910896,-22.55108948063406,879200.0,896000.0,14.558687352351592,6154400.0,529984000.0
2023-09-02,4804800.0,5.0,5.0,4.0,43.0,2023,9,2,5,3,35,1,1,0,6154400.0,3197600.0,9475200.0,3740800.0,7632000.0,3444170.6190799074,7050026.666666667,3299736.5143435244,8112782.222222222,4101628.993750784,50.26268130389001,-49.29077493976117,800800.0,0.0,0.0,10959200.0,534788800.0
2023-09-03,9212000.0,7.0,7.0,7.0,68.0,2023,9,3,6,3,35,1,1,0,4804800.0,11351200.0,5913600.0,6132000.0,7326400.0,3140702.6644791774,7159973.333333333,3315478.77594581,8147004.444444444,4097763.781609148,-18.845582947566516,55.77650571961145,1151500.0,2856000.0,31.00303614817237,20171200.0,544000800.0
2023-09-04,12398400.0,6.0,6.0,4.0,85.0,2023,9,4,0,3,36,0,1,0,9212000.0,6468000.0,11256000.0,5532800.0,8173600.0,3631991.60057765,7198053.333333333,3370254.072048711,8223288.888888889,4112429.793381666,91.6882975126318,10.14925282966837,1771200.0,4032000.0,32.520322580306924,32569600.0,556399200.0
2023-09-05,10494400.0,7.0,7.0,7.0,74.0,2023,9,5,1,3,36,0,1,0,12398400.0,4216800.0,1820000.0,4916800.0,9070400.0,3246748.954467109,7487200.0,3263349.4145401153,8285262.222222222,4104059.9631649475,148.8711466346171,476.6151227389435,1311800.0,6496000.0,61.899673930889435,43064000.0,566893600.0
2023-09-06,3416000.0,3.0,3.0,3.0,30.0,2023,9,6,2,3,36,0,0,0,10494400.0,6988800.0,4670400.0,11872000.0,8560000.0,3852788.9534725277,7445386.666666667,3308410.8550817855,8191306.666666667,4117794.990089299,-51.12178755697866,-26.858507438654627,854000.0,0.0,0.0,46480000.0,570309600.0
2023-09-07,5213600.0,3.0,3.0,3.0,35.0,2023,9,7,3,3,36,0,0,0,3416000.0,13440000.0,10953600.0,7173600.0,7384800.0,3336171.058763815,7254053.333333333,3264210.0316693126,8169528.888888889,4128407.0605752743,-61.20832877914221,-52.40285820160877,1303400.0,537600.0,10.311491040453614,51693600.0,575523200.0
2023-09-08,11844000.0,9.0,9.0,8.0,100.0,2023,9,8,4,3,36,0,0,0,5213600.0,6154400.0,7061600.0,15008000.0,8197600.0,3663475.0715679694,7413466.666666667,3369565.30802676,8134373.333333333,4082738.54856151,92.44766468743262,67.72401895830704,1184400.0,2329600.0,19.669029072185996,63537600.0,587367200.0
2023-09-09,3936800.0,3.0,3.0,3.0,34.0,2023,9,9,5,3,36,1,0,0,11844000.0,4804800.0,6624800.0,3897600.0,8073600.0,3809242.934407475,7323866.666666667,3426516.8389803795,8134808.888888889,4082283.5473321807,-18.06526430543117,-40.57480368089547,984200.0,0.0,0.0,67474400.0,591304000.0
2023-09-10,3080000.0,2.0,2.0,2.0,22.0,2023,9,10,6,3,36,1,0,0,3936800.0,9212000.0,8288000.0,5370400.0,7197600.0,4189877.579754959,7150266.666666667,3506969.682113657,8109360.0,4106776.1431100694,-66.5653423181348,-62.837830256053294,1026666.6666666666,392000.0,12.727268595042665,70554400.0,594384000.0
2023-09-11,2984800.0,2.0,2.0,2.0,18.0,2023,9,11,0,3,37,0,0,0,3080000.0,12398400.0,834400.0,3953600.0,5852800.0,3727608.677601939,7221946.666666667,3393569.24457821,8098595.555555556,4119042.7343220264,-75.9259198020777,257.71781193934333,994933.3333333334,1372000.0,45.96621349295983,73539200.0,597368800.0
2023-09-12,5622400.0,7.0,7.0,5.0,47.0,2023,9,12,1,3,37,0,0,0,2984800.0,10494400.0,6804000.0,10287200.0,5156800.0,3122181.9378974824,7182560.0,3405423.5908074025,8046764.444444444,4120542.4460812914,-46.424755448167076,-17.366252591673632,702800.0,0.0,0.0,79161600.0,602991200.0
2023-09-13,8316000.0,8.0,8.0,8.0,74.0,2023,9,13,2,3,37,0,0,0,5622400.0,3416000.0,9856000.0,5460000.0,5856800.0,3214764.90379415,7131226.666666667,3375207.460385757,8078497.777777778,4111384.497855744,143.4425809594318,-15.624998414671426,924000.0,2128000.0,25.589222512118504,87477600.0,611307200.0
2023-09-14,6876800.0,5.0,5.0,5.0,57.0,2023,9,14,3,3,37,0,0,0,8316000.0,5213600.0,5740000.0,9402400.0,6094400.0,3220760.721734325,7169120.0,3365416.819847185,8050435.555555556,4110865.881131884,31.901175406403365,19.804874598453903,1146133.3333333333,1372000.0,19.951137163922585,94354400.0,618184000.0
2023-09-15,6445600.0,3.0,3.0,3.0,34.0,2023,9,15,4,3,37,0,0,0,6876800.0,11844000.0,11849600.0,1125600.0,5323200.0,2047030.0828273003,6988986.666666667,3248862.0203699465,8109546.666666667,4047940.3926863368,-45.579192369200236,-45.604911085191816,1611400.0,4480000.0,69.50476767022965,100800000.0,624629600.0
2023-09-16,10365600.0,6.0,6.0,6.0,70.0,2023,9,16,5,3,37,1,0,0,6445600.0,3936800.0,3740800.0,11412800.0,6241600.0,2669003.429496974,7209813.333333333,3245611.8751252466,8097911.111111111,4039835.651247298,163.3001007670949,177.09576104155232,1480800.0,3192000.0,30.794162345241727,111165600.0,634995200.0
2023-09-17,13860000.0,7.0,6.0,5.0,88.0,2023,9,17,6,3,37,1,0,0,10365600.0,3080000.0,6328000.0,16223200.0,7781600.0,3516261.7422484267,7460880.0,3459331.461663536,8071653.333333333,3993848.5176384365,349.9998863636732,119.02652986306418,1732500.0,7448000.0,53.73736986021862,125025600.0,648855200.0
2023-09-18,8573600.0,5.0,4.0,5.0,67.0,2023,9,18,0,3,38,0,0,0,13860000.0,2984800.0,9447200.0,8562400.0,8580000.0,2808927.899869736,7431760.0,3445684.4078273955,8071777.777777778,3993864.155099458,187.2419635345874,-9.247183372090845,1428933.3333333333,0.0,0.0,133599200.0,657428800.0
2023-09-19,7840000.0,5.0,5.0,4.0,41.0,2023,9,19,1,3,38,0,0,0,8573600.0,5622400.0,4121600.0,6804000.0,8896800.0,2531077.578160457,7555706.666666667,3388917.5746158585,8083288.888888889,3991661.4829237736,39.44222406050369,90.21736941542862,1306666.6666666667,3360000.0,42.857137390671255,141439200.0,665268800.0
2023-09-20,9956800.0,8.0,8.0,7.0,88.0,2023,9,20,2,3,38,0,0,0,7840000.0,8316000.0,4580800.0,8814400.0,9131200.0,2544267.7427241425,7734906.666666667,3368259.0807606303,8095982.222222222,3995826.732602881,19.730637358028215,117.35938758308863,1106311.111111111,0.0,0.0,151396000.0,675225600.0
2023-09-21,2912000.0,2.0,2.0,2.0,24.0,2023,9,21,3,3,38,0,0,0,9956800.0,6876800.0,5006400.0,9559200.0,8564800.0,3420288.8922818503,7665093.333333333,3447534.705677462,8022124.444444444,4029765.5180985993,-57.65471474309057,-41.83444354537321,970666.6666666666,0.0,0.0,154308000.0,678137600.0
2023-09-22,11317600.0,6.0,6.0,5.0,78.0,2023,9,22,4,3,38,0,0,0,2912000.0,6445600.0,13182400.0,5224800.0,9260800.0,3412873.7607281352,7602933.333333333,3360334.4814358056,8089822.222222222,4033420.1726250723,75.58643484137477,-14.146133166484617,1616800.0,5152000.0,45.52201478034081,165625600.0,689455200.0
2023-09-23,7151200.0,4.0,4.0,4.0,45.0,2023,9,23,5,3,38,1,0,0,11317600.0,10365600.0,10612000.0,14481600.0,8801600.0,3455431.0025427034,7487573.333333333,3312535.906890186,8008373.333333333,3976509.2580969026,-31.010261730120618,-32.61213413002883,1430240.0,2016000.0,28.19106888479292,172776800.0,696606400.0
2023-09-24,7470400.0,3.0,3.0,3.0,41.0,2023,9,24,6,3,38,1,0,0,7151200.0,13860000.0,6188000.0,4944800.0,7888800.0,2645508.0318658287,7530320.0,3303449.1674089944,8036435.555555556,3963537.126296489,-46.10100677481913,20.72397855139325,1867600.0,6664000.0,89.20538536017008,180247200.0,704076800.0
2023-09-25,5807200.0,4.0,4.0,3.0,51.0,2023,9,25,0,3,39,0,0,1,7470400.0,8573600.0,3197600.0,2206400.0,7493600.0,2731394.7206509616,7617306.666666667,3218696.4333871035,8076444.444444444,3921981.950898178,-32.26648872509929,81.61118288366809,1161440.0,0.0,0.0,186054400.0,709884000.0
2023-09-26,9217600.0,5.0,5.0,3.0,74.0,2023,9,26,1,3,39,0,0,1,5807200.0,7840000.0,11351200.0,8349600.0,7690400.0,2809038.2126272228,7546186.666666667,3156315.141353955,8086088.888888889,3923728.0574555574,17.571426330175214,-18.796248960792784,1536266.6666666667,0.0,0.0,195272000.0,719101600.0
2023-09-27,2027200.0,3.0,3.0,3.0,19.0,2023,9,27,2,3,39,0,0,1,9217600.0,9956800.0,6468000.0,2167200.0,6557600.0,3298908.6195285777,7398160.0,3309061.7661412633,8084533.333333333,3926127.9742403203,-79.64003699581824,-68.65799804298113,506800.0,896000.0,44.19887322470737,197299200.0,721128800.0
2023-09-28,5420800.0,5.0,4.0,4.0,50.0,2023,9,28,3,3,39,0,0,1,2027200.0,2912000.0,4216800.0,6479200.0,6916000.0,2955208.6626835587,7438293.333333333,3276285.6596155204,8072773.333333333,3932570.3216867307,86.1538165680575,28.552450068191504,903466.6666666666,0.0,0.0,202720000.0,726549600.0
2023-09-29,11726400.0,8.0,7.0,8.0,84.0,2023,9,29,4,3,39,0,0,1,5420800.0,11317600.0,6988800.0,9447200.0,6974400.0,3058908.8773613293,7596213.333333333,3366800.572295485,8098097.777777778,3948825.668843384,3.6120729119183475,67.78845183887766,1302933.3333333333,1176000.0,10.028652439908885,214446400.0,738276000.0
2023-09-30,4323200.0,3.0,3.0,2.0,25.0,2023,9,30,5,3,39,1,0,1,11726400.0,7151200.0,13440000.0,9105600.0,6570400.0,3214462.9494416765,7292320.0,3229803.429739746,8044960.0,3967250.224922309,-39.54580496339006,-67.83332828621069,1080800.0,0.0,0.0,218769600.0,742599200.0
2023-10-01,901600.0,1.0,1.0,1.0,6.0,2023,10,1,6,4,39,1,1,0,4323200.0,7470400.0,6154400.0,8086400.0,5632000.0,3811337.556991415,7117226.666666667,3429808.4071284793,7965128.888888889,4038063.170650917,-87.93102271216766,-85.35030460316122,450800.0,0.0,0.0,901600.0,901600.0
2023-10-02,3528000.0,3.0,3.0,3.0,27.0,2023,10,2,0,4,40,0,1,0,901600.0,5807200.0,4804800.0,8993600.0,5306400.0,3890410.802644534,7074666.666666667,3467210.326247426,7904400.0,4063441.2289491333,-39.24782352117656,-26.57342104282779,882000.0,358400.0,10.158727279272313,4429600.0,4429600.0
2023-10-03,8226400.0,6.0,6.0,5.0,61.0,2023,10,3,1,4,40,0,1,0,3528000.0,9217600.0,9212000.0,12398400.0,5164800.0,3739437.0770656494,7041813.333333333,3450890.8974383683,7858044.444444444,4035297.3713601227,-10.7533402671693,-10.699086984467327,1175200.0,4200000.0,51.05513334446011,12656000.0,12656000.0
2023-10-04,6585600.0,5.0,5.0,4.0,62.0,2023,10,4,2,4,40,0,1,0,8226400.0,2027200.0,12398400.0,9016000.0,5816000.0,3490607.557431793,6848053.333333333,3299632.2331888513,7831040.0,4035593.3750464935,224.86176753069876,-46.88346505327582,1097600.0,2744000.0,41.66666033973209,19241600.0,19241600.0
2023-10-05,5448800.0,5.0,4.0,3.0,61.0,2023,10,5,3,4,40,0,1,0,6585600.0,5420800.0,10494400.0,11300800.0,5820000.0,3490095.211690738,6679866.666666667,3235328.0310512157,7766017.777777778,4026193.115106364,0.5165288303333769,-48.078970872182225,908133.3333333334,0.0,0.0,24690400.0,24690400.0
2023-10-06,8030400.0,5.0,5.0,5.0,51.0,2023,10,6,4,4,40,0,0,0,5448800.0,11726400.0,3416000.0,5381600.0,5292000.0,2618313.92057305,6833680.0,3184089.947438562,7795448.888888889,4018240.7852093866,-31.518621953999354,135.0819276692249,1338400.0,1792000.0,22.315199452679884,32720800.0,32720800.0
2023-10-07,16150400.0,6.0,6.0,4.0,102.0,2023,10,7,5,4,40,1,0,0,8030400.0,4323200.0,5213600.0,4519200.0,6981600.0,4797854.498280102,7198240.0,3592155.858073207,7924684.444444444,4097937.667665281,273.5750662529917,209.7743958542282,2307200.0,5152000.0,31.90013672106346,48871200.0,48871200.0
2023-10-08,2800000.0,1.0,1.0,1.0,19.0,2023,10,8,6,4,40,1,0,0,16150400.0,901600.0,11844000.0,3651200.0,7252800.0,4436984.321210366,6896773.333333333,3568245.449935935,7915226.666666667,4108879.0664974763,210.55877267216871,-76.35933161437592,1400000.0,0.0,0.0,51671200.0,51671200.0
2023-10-09,8960000.0,5.0,5.0,4.0,69.0,2023,10,9,0,4,41,0,0,0,2800000.0,3528000.0,3936800.0,12790400.0,8028800.0,4142184.2869030596,7064213.333333333,3542321.806652391,7872666.666666667,4077532.5400640215,153.968210326471,127.59598465860986,1493333.3333333333,3046400.0,33.99999620535757,60631200.0,60631200.0
2023-10-10,1948800.0,3.0,2.0,3.0,15.0,2023,10,10,1,4,41,0,0,0,8960000.0,8226400.0,3080000.0,12096000.0,7132000.0,4730111.812631912,7026506.666666667,3591868.755659797,7759920.0,4099670.804301304,-76.31040597218637,-36.7272608028374,487200.0,336000.0,17.24137046317197,62580000.0,62580000.0
2023-10-11,3920000.0,2.0,2.0,1.0,29.0,2023,10,11,2,4,41,0,0,0,1948800.0,6585600.0,2984800.0,4530400.0,6751200.0,4886155.221985204,7057680.0,3559494.1095804516,7753137.777777778,4105574.189586312,-40.47618433002546,31.332072054384863,1306666.6666666667,0.0,0.0,66500000.0,66500000.0
2023-10-12,1176000.0,1.0,1.0,1.0,5.0,2023,10,12,3,4,41,0,0,0,3920000.0,5448800.0,5622400.0,5717600.0,6140800.0,5323306.761778805,6909466.666666667,3710679.2126038834,7702675.555555556,4158444.713865054,-78.41725179539498,-79.0836512728281,588000.0,1176000.0,99.9999149660587,67676000.0,67676000.0
2023-10-13,7403200.0,5.0,5.0,5.0,50.0,2023,10,13,4,4,41,0,0,0,1176000.0,8030400.0,8316000.0,8220800.0,6051200.0,5291383.526703258,6879040.0,3702481.597765626,7693591.111111111,4158193.1607571263,-7.81031980843796,-10.976429656513991,1233866.6666666667,1344000.0,18.15430919679204,75079200.0,75079200.0
2023-10-14,4687200.0,2.0,2.0,2.0,30.0,2023,10,14,5,4,41,1,0,0,7403200.0,16150400.0,6876800.0,8635200.0,4413600.0,2860272.621039229,6806053.333333333,3724046.165473074,7649724.444444444,4168958.775034257,-70.9778042043662,-31.84038624936217,1562400.0,3024000.0,64.51611526793923,79766400.0,79766400.0
2023-10-15,2688000.0,2.0,2.0,2.0,18.0,2023,10,15,6,4,41,1,0,0,4687200.0,2800000.0,6445600.0,6272000.0,4397600.0,2871096.050872086,6680800.0,3799023.741019208,7609902.222222222,4199273.878938136,-3.9999985714290816,-58.297123883405135,896000.0,2520000.0,93.74996512278084,82454400.0,82454400.0
2023-10-16,7207200.0,5.0,5.0,4.0,62.0,2023,10,16,0,4,42,0,0,0,2688000.0,8960000.0,10365600.0,11082400.0,4147200.0,2452842.313181442,6575520.0,3736639.1395994066,7566844.444444444,4183104.4189185123,-19.56249781668551,-30.470013267923395,1201200.0,1344000.0,18.64801606060383,89661600.0,89661600.0
2023-10-17,6204800.0,6.0,6.0,6.0,44.0,2023,10,17,1,4,42,0,0,0,7207200.0,1948800.0,13860000.0,4020800.0,4755200.0,2342068.874592139,6320346.666666667,3474200.8323158794,7591111.111111111,4168611.9871518114,218.39069253351164,-55.232319247307416,886400.0,1372000.0,22.111909793722635,95866400.0,95866400.0
2023-10-18,2996000.0,2.0,2.0,2.0,18.0,2023,10,18,2,4,42,0,0,0,6204800.0,3920000.0,8573600.0,10416000.0,4623200.0,2421672.193616074,6134426.666666667,3498616.5446017226,7508666.666666667,4185455.4423891283,-23.571422558310573,-65.05551168056456,998666.6666666666,2016000.0,67.28969716632271,98862400.0,98862400.0
2023-10-19,5297600.0,7.0,7.0,7.0,61.0,2023,10,19,3,4,42,0,0,0,2996000.0,1176000.0,7840000.0,6462400.0,5212000.0,1885550.614542063,6049680.0,3486649.6744009107,7495724.444444444,4190524.869818141,350.4758924524724,-32.42856729227458,662200.0,0.0,0.0,104160000.0,104160000.0
2023-10-20,8954400.0,8.0,8.0,7.0,86.0,2023,10,20,4,4,42,0,0,0,5297600.0,7403200.0,9956800.0,8545600.0,5433600.0,2243221.68320475,6016266.666666667,3452552.132826532,7500266.666666667,4191896.9744608984,20.953098531297478,-10.067490552437475,994933.3333333334,1792000.0,20.012505582450462,113114400.0,113114400.0
2023-10-21,12090400.0,9.0,7.0,9.0,116.0,2023,10,21,5,4,42,1,0,0,8954400.0,4687200.0,2912000.0,11496800.0,6491200.0,3319601.1326663853,6322213.333333333,3572567.385502197,7506862.222222222,4198717.235852725,157.94500811891788,315.1921994532282,1209040.0,3444000.0,28.485407555961128,125204800.0,125204800.0
2023-10-22,6804000.0,7.0,7.0,6.0,52.0,2023,10,22,6,4,42,1,0,0,12090400.0,2688000.0,11317600.0,12348000.0,7079200.0,2867397.6494375425,6171760.0,3447803.08998503,7445262.222222222,4167446.125898297,153.12494303387535,-39.88124338364641,850500.0,1372000.0,20.16460608985801,132008800.0,132008800.0
2023-10-23,6832000.0,5.0,5.0,5.0,53.0,2023,10,23,0,4,43,0,0,0,6804000.0,7207200.0,7151200.0,6736800.0,7025600.0,2868112.8755100644,6161120.0,3445167.810977149,7446320.0,4167276.362466088,-5.205904483585236,-4.463585906758879,1138666.6666666667,0.0,0.0,138840800.0,138840800.0
2023-10-24,4300800.0,2.0,2.0,2.0,26.0,2023,10,24,1,4,43,0,0,0,6832000.0,6204800.0,7470400.0,5135200.0,6753600.0,3043828.8169124443,6055466.666666667,3452225.4376914105,7437048.888888889,4173399.4410626125,-30.685915632104884,-42.42877992761031,1433600.0,2184000.0,50.78123819260645,143141600.0,143141600.0
2023-10-25,13585600.0,8.0,8.0,7.0,90.0,2023,10,25,2,4,43,0,0,1,4300800.0,2996000.0,5807200.0,9900800.0,8266400.0,3467133.3634574744,6314746.666666667,3715032.1010107314,7477991.111111111,4215701.182501539,353.45782594865625,133.94404636588263,1509511.111111111,5656000.0,41.632313506042166,156727200.0,156727200.0
2023-10-26,14212800.0,8.0,7.0,8.0,96.0,2023,10,26,3,4,43,0,0,1,13585600.0,5297600.0,9217600.0,19790400.0,9540000.0,3814830.3448515157,6481253.333333333,3953886.7682784996,7416017.777777778,4071187.7744107936,168.28749466031888,54.19197467974585,1579200.0,7722400.0,54.334117532497636,170940000.0,170940000.0
2023-10-27,4782400.0,4.0,4.0,4.0,37.0,2023,10,27,4,4,43,0,0,1,14212800.0,8954400.0,2027200.0,8769600.0,8944000.0,4225377.729860365,6573093.333333333,3878134.419513599,7371715.555555556,4077981.2098445534,-46.59161455914248,135.91153516597515,956480.0,168000.0,3.5128798275176,175722400.0,175722400.0
2023-10-28,7767200.0,6.0,6.0,6.0,50.0,2023,10,28,5,4,43,1,0,1,4782400.0,12090400.0,5420800.0,12913600.0,8326400.0,3998706.4308348442,6651306.666666667,3877754.690444505,7314533.333333333,4035256.808891835,-35.757292086507306,43.28511598193699,1109600.0,2240000.0,28.83921762807477,183489600.0,183489600.0
2023-10-29,7795200.0,6.0,5.0,5.0,61.0,2023,10,29,6,4,43,1,0,1,7767200.0,6804000.0,11726400.0,10813600.0,8468000.0,3953100.8183450038,6520266.666666667,3765126.9013126893,7280995.555555556,4018356.5051183887,14.567899093489256,-33.52435244198113,1113600.0,1344000.0,17.24137709855076,191284800.0,191284800.0
2023-10-30,7761600.0,6.0,5.0,6.0,76.0,2023,10,30,0,4,44,0,0,1,7795200.0,6832000.0,4323200.0,27272000.0,8600800.0,3904294.4424483757,6634880.0,3748236.168763593,7064213.333333333,3407626.9960985137,13.60655538545735,79.53366035953452,1108800.0,672000.0,8.658007542516035,199046400.0,199046400.0
2023-10-31,4144000.0,4.0,4.0,4.0,23.0,2023,10,31,1,4,44,0,0,1,7761600.0,4300800.0,901600.0,7946400.0,8578400.0,3933417.608136713,6742960.0,3621832.751674688,7021964.444444444,3420115.2827114263,-3.6458324856230266,359.626930316182,828800.0,1792000.0,43.24323280810019,203190400.0,203190400.0
2023-11-01,3852800.0,3.0,3.0,3.0,21.0,2023,11,1,2,4,44,0,1,0,4144000.0,13585600.0,3528000.0,9475200.0,7188000.0,3572053.63154959,6753786.666666667,3612364.029058641,6959493.333333333,3426144.9848566656,-71.6405553202983,9.206346596840534,963200.0,2464000.0,63.95347177287382,3852800.0,207043200.0
2023-11-02,6826400.0,5.0,5.0,4.0,54.0,2023,11,2,3,4,44,0,1,0,3852800.0,14212800.0,8226400.0,5913600.0,6132800.0,1804910.5758088448,6707120.0,3601711.239875883,6969635.555555556,3424364.6910920655,-51.970051504977796,-17.018377781486706,1137733.3333333333,1512000.0,22.149299462483967,10679200.0,213869600.0
2023-11-03,6770400.0,4.0,4.0,2.0,45.0,2023,11,3,4,4,44,0,1,0,6826400.0,4782400.0,6585600.0,11256000.0,6416800.0,1710973.1499938706,6713280.0,3601654.2688048217,6919795.555555556,3393784.06879372,41.569077958958275,2.8061220228799164,1354080.0,4200000.0,62.03473029145541,17449600.0,220640000.0
2023-11-04,7347200.0,2.0,2.0,2.0,35.0,2023,11,4,5,4,44,1,1,0,6770400.0,7767200.0,5448800.0,1820000.0,6356800.0,1662399.807507192,6776560.0,3595343.2756927344,6981208.888888889,3350191.799427887,-5.40735330526402,34.84069247528034,2449066.6666666665,7347200.0,99.99998638937467,24796800.0,227987200.0
2023-11-05,3326400.0,2.0,2.0,2.0,23.0,2023,11,5,6,4,44,1,1,0,7347200.0,7795200.0,8030400.0,4670400.0,5718400.0,1863817.158414406,6619760.0,3641059.9390457897,6966275.555555556,3363576.5361036863,-57.327578852681285,-58.5773985632847,1108800.0,1176000.0,35.35352472537136,28123200.0,231313600.0
2023-11-06,10085600.0,5.0,5.0,5.0,67.0,2023,11,6,0,4,45,0,0,0,3326400.0,7761600.0,16150400.0,10953600.0,6050400.0,2414162.656768032,6417600.0,3239918.5549576096,6956631.111111111,3353243.692999251,29.94227608453462,-37.55200877055622,1680933.3333333333,3718400.0,36.86840278531741,38208800.0,241399200.0
2023-11-07,7756000.0,6.0,6.0,5.0,53.0,2023,11,7,1,4,45,0,0,0,10085600.0,4144000.0,2800000.0,7061600.0,6566400.0,2323072.907451094,6582800.0,3174796.4835126246,6964346.666666667,3354286.650370536,87.16214112882696,176.99993678573688,1108000.0,1680000.0,21.660647026734527,45964800.0,249155200.0
2023-11-08,5241600.0,5.0,5.0,4.0,34.0,2023,11,8,2,4,45,0,0,0,7756000.0,3852800.0,8960000.0,6624800.0,6764800.0,2101425.649410406,6458853.333333333,3151286.0152897746,6948977.777777778,3359025.358433872,36.04650227198342,-41.499995368304084,873600.0,4737600.0,90.38459814091154,51206400.0,254396800.0
2023-11-09,11026400.0,8.0,7.0,8.0,103.0,2023,11,9,3,4,45,0,0,0,5241600.0,6826400.0,1948800.0,8288000.0,7364800.0,2649949.0108301975,6761440.0,3139089.7193184886,6979404.444444444,3383603.295069776,61.52583184023324,465.8043586800294,1225155.5555555555,3892000.0,35.297101928362665,62232800.0,265423200.0
2023-11-10,4659200.0,3.0,3.0,3.0,33.0,2023,11,10,4,4,45,0,0,0,11026400.0,6770400.0,3920000.0,834400.0,7063200.0,2842053.2671526894,6786080.0,3118852.914509567,7021902.222222222,3329136.5509095304,-31.182791093171584,18.85713804664846,1164800.0,2508800.0,53.84614228920367,66892000.0,270082400.0
2023-11-11,10735200.0,6.0,6.0,4.0,82.0,2023,11,11,5,4,45,1,0,0,4659200.0,7347200.0,1176000.0,6804000.0,7547200.0,3168247.061073354,7104720.0,3012426.386268992,7065582.222222222,3351956.915821436,46.11279860180768,812.8564516526773,1533600.0,4704000.0,43.818462271922066,77627200.0,280817600.0
2023-11-12,7140000.0,3.0,3.0,2.0,35.0,2023,11,12,6,4,45,1,0,0,10735200.0,3326400.0,7403200.0,9856000.0,8092000.0,2598068.0822487967,7095946.666666667,3011910.348500151,7035404.444444444,3338752.531484916,114.6464301808471,-3.555218884371774,1785000.0,7140000.0,99.99998599439972,84767200.0,287957600.0
2023-11-13,8892800.0,7.0,7.0,6.0,84.0,2023,11,13,0,4,46,0,0,0,7140000.0,10085600.0,4687200.0,5740000.0,7921600.0,2482046.6393683944,7236133.333333333,2993749.61997934,7070435.555555556,3341546.9286655933,-11.826761736856337,89.72518993744882,1111600.0,1344000.0,15.113348426440668,93660000.0,296850400.0
2023-11-14,1814400.0,1.0,1.0,1.0,18.0,2023,11,14,1,4,46,0,0,0,8892800.0,7756000.0,2688000.0,11849600.0,7072800.0,3395844.8021074147,7207013.333333333,3043352.298182151,6958933.333333333,3347705.6420879466,-76.60648831788444,-32.49998790923069,907200.0,0.0,0.0,95474400.0,298664800.0
2023-11-15,6378400.0,4.0,4.0,4.0,65.0,2023,11,15,2,4,46,0,0,0,1814400.0,5241600.0,7207200.0,3740800.0,7235200.0,3320011.373474486,7179386.666666667,3047110.0279731806,6988240.0,3330718.7543238397,21.688030050360567,-11.49960990403903,1275680.0,0.0,0.0,101852800.0,305043200.0
2023-11-16,1932000.0,1.0,1.0,1.0,15.0,2023,11,16,3,4,46,0,0,0,6378400.0,11026400.0,6204800.0,6328000.0,5936000.0,3368237.4579790663,7036960.0,3190709.5370887285,6939395.555555556,3372481.342879448,-82.47840795922441,-68.86280478616477,966000.0,0.0,0.0,103784800.0,306975200.0
2023-11-17,12941600.0,8.0,8.0,7.0,103.0,2023,11,17,4,4,46,0,0,0,1932000.0,4659200.0,2996000.0,9447200.0,7119200.0,4197590.95355101,7368480.0,3272015.321437867,6978222.222222222,3421437.383525865,177.7643849235094,331.9625060205253,1437955.5555555555,2352000.0,18.17394926640066,116726400.0,319916800.0
2023-11-18,6876800.0,6.0,6.0,6.0,52.0,2023,11,18,5,4,46,1,0,0,12941600.0,10735200.0,5297600.0,4121600.0,6568000.0,3885339.336531617,7421120.0,3250180.471424256,7008835.555555556,3407889.8139303434,-35.94157203018369,29.809719531538896,982400.0,0.0,0.0,123603200.0,326793600.0
2023-11-19,4233600.0,4.0,4.0,4.0,48.0,2023,11,19,6,4,46,1,0,0,6876800.0,7140000.0,8954400.0,4580800.0,6152800.0,3968431.105613394,7263760.0,3287452.587370182,7004977.777777778,3410864.4854241344,-40.705876651838004,-52.72044439376794,846720.0,1344000.0,31.74602424744325,127836800.0,331027200.0
2023-11-20,2990400.0,3.0,3.0,2.0,25.0,2023,11,20,0,4,47,0,0,0,4233600.0,8892800.0,12090400.0,5006400.0,5309600.0,3915927.789596392,6960426.666666667,3246312.5477817226,6982577.777777778,3430699.236021719,-66.3727885061186,-75.26632077794608,747600.0,2688000.0,89.88761039071349,130827200.0,334017600.0
2023-11-21,10438400.0,7.0,7.0,7.0,80.0,2023,11,21,1,4,47,0,0,0,2990400.0,1814400.0,6804000.0,13182400.0,6541600.0,3988950.1776783257,7081573.333333333,3307511.5311846677,6952088.888888889,3386895.275778201,475.30838001081344,53.415630009460614,1304800.0,3584000.0,34.334760659223576,141265600.0,344456000.0
2023-11-22,5964000.0,6.0,6.0,4.0,48.0,2023,11,22,2,4,47,0,0,0,10438400.0,6378400.0,6832000.0,10612000.0,6482400.0,3994846.6003089463,7052640.0,3313561.020766757,6900444.444444444,3365832.337987256,-6.496926110478158,-12.704916173168007,852000.0,672000.0,11.267603744533242,147229600.0,350420000.0
2023-11-23,7610400.0,8.0,8.0,7.0,60.0,2023,11,23,3,4,47,0,0,0,5964000.0,1932000.0,4300800.0,6188000.0,7293600.0,3457183.871303339,7162960.0,3273636.964432153,6916248.888888889,3365788.906478886,293.9128913494351,76.95310710725745,845600.0,1344000.0,17.6600418295961,154840000.0,358030400.0
2023-11-24,10578400.0,10.0,10.0,8.0,91.0,2023,11,24,4,4,47,0,0,0,7610400.0,12941600.0,13585600.0,3197600.0,6956000.0,2881114.1548597612,7062720.0,3112254.7230208395,6998257.777777778,3364082.127181503,-18.260491881954945,-22.135200349252123,961672.7272727273,6552000.0,61.937527231194956,165418400.0,368608800.0
2023-11-25,4065600.0,4.0,4.0,4.0,34.0,2023,11,25,5,4,47,1,0,1,10578400.0,6876800.0,14212800.0,11351200.0,6554400.0,3082857.8256762475,6724480.0,2848621.261956205,6917306.666666667,3345766.9380540145,-40.879472882812806,-71.39479403109915,813120.0,1344000.0,33.057843108558856,169484000.0,372674400.0
2023-11-26,11799200.0,6.0,6.0,5.0,78.0,2023,11,26,6,4,47,1,0,1,4065600.0,4233600.0,4782400.0,6468000.0,7635200.0,3439209.8937595063,6958373.333333333,2969178.310452973,6976542.222222222,3384689.801031779,178.7036614928993,146.7212807959851,1685600.0,6412000.0,54.342662693855296,181283200.0,384473600.0
2023-11-27,12280800.0,7.0,7.0,7.0,97.0,2023,11,27,0,4,48,0,0,1,11799200.0,2990400.0,7767200.0,4216800.0,8962400.0,3126398.3964513014,7108826.666666667,3121999.327457276,7066142.222222222,3417390.371106934,310.6740534129035,58.11102352057067,1535100.0,3360000.0,27.359778893901137,193564000.0,396754400.0
2023-11-28,4468800.0,4.0,4.0,3.0,35.0,2023,11,28,1,4,48,0,0,1,12280800.0,10438400.0,7795200.0,6988800.0,8109600.0,3453722.4285303056,6997946.666666667,3155669.858582773,7038142.222222222,3428337.3197145974,-57.18883572301926,-42.672408318913135,893760.0,0.0,0.0,198032800.0,401223200.0
2023-11-29,6238400.0,2.0,2.0,2.0,29.0,2023,11,29,2,4,48,0,0,1,4468800.0,5964000.0,7761600.0,13440000.0,8148800.0,3426762.935093887,6947173.333333333,3155213.1040039374,6958124.444444444,3360612.5073844898,4.6009381956844075,-19.62481709636968,2079466.6666666667,6238400.0,99.99998397025135,204271200.0,407461600.0
2023-11-30,9732800.0,9.0,9.0,9.0,78.0,2023,11,30,3,4,48,0,0,1,6238400.0,7610400.0,4144000.0,6154400.0,8452000.0,3464868.805597109,7133466.666666667,3148981.7797496715,6997884.444444444,3372145.211393135,27.888149389237178,134.86483232026248,973280.0,4032000.0,41.426923246452894,214004000.0,417194400.0
2023-12-01,5840800.0,4.0,4.0,4.0,41.0,2023,12,1,4,4,48,0,1,0,9732800.0,10578400.0,3852800.0,4804800.0,7775200.0,3442922.1077450966,7199733.333333333,3098069.345557821,7009395.555555556,3366338.049075618,-44.78559661332559,51.59882381675046,1168160.0,4177600.0,71.52443645999924,5840800.0,423035200.0
2023-12-02,5471200.0,6.0,6.0,5.0,58.0,2023,12,2,5,4,48,1,1,0,5840800.0,4065600.0,6826400.0,9212000.0,7976000.0,3224575.3002010365,7154560.0,3113542.2073525074,6967831.111111111,3361927.8353732154,34.57299425103447,-19.852335073781923,781600.0,1008000.0,18.423742794315178,11312000.0,428506400.0
2023-12-03,13216000.0,9.0,8.0,9.0,112.0,2023,12,3,6,4,48,1,1,0,5471200.0,11799200.0,6770400.0,12398400.0,8178400.0,3534149.983612269,7369413.333333333,3302761.773042566,6976915.555555556,3377833.9564406434,12.007592717506888,95.20263275395357,1321600.0,0.0,0.0,24528000.0,441722400.0
2023-12-04,8859200.0,7.0,6.0,4.0,68.0,2023,12,4,0,4,49,0,1,0,13216000.0,12280800.0,7347200.0,10494400.0,7689600.0,3079573.0613187174,7419813.333333333,3313928.7582850237,6958746.666666667,3363066.797413519,-27.861374840289326,20.579265491715827,1107400.0,2329600.0,26.295825097545478,33387200.0,450581600.0
2023-12-05,4569600.0,4.0,4.0,4.0,30.0,2023,12,5,1,4,49,0,1,0,8859200.0,4468800.0,3326400.0,3416000.0,7704000.0,3062189.229946434,7461253.333333333,3268437.1239048727,6971564.444444444,3351591.284859197,2.2556385929917218,37.37372613824972,913920.0,1960000.0,42.89214747633328,37956800.0,455151200.0
2023-12-06,4849600.0,3.0,3.0,3.0,27.0,2023,12,6,2,4,49,0,0,0,4569600.0,6238400.0,10085600.0,5213600.0,7505600.0,3214189.772451725,7286720.0,3263261.732599499,6967520.0,3353955.2878100905,-22.262114923359366,-51.91559729559002,1212400.0,0.0,0.0,42806400.0,460000800.0
2023-12-07,4720800.0,2.0,2.0,2.0,29.0,2023,12,7,3,4,49,0,0,0,4849600.0,9732800.0,7756000.0,11844000.0,6789600.0,3193540.2132012164,7185546.666666667,3295106.493777301,6888373.333333333,3321476.5000530337,-51.495967091076864,-39.133568961633706,1573600.0,2150400.0,45.551591774362024,47527200.0,464721600.0
2023-12-08,8293600.0,8.0,7.0,6.0,62.0,2023,12,8,4,4,49,0,0,0,4720800.0,5840800.0,5241600.0,3936800.0,7140000.0,3206621.482703138,7287280.0,3280099.0353425588,6936782.222222222,3309703.6689573387,41.99424017356523,58.2264846179631,921511.1111111111,0.0,0.0,55820800.0,473015200.0
2023-12-09,4446400.0,4.0,4.0,4.0,30.0,2023,12,9,5,4,49,1,0,0,8293600.0,5471200.0,11026400.0,3080000.0,6993600.0,3317003.7885617907,7067946.666666667,3241215.226735644,6951964.444444444,3294914.0327504803,-18.730805174220432,-59.67495649759156,889280.0,2150400.0,48.36270952619883,60267200.0,477461600.0
2023-12-10,11160800.0,6.0,6.0,5.0,82.0,2023,12,10,6,4,49,1,0,0,4446400.0,13216000.0,4659200.0,2984800.0,6700000.0,2709826.9366634106,7284666.666666667,3291573.1978465286,7042808.888888889,3297015.953914932,-15.550846280958968,139.54323928072645,1594400.0,3360000.0,30.1053660933476,71428000.0,488622400.0
2023-12-11,2598400.0,3.0,3.0,3.0,21.0,2023,12,11,0,4,50,0,0,0,11160800.0,8859200.0,10735200.0,5622400.0,5805600.0,2904602.3984933416,7013440.0,3332427.753476125,7009208.888888889,3326927.195808812,-70.67002994965347,-75.79550676321757,649600.0,0.0,0.0,74026400.0,491220800.0
2023-12-12,13036800.0,9.0,9.0,7.0,84.0,2023,12,12,1,4,50,0,0,0,2598400.0,4569600.0,7140000.0,8316000.0,7015200.0,3897454.786566904,7210000.0,3509361.5711752176,7061662.222222222,3384478.94233974,185.29407709775973,82.58822372713954,1303680.0,8176000.0,62.71477182170687,87063200.0,504257600.0
2023-12-13,13092800.0,8.0,8.0,8.0,101.0,2023,12,13,2,4,50,0,0,0,13036800.0,4849600.0,8892800.0,6876800.0,8192800.0,4352798.50517648,7350000.0,3659378.411886276,7130728.888888889,3443572.7898407183,169.97687026211022,47.22921383262709,1454755.5555555555,3528000.0,26.946105726345344,100156000.0,517350400.0
2023-12-14,6664000.0,5.0,5.0,4.0,58.0,2023,12,14,3,4,50,0,0,0,13092800.0,4720800.0,1814400.0,6445600.0,8470400.0,4151789.6157359984,7511653.333333333,3510497.7302796924,7133155.555555556,3443161.4865878206,41.16250610860318,267.28380330478217,1110666.6666666667,3371200.0,50.588227702846986,106820000.0,524014400.0
2023-12-15,8153600.0,6.0,6.0,5.0,61.0,2023,12,15,4,4,50,0,0,0,6664000.0,8293600.0,6378400.0,10365600.0,8450400.0,4153120.2342335256,7570826.666666667,3505694.9875126453,7108577.777777778,3427688.602332023,-1.6880484122638646,27.83142671650779,1164800.0,2576000.0,31.593402718627022,114973600.0,532168000.0
2023-12-16,8372000.0,6.0,6.0,5.0,67.0,2023,12,16,5,4,50,1,0,0,8153600.0,4446400.0,1932000.0,13860000.0,9011200.0,3769683.898330637,7785493.333333333,3341845.8775965758,7047600.0,3354261.5229056003,88.28713379652442,333.3331608006414,1196000.0,2352000.0,28.09364212928307,123345600.0,540540000.0
2023-12-17,7537600.0,6.0,6.0,5.0,62.0,2023,12,17,6,4,50,1,0,0,8372000.0,11160800.0,12941600.0,8573600.0,8493600.0,3672838.3356744596,7605360.0,3196833.8692072146,7036088.888888889,3350741.593061261,-32.46361977065983,-41.756812004944365,1076800.0,3763200.0,49.925699171394186,130883200.0,548077600.0
2023-12-18,17533600.0,11.0,11.0,9.0,126.0,2023,12,18,0,4,51,0,0,0,7537600.0,2598400.0,6876800.0,7840000.0,10627200.0,4000852.4691620315,7960586.666666667,3670132.1366547258,7143795.555555556,3527981.505846942,574.7842615516234,154.9674041752844,1461133.3333333333,9688000.0,55.253909336707274,148416800.0,565611200.0
2023-12-19,8052800.0,4.0,4.0,4.0,54.0,2023,12,19,1,4,51,0,0,0,17533600.0,13036800.0,4233600.0,9956800.0,9915200.0,3943637.8738418575,8087893.333333333,3602001.7958345665,7122640.0,3516614.1416572025,-38.230237617341864,90.21161890315125,1610560.0,4480000.0,55.6328164572799,156469600.0,573664000.0
2023-12-20,4384800.0,3.0,3.0,3.0,26.0,2023,12,20,2,4,51,0,0,0,8052800.0,13092800.0,2990400.0,2912000.0,8671200.0,4142646.265371922,8134373.333333333,3542460.38314629,7139004.444444444,3500188.364109815,-66.50983238804287,46.629197890182624,1096200.0,0.0,0.0,160854400.0,578048800.0
2023-12-21,7980000.0,6.0,6.0,5.0,71.0,2023,12,21,3,4,51,0,0,0,4384800.0,6664000.0,10438400.0,11317600.0,8859200.0,4065517.721848793,8052426.666666667,3515657.4701668913,7101920.0,3472994.0353041897,19.747896196294086,-23.55149988968617,1140000.0,3024000.0,37.89473209339197,168834400.0,586028800.0
2023-12-22,11530400.0,7.0,7.0,6.0,64.0,2023,12,22,4,4,51,0,0,0,7980000.0,8153600.0,5964000.0,7151200.0,9341600.0,4166914.842742361,8237973.333333333,3548372.728442443,7150577.777777778,3504228.7745906683,41.41483008550455,93.33331768388369,1441300.0,9996000.0,86.69256168974522,180364800.0,597559200.0
2023-12-23,11648000.0,7.0,7.0,5.0,73.0,2023,12,23,5,4,51,1,0,0,11530400.0,8372000.0,7610400.0,7470400.0,9809600.0,4223451.6815830385,8372560.0,3599945.152992164,7196995.555555556,3536037.1451831367,39.130430108644276,53.05370899641162,1456000.0,8876000.0,76.20191653486293,192012800.0,609207200.0
2023-12-24,11564000.0,10.0,10.0,9.0,103.0,2023,12,24,6,4,51,1,0,0,11648000.0,7537600.0,10578400.0,5807200.0,10384800.0,4135722.724425957,8405413.333333334,3625178.839605915,7260960.0,3562582.84227118,53.41752634558395,9.317098113410523,1051272.7272727273,2520000.0,21.791765670030642,203576800.0,620771200.0
2023-12-25,8388800.0,7.0,7.0,5.0,53.0,2023,12,25,0,4,52,0,0,1,11564000.0,17533600.0,4065600.0,9217600.0,9078400.0,2694349.722412924,8549520.0,3531430.4088697135,7251751.111111111,3558537.19451885,-52.15585777274161,106.33606199919765,1048600.0,1344000.0,16.02135990590312,211965600.0,629160000.0
2023-12-26,4334400.0,4.0,4.0,4.0,27.0,2023,12,26,1,4,52,0,0,1,8388800.0,8052800.0,11799200.0,2027200.0,8547200.0,3241285.473388596,8300693.333333333,3557451.6085044113,7277386.666666667,3528661.930413017,-46.17523765954231,-63.265300760619304,866880.0,2016000.0,46.51161717616806,216300000.0,633494400.0
2023-12-27,9889600.0,6.0,6.0,6.0,89.0,2023,12,27,2,4,52,0,0,1,4334400.0,4384800.0,12280800.0,5420800.0,9333600.0,2682755.995861954,8220986.666666667,3491374.480821755,7327040.0,3533681.1985186352,125.54275553212106,-19.471042646159646,1412800.0,0.0,0.0,226189600.0,643384000.0
2023-12-28,5566400.0,4.0,4.0,3.0,30.0,2023,12,28,3,4,52,0,0,1,9889600.0,7980000.0,4468800.0,11726400.0,8988800.0,3019669.7391160624,8257573.333333333,3456273.3830781905,7258595.555555556,3507068.652324176,-30.245610244911,24.561398012576525,1113280.0,3752000.0,67.40441445019862,231756000.0,648950400.0
2023-12-29,4491200.0,3.0,3.0,3.0,33.0,2023,12,29,4,4,52,0,0,1,5566400.0,11530400.0,6238400.0,4323200.0,7983200.0,3198970.867846919,8199333.333333333,3505835.99881323,7260462.222222222,3505533.082049487,-61.049047643702934,-28.00717683906501,1122800.0,0.0,0.0,236247200.0,653441600.0
2023-12-30,4485600.0,2.0,2.0,2.0,32.0,2023,12,30,5,4,52,1,0,1,4491200.0,11648000.0,9732800.0,901600.0,6960000.0,2968567.7444406208,8024426.666666667,3557208.4195270403,7300284.444444444,3452440.6667288938,-61.490379336334186,-53.91253761378662,1495200.0,2464000.0,54.93132358406376,240732800.0,657927200.0
2023-12-31,7229600.0,4.0,4.0,4.0,63.0,2023,12,31,6,4,52,1,0,1,4485600.0,11564000.0,5840800.0,3528000.0,6340800.0,2200998.803573795,8070720.0,3536789.1745343674,7341413.333333333,3428965.296261592,-37.4818369524527,23.777560646219587,1445920.0,0.0,0.0,247962400.0,665156800.0
2024-01-01,6171200.0,6.0,5.0,6.0,40.0,2024,1,1,0,1,1,0,1,0,7229600.0,8388800.0,5471200.0,8226400.0,6024000.0,2008245.456445322,8094053.333333333,3521323.178788239,7318577.777777778,3429848.710057442,-26.435243844740146,12.79426582938554,881600.0,3046400.0,49.36478328934676,6171200.0,6171200.0
2024-01-02,2637600.0,3.0,3.0,2.0,21.0,2024,1,2,1,1,1,0,1,0,6171200.0,4334400.0,13216000.0,6585600.0,5781600.0,2323788.26344684,7741440.0,3520385.2228080872,7274711.111111111,3464401.377362432,-39.14727778994145,-80.04236682488146,659400.0,0.0,0.0,8808800.0,8808800.0
2024-01-03,3281600.0,3.0,3.0,3.0,29.0,2024,1,3,2,1,1,0,1,0,2637600.0,9889600.0,8859200.0,5448800.0,4837600.0,1609157.9247129902,7555520.0,3605570.639268997,7250631.111111111,3484707.5920609673,-66.8176602878114,-62.95827355085408,820400.0,1344000.0,40.95561891893622,12090400.0,12090400.0
2024-01-04,18435200.0,10.0,10.0,8.0,118.0,2024,1,4,3,1,1,0,1,0,3281600.0,5566400.0,4569600.0,8030400.0,6676000.0,5419746.454094196,8017706.666666667,4068581.3532765848,7366240.0,3678096.8722327235,231.18708120381552,303.43130614686055,1675927.2727272727,8590400.0,46.5978103520542,30525600.0,30525600.0
2024-01-05,8377600.0,5.0,5.0,5.0,50.0,2024,1,5,4,1,1,0,1,0,18435200.0,4491200.0,4849600.0,16150400.0,7231200.0,5357335.656213195,8135306.666666667,4024601.0861590607,7279875.555555556,3558843.0548506533,86.5336465680338,72.74825289750642,1396266.6666666667,2520000.0,30.080210313191092,38903200.0,38903200.0
2024-01-06,2559200.0,4.0,4.0,4.0,29.0,2024,1,6,5,1,1,1,0,0,8377600.0,4485600.0,4720800.0,2800000.0,6956000.0,5567246.347462386,8063253.333333333,4106359.0823160587,7277200.0,3562337.6912523196,-42.94630752935894,-45.78883964818682,511840.0,0.0,0.0,41462400.0,41462400.0
2024-01-07,6496000.0,3.0,3.0,3.0,53.0,2024,1,7,6,1,1,1,0,0,2559200.0,7229600.0,8293600.0,8960000.0,6851200.0,5568142.316188881,8003333.333333333,4115985.9660406667,7249822.222222222,3558725.9955510474,-10.14717133075532,-21.67454161346802,1624000.0,2688000.0,41.37930397486084,47958400.0,47958400.0
2024-01-08,5779200.0,6.0,6.0,6.0,34.0,2024,1,8,0,1,2,0,0,0,6496000.0,6171200.0,4446400.0,1948800.0,6795200.0,5578083.379321844,8047760.0,4083333.0545287314,7292382.222222222,3517280.142720662,-6.3520860850262375,29.97480434175865,825600.0,3696000.0,63.953477305945924,53737600.0,53737600.0
2024-01-09,5023200.0,5.0,5.0,4.0,42.0,2024,1,9,1,1,2,0,0,0,5779200.0,2637600.0,11160800.0,3920000.0,7136000.0,5349944.2190238405,7843173.333333333,4075731.075603948,7304640.0,3507303.4680874827,90.44582558165544,-54.99246873051496,837200.0,0.0,0.0,58760800.0,58760800.0
2024-01-10,6473600.0,3.0,3.0,3.0,43.0,2024,1,10,2,1,2,0,0,0,5023200.0,3281600.0,2598400.0,1176000.0,7592000.0,5096702.222679544,7972346.666666667,3963642.70595948,7363502.222222222,3447232.041650783,97.26959493247351,149.13787363844148,1618400.0,3024000.0,46.712795552274535,65234400.0,65234400.0
2024-01-11,5796000.0,6.0,6.0,6.0,52.0,2024,1,11,3,1,2,0,0,0,6473600.0,18435200.0,13036800.0,7403200.0,5786400.0,1764819.7037280088,7730986.666666667,3863818.01203951,7345644.444444444,3451184.7256539054,-68.56014208903933,-55.54123285305958,828000.0,2469600.0,42.60868830077841,71030400.0,71030400.0
2024-01-12,6580000.0,5.0,5.0,5.0,53.0,2024,1,12,4,1,2,0,0,0,5796000.0,8377600.0,13092800.0,4687200.0,5529600.0,1422520.729784497,7513893.333333333,3732917.14484783,7366675.555555556,3440553.329234401,-21.45721669007631,-49.74336660276132,1096666.6666666667,1848000.0,28.085102114726123,77610400.0,77610400.0
2024-01-13,8926400.0,7.0,7.0,6.0,53.0,2024,1,13,5,1,2,1,0,0,6580000.0,2559200.0,6664000.0,2688000.0,6439200.0,1229143.3548071657,7589306.666666667,3738004.6455694614,7435991.111111111,3407921.306248587,248.79640168943357,33.94957473745877,1115800.0,3438400.0,38.51944361450936,86536800.0,86536800.0
2024-01-14,7201600.0,5.0,5.0,4.0,61.0,2024,1,14,6,1,2,1,0,0,8926400.0,6496000.0,8153600.0,7207200.0,6540000.0,1263042.8443511382,7557573.333333333,3737089.788530676,7435928.888888889,3407925.5815991503,10.86206729340097,-11.67582274384042,1200266.6666666667,3192000.0,44.323477515624646,93738400.0,93738400.0
2024-01-15,4888800.0,5.0,5.0,5.0,39.0,2024,1,15,0,1,3,0,0,0,7201600.0,5779200.0,8372000.0,6204800.0,6412800.0,1390806.0780233217,7441466.666666667,3764919.7459352775,7421306.666666667,3416080.7704578927,-15.40697407825061,-41.605346200985885,814800.0,896000.0,18.32760220757605,98627200.0,98627200.0
2024-01-16,14285600.0,10.0,10.0,9.0,100.0,2024,1,16,1,1,3,0,0,0,4888800.0,5023200.0,7537600.0,2996000.0,7736000.0,3146427.425933515,7666400.0,3967015.161432398,7546746.666666667,3458768.5561791407,184.3923824668772,89.52450521061012,1298690.9090909092,7716800.0,54.01802836296492,112912800.0,112912800.0
2024-01-17,9004800.0,7.0,7.0,6.0,67.0,2024,1,17,2,1,3,0,0,0,14285600.0,6473600.0,17533600.0,5297600.0,8097600.0,3122524.3804759327,7382106.666666667,3515404.8532171953,7587937.777777778,3453753.3213988678,39.10033998079276,-48.642603421852705,1125600.0,1008000.0,11.19402860762831,121917600.0,121917600.0
2024-01-18,12174400.0,10.0,9.0,9.0,90.0,2024,1,18,3,1,3,0,0,0,9004800.0,5796000.0,8052800.0,8954400.0,9008800.0,3266289.654434616,7519493.333333333,3621459.3178701503,7623715.555555556,3484608.018382818,110.04829019180637,51.18219114069751,1106763.6363636365,4435200.0,36.43053978589994,134092000.0,134092000.0
2024-01-19,3432800.0,2.0,2.0,2.0,27.0,2024,1,19,4,1,3,0,0,0,12174400.0,6580000.0,4384800.0,12090400.0,8559200.0,3825127.755600668,7487760.0,3653900.1841301345,7527520.0,3479412.2604288394,-47.829779965079034,-21.711361587447183,1144266.6666666667,0.0,0.0,137524800.0,137524800.0
2024-01-20,7604800.0,4.0,4.0,3.0,48.0,2024,1,20,5,1,3,1,0,0,3432800.0,8926400.0,7980000.0,6804000.0,8370400.0,3836581.367137494,7475253.333333333,3652799.1900150683,7536417.777777778,3478565.0648280606,-14.805519044013371,-4.701753796772707,1520960.0,6260800.0,82.32694057346143,145129600.0,145129600.0
2024-01-21,7711200.0,7.0,7.0,6.0,66.0,2024,1,21,6,1,3,1,0,0,7604800.0,7201600.0,11530400.0,6832000.0,8443200.0,3815483.6268377043,7347946.666666667,3572261.7315136367,7546186.666666667,3477799.062858294,7.076204305126041,-33.12287230947128,963900.0,2156000.0,27.95932825509282,152840800.0,152840800.0
2024-01-22,3533600.0,2.0,2.0,2.0,29.0,2024,1,22,0,1,4,0,0,0,7711200.0,4888800.0,11648000.0,4300800.0,8249600.0,4052890.6951294164,7077466.666666667,3542522.778193953,7537662.222222222,3486771.888169613,-27.720498338958777,-69.66345555773906,1177866.6666666667,1512000.0,42.789211345593344,156374400.0,156374400.0
2024-01-23,5919200.0,5.0,5.0,5.0,57.0,2024,1,23,1,1,4,0,0,0,3533600.0,14285600.0,11564000.0,13585600.0,7054400.0,3097135.364601717,6889306.666666667,3444561.1108181737,7452480.0,3430552.2329126,-58.56526442254687,-48.81355510086863,986533.3333333334,1568000.0,26.490061749888206,162293600.0,162293600.0
2024-01-24,5454400.0,3.0,3.0,3.0,35.0,2024,1,24,2,1,4,0,0,0,5919200.0,9004800.0,8388800.0,14212800.0,6547200.0,3014096.37536691,6791493.333333333,3442174.9819207224,7355164.444444444,3360128.6693632295,-39.42785631797971,-34.97996912788848,1363600.0,2184000.0,40.04106042075014,167748000.0,167748000.0
2024-01-25,10052000.0,8.0,8.0,8.0,80.0,2024,1,25,3,1,4,0,0,1,5454400.0,12174400.0,4334400.0,4782400.0,6244000.0,2397338.5687743984,6982080.0,3459681.0064632795,7413715.555555556,3360705.885319411,-17.43330123592939,131.91211426907662,1116888.888888889,3925600.0,39.05292090599672,177800000.0,177800000.0
2024-01-26,6316800.0,6.0,6.0,6.0,39.0,2024,1,26,4,1,4,0,0,1,10052000.0,3432800.0,9889600.0,7767200.0,6656000.0,2057410.9814683627,6862986.666666667,3417378.5859655794,7397600.0,3362468.860755533,84.01302609734734,-36.12683666408786,902400.0,3780000.0,59.84041605869807,184116800.0,184116800.0
2024-01-27,6305600.0,3.0,3.0,3.0,45.0,2024,1,27,5,1,4,1,0,1,6316800.0,7604800.0,5566400.0,7795200.0,6470400.0,2015732.5748554242,6887626.666666667,3410365.2581134383,7381048.888888889,3364155.4734759065,-17.083944734385554,13.279675682725697,1576400.0,4872000.0,77.26464138787088,190422400.0,190422400.0
2024-01-28,8618400.0,5.0,5.0,5.0,71.0,2024,1,28,6,1,4,1,0,1,6305600.0,7711200.0,4491200.0,7761600.0,6600000.0,2134471.5630181814,7025200.0,3393564.231062209,7390568.888888889,3366455.983843559,11.764704356688407,91.89524138420882,1436400.0,3192000.0,37.03703273959984,199040800.0,199040800.0
2024-01-29,8433600.0,6.0,6.0,5.0,61.0,2024,1,29,0,1,5,0,0,1,8618400.0,3533600.0,4485600.0,4144000.0,7300000.0,1725547.889801944,7156800.0,3368139.428680841,7438231.111111111,3350301.9431138607,138.6687404718303,88.01496165173853,1204800.0,0.0,0.0,207474400.0,207474400.0
2024-01-30,3740800.0,3.0,3.0,3.0,31.0,2024,1,30,1,1,5,0,0,1,8433600.0,5919200.0,7229600.0,3852800.0,6988800.0,2158258.2113052667,7040506.666666667,3425284.1065083737,7436986.666666667,3351669.2101402692,-36.80226435966611,-48.25715831343943,935200.0,1344000.0,35.928134108176295,211215200.0,211215200.0
2024-01-31,6428800.0,4.0,4.0,4.0,52.0,2024,1,31,2,1,5,0,0,1,3740800.0,5454400.0,6171200.0,6826400.0,7128000.0,2072520.6553051793,7049093.333333333,3423352.078454316,7432568.888888889,3352744.9189590225,17.864473110796215,4.174227998731527,1285760.0,2867200.0,44.59929619846687,217644000.0,217644000.0
2024-02-01,4704000.0,3.0,3.0,3.0,42.0,2024,2,1,3,1,5,0,1,0,6428800.0,10052000.0,2637600.0,6770400.0,6364000.0,1780083.2939312921,7117973.333333333,3351565.2535672877,7409608.888888889,3364385.750827272,-53.20333732557329,78.34391934185648,1176000.0,0.0,0.0,4704000.0,222348000.0
2024-02-02,0.0,0.0,0.0,0.0,0.0,2024,2,2,4,1,5,0,1,0,4704000.0,6316800.0,3281600.0,7347200.0,5461600.0,2994722.219728114,7008586.666666667,3529899.4835482268,7327973.333333333,3453865.702703951,-99.99998416920211,-99.99996952706925,0.0,0.0,0.0,4704000.0,222348000.0
2024-02-03,3707200.0,3.0,3.0,3.0,14.0,2024,2,3,5,1,5,1,1,0,0.0,6305600.0,18435200.0,3326400.0,5090400.0,3033458.541005621,6517653.333333333,2843302.5726812985,7332204.444444444,3449138.5623735073,-41.207808740197805,-79.89063965182696,926800.0,3612000.0,97.43199788735491,8411200.0,226055200.0
2024-02-04,5521600.0,3.0,3.0,3.0,30.0,2024,2,4,6,1,5,1,1,0,3707200.0,8618400.0,8377600.0,10085600.0,4648000.0,2632500.377967675,6422453.333333333,2826643.833696546,7281493.333333333,3441745.0712481197,-35.93241948245388,-34.09090502161657,1380400.0,3808000.0,68.96550475124877,13932800.0,231576800.0
2024-02-05,8293600.0,5.0,5.0,4.0,66.0,2024,2,5,0,1,6,0,1,0,5521600.0,8433600.0,2559200.0,7756000.0,4628000.0,2599268.5330043565,6613600.0,2749218.682738287,7287466.666666667,3443044.1278782506,-1.66002636359012,224.06993432715913,1382266.6666666667,0.0,0.0,22226400.0,239870400.0
2024-02-06,6596800.0,6.0,5.0,6.0,51.0,2024,2,6,1,1,6,0,0,0,8293600.0,3740800.0,6496000.0,5241600.0,5036000.0,2660231.2881902987,6616960.0,2749131.595751397,7302524.444444444,3436954.244882855,76.34728497987463,1.5517238990572815,942400.0,1204000.0,18.2512705779665,28823200.0,246467200.0
2024-02-07,9374400.0,6.0,6.0,5.0,61.0,2024,2,7,2,1,6,0,0,0,6596800.0,6428800.0,5779200.0,11026400.0,5456800.0,3111893.77710743,6736800.0,2789418.405331119,7284168.888888889,3421218.234687514,45.818808203893695,62.20929156123831,1339200.0,4088000.0,43.60811960145507,38197600.0,255841600.0
2024-02-08,6316800.0,4.0,4.0,4.0,47.0,2024,2,8,3,1,6,0,0,0,9374400.0,4704000.0,5023200.0,4659200.0,5687200.0,3106568.3189010904,6779920.0,2771959.2919337642,7302586.666666667,3411375.80770476,34.285706997086095,25.752503234491314,1263360.0,4334400.0,68.61701041397377,44514400.0,262158400.0
2024-02-09,2178400.0,2.0,2.0,2.0,13.0,2024,2,9,4,1,6,0,0,0,6316800.0,0.0,6473600.0,10735200.0,5998400.0,2489782.9838495185,6636746.666666667,2896455.5475833626,7207511.111111111,3433799.3966929894,217840000.0,-66.34947071961957,726133.3333333334,1792000.0,82.2621730342577,46692800.0,264336800.0
2024-02-10,3158400.0,2.0,2.0,2.0,20.0,2024,2,10,5,1,6,1,0,0,2178400.0,3707200.0,5796000.0,7140000.0,5920000.0,2580926.5932993805,6548826.666666667,2962142.341096987,7163271.111111111,3460226.1169617833,-14.80362138443532,-45.50723852532116,1052800.0,0.0,0.0,49851200.0,267495200.0
2024-02-11,4009600.0,3.0,3.0,3.0,39.0,2024,2,11,6,1,6,1,0,0,3158400.0,5521600.0,6580000.0,8892800.0,5704000.0,2681150.4396433905,6463146.666666667,2998164.948158758,7109013.333333333,3471069.9791015848,-27.383362180642894,-39.0638238504827,1002400.0,784000.0,19.55306774913514,53860800.0,271504800.0
2024-02-12,9161600.0,7.0,7.0,6.0,82.0,2024,2,12,0,1,7,0,0,0,4009600.0,8293600.0,8926400.0,1814400.0,5828000.0,2836451.5296405023,6470986.666666667,3005127.7330971938,7190648.888888889,3431318.8641171185,10.46590015603596,2.634880507832888,1145200.0,2520000.0,27.5061094671117,63022400.0,280666400.0
2024-02-13,1108800.0,1.0,1.0,1.0,12.0,2024,2,13,1,1,7,0,0,0,9161600.0,6596800.0,7201600.0,6378400.0,5044000.0,3307817.681392565,6267893.333333333,3156137.048610086,7132097.777777778,3489795.8325708346,-83.19183798328918,-84.60340971403441,554400.0,0.0,0.0,64131200.0,281775200.0
2024-02-14,13596800.0,9.0,8.0,7.0,95.0,2024,2,14,2,1,7,0,0,0,1108800.0,9374400.0,4888800.0,1932000.0,5647200.0,4425325.202362716,6558160.0,3414765.9251934187,7261706.666666667,3511044.4794689002,45.04181120479058,178.12138395487972,1359680.0,8915200.0,65.56836420566867,77728000.0,295372000.0
2024-02-15,2016000.0,2.0,2.0,2.0,20.0,2024,2,15,3,1,7,0,0,0,13596800.0,6316800.0,14285600.0,12941600.0,5032800.0,4611504.755138676,6149173.333333333,3184325.5611297586,7140311.111111111,3501318.36783074,-68.08509560456312,-85.88788109089705,672000.0,0.0,0.0,79744000.0,297388000.0
2024-02-16,1848000.0,2.0,2.0,2.0,18.0,2024,2,16,4,1,7,0,0,0,2016000.0,2178400.0,9004800.0,6876800.0,4985600.0,4647142.732188595,5910613.333333333,3230757.9513955736,7084435.555555556,3545418.9933943846,-15.167088153191264,-79.47760311416098,616000.0,504000.0,27.272712514765956,81592000.0,299236000.0
2024-02-17,1260000.0,3.0,3.0,3.0,13.0,2024,2,17,5,1,7,1,0,0,1848000.0,3158400.0,12174400.0,4233600.0,4714400.0,4823591.381256634,5546800.0,3113477.3109045145,7051395.555555556,3585909.014678581,-60.1063639480864,-89.65040661959466,315000.0,0.0,0.0,82852000.0,300496000.0
2024-02-18,10528000.0,7.0,6.0,6.0,80.0,2024,2,18,6,1,7,1,0,0,1260000.0,4009600.0,3432800.0,2990400.0,5645600.0,5273099.511040284,5783306.666666667,3215178.352636808,7135146.666666667,3578010.21105056,162.56979185709503,206.68835740842536,1316000.0,1680000.0,15.95744529279585,93380000.0,311024000.0
2024-02-19,3584000.0,3.0,2.0,3.0,21.0,2024,2,19,0,1,8,0,0,0,10528000.0,9161600.0,7604800.0,10438400.0,4848800.0,5070785.23833669,5649280.0,3220430.4743738575,7058986.666666667,3579857.9913834524,-60.88018895387389,-52.871863445210465,896000.0,2912000.0,81.24997732980543,96964000.0,314608000.0
2024-02-20,3360000.0,2.0,2.0,2.0,19.0,2024,2,20,1,1,8,0,0,0,3584000.0,1108800.0,7711200.0,5964000.0,5170400.0,4861106.134753003,5504240.0,3222347.5676315012,7030053.333333333,3599277.818299586,203.0301199223305,-56.4270079330055,1120000.0,2688000.0,79.99997619048328,100324000.0,317968000.0
2024-02-21,11424000.0,6.0,6.0,6.0,84.0,2024,2,21,2,1,8,0,0,0,3360000.0,13596800.0,3533600.0,7610400.0,4860000.0,4266360.197326672,5767253.333333333,3374381.412504734,7072426.666666667,3628516.337921307,-15.980229467210707,223.29629179978156,1632000.0,4088000.0,35.78431059311007,111748000.0,329392000.0
2024-02-22,694400.0,2.0,2.0,2.0,4.0,2024,2,22,3,1,8,0,0,0,11424000.0,2016000.0,5919200.0,10578400.0,4671200.0,4438944.0425999155,5593093.333333333,3498806.9374389937,6962604.444444444,3670544.0535999956,-65.555523037935,-88.26867004516319,231466.66666666666,504000.0,72.58054063862235,112442400.0,330086400.0
2024-02-23,6938400.0,5.0,4.0,5.0,60.0,2024,2,23,4,1,8,0,0,0,694400.0,1848000.0,5454400.0,4065600.0,5398400.0,4314574.988725225,5642560.0,3507258.754856449,6994524.444444444,3657536.1420814106,275.45439639913616,27.20738720897125,1156400.0,0.0,0.0,119380800.0,337024800.0
2024-02-24,6490400.0,6.0,6.0,5.0,50.0,2024,2,24,5,1,8,1,0,0,6938400.0,1260000.0,10052000.0,11799200.0,6145600.0,3912614.184915239,5523840.0,3411834.8467933014,6935537.777777778,3621812.6195823345,415.1107816581098,-35.43175134980587,927200.0,0.0,0.0,125871200.0,343515200.0
2024-02-25,10903200.0,9.0,9.0,8.0,92.0,2024,2,25,6,1,8,1,0,1,6490400.0,10528000.0,6316800.0,12280800.0,6199200.0,3984564.2973855925,5676720.0,3548605.6185687785,6920231.111111111,3601824.2893228587,3.5638294487244067,72.60637148455366,1090320.0,2374400.0,21.777090966221753,136774400.0,354418400.0
2024-02-26,11575200.0,9.0,8.0,8.0,72.0,2024,2,26,0,1,9,0,0,1,10903200.0,3584000.0,6305600.0,4468800.0,7340800.0,4246564.628810752,5852373.333333333,3707664.0415201574,6999191.111111111,3625297.198685449,222.96868778775453,83.57014660458219,1157520.0,5107200.0,44.12191200826664,148349600.0,365993600.0
2024-02-27,3337600.0,5.0,4.0,5.0,28.0,2024,2,27,1,1,9,0,0,1,11575200.0,3360000.0,8618400.0,6238400.0,7337600.0,4250071.309205678,5676346.666666667,3697156.533088759,6966960.0,3644978.6156429565,-0.6666664682540273,-61.27354714639062,556266.6666666666,504000.0,15.100666616530855,151687200.0,369331200.0
2024-02-28,14375200.0,8.0,8.0,7.0,92.0,2024,2,28,2,1,9,0,0,1,3337600.0,11424000.0,8433600.0,9732800.0,7759200.0,4829830.219238209,5874400.0,3996942.2630046937,7018542.222222222,3716702.408094055,25.83333107201234,70.4515188707647,1597244.4444444445,6720000.0,46.74717243953667,166062400.0,383706400.0
2024-02-29,3998400.0,2.0,2.0,2.0,27.0,2024,2,29,3,1,9,0,0,1,14375200.0,694400.0,3740800.0,5840800.0,8231200.0,4135945.8668281995,5882986.666666667,3992474.7803261336,6998071.111111111,3728317.843217635,475.8057664087465,6.886225704067124,1332800.0,2520000.0,63.02519432142999,170060800.0,387704800.0
2024-03-01,6288800.0,3.0,2.0,3.0,32.0,2024,3,1,4,1,9,0,1,0,3998400.0,6938400.0,6428800.0,5471200.0,8138400.0,4176872.680207837,5878320.0,3991896.5771966665,7007155.555555556,3725550.714651562,-9.362387674047666,-2.177700009690765,1572200.0,3332000.0,52.98307260795818,6288800.0,393993600.0
2024-03-02,7352800.0,5.0,5.0,5.0,39.0,2024,3,2,5,1,9,1,1,0,6288800.0,6490400.0,4704000.0,13216000.0,8261600.0,4132646.609619546,5966613.333333333,3994319.685005567,6942008.888888889,3666556.3492727173,13.287314605060613,56.30951183896432,1225466.6666666667,4015200.0,54.60776104235651,13641600.0,401346400.0
2024-03-03,11172000.0,5.0,5.0,4.0,76.0,2024,3,3,6,1,9,1,1,0,7352800.0,10903200.0,0.0,8859200.0,8300000.0,4162424.44736237,6339013.333333333,3939272.755894586,6967706.666666667,3688185.396787791,2.4653310527798213,1117200000.0,1862000.0,2912000.0,26.065160574188994,24813600.0,412518400.0
2024-03-04,2128000.0,3.0,3.0,3.0,17.0,2024,3,4,0,1,10,0,1,0,11172000.0,11575200.0,3707200.0,4569600.0,6950400.0,4445435.327764118,6286373.333333333,3985929.080024944,6940577.777777778,3714906.0999755464,-81.61586135739674,-42.59817582051796,532000.0,840000.0,39.4736656608714,26941600.0,414646400.0
2024-03-05,17903200.0,10.0,10.0,9.0,119.0,2024,3,5,1,1,10,0,1,0,2128000.0,3337600.0,5521600.0,4849600.0,9031200.0,5703431.350803941,6699093.333333333,4510512.387357533,7085617.777777778,3883356.2113138847,436.40926521774173,224.23931030148685,1627563.6363636365,8596000.0,48.013760220867766,44844800.0,432549600.0
2024-03-06,2721600.0,2.0,2.0,2.0,24.0,2024,3,6,2,1,10,0,0,0,17903200.0,14375200.0,8293600.0,4720800.0,7366400.0,5583108.123617161,6513360.0,4557071.176307326,7063404.444444444,3902704.932664109,-81.06738820556318,-67.18432680810182,907200.0,0.0,0.0,47566400.0,435271200.0
2024-03-07,6333600.0,4.0,4.0,4.0,44.0,2024,3,7,3,1,10,0,0,0,2721600.0,3998400.0,6596800.0,8293600.0,7700000.0,5415576.408841439,6504586.666666667,4557158.354435612,7041626.666666667,3901231.3878765097,58.40334673785846,-3.9898126379740724,1266720.0,0.0,0.0,53900000.0,441604800.0
2024-03-08,10847200.0,7.0,6.0,7.0,80.0,2024,3,8,4,1,10,0,0,0,6333600.0,6288800.0,9374400.0,4446400.0,8351200.0,5491140.7339459015,6553680.0,4596900.129014979,7112746.666666667,3911718.100732154,72.48440521492093,15.71087048655162,1355900.0,4200000.0,38.71966602259882,64747200.0,452452000.0
2024-03-09,5376000.0,2.0,2.0,2.0,33.0,2024,3,9,5,1,10,1,0,0,10847200.0,7352800.0,6316800.0,11160800.0,8068800.0,5600781.545463092,6522320.0,4601778.320606067,7048471.111111111,3891931.5247750888,-26.884992535497698,-14.893614663498186,1792000.0,3920000.0,72.91665310330113,70123200.0,457828000.0
2024-03-10,14560000.0,9.0,9.0,7.0,112.0,2024,3,10,6,1,10,1,0,0,5376000.0,11172000.0,2178400.0,2598400.0,8552800.0,6042606.483960372,6935040.0,4751548.105298474,7181377.777777778,3942173.038169618,30.325811821892962,568.3802018085743,1456000.0,4536000.0,31.153844014159066,84683200.0,472388000.0
2024-03-11,1702400.0,2.0,2.0,2.0,17.0,2024,3,11,0,1,11,0,0,0,14560000.0,2128000.0,3158400.0,13036800.0,8492000.0,6119676.017568245,6886506.666666667,4798656.132490123,7055440.0,3934049.882206053,-19.999990601508173,-46.09927618437304,567466.6666666666,0.0,0.0,86385600.0,474090400.0
2024-03-12,10259200.0,8.0,7.0,7.0,64.0,2024,3,12,1,1,11,0,0,0,1702400.0,17903200.0,4009600.0,13092800.0,7400000.0,4670968.310746706,7094826.666666667,4805106.735111729,7023955.555555556,3896347.7026601513,-42.696275375559935,155.86588291453438,1139911.111111111,3108000.0,30.294756872391915,96644800.0,484349600.0
2024-03-13,3472000.0,2.0,2.0,2.0,24.0,2024,3,13,2,1,11,0,0,0,10259200.0,2721600.0,9161600.0,6664000.0,7507200.0,4552819.352152386,6905173.333333333,4832921.372458673,6988488.888888889,3914148.0239457437,27.572006330097615,-62.10268270796775,1157333.3333333333,1512000.0,43.54837455403959,100116800.0,487821600.0
2024-03-14,13630400.0,9.0,7.0,9.0,101.0,2024,3,14,3,1,11,0,0,0,3472000.0,6333600.0,1108800.0,8153600.0,8549600.0,5047755.958179166,7322560.0,4855715.160196852,7049342.222222222,3974573.1038091583,115.20776253508865,1129.2919108117687,1363040.0,6944000.0,50.9449428523783,113747200.0,501452000.0
2024-03-15,11054400.0,6.0,5.0,6.0,92.0,2024,3,15,4,1,11,0,0,0,13630400.0,10847200.0,13596800.0,8372000.0,8579200.0,5064055.7764174165,7237813.333333333,4763750.348400415,7079146.666666667,3994609.721460481,1.910170190448209,-18.698515922973353,1579200.0,2867200.0,25.937181037669976,124801600.0,512506400.0
2024-03-16,504000.0,1.0,1.0,1.0,10.0,2024,3,16,5,1,11,1,0,0,11054400.0,5376000.0,2016000.0,7537600.0,7883200.0,5851287.867355921,7187413.333333333,4828460.548537352,7000995.555555556,4053902.819406698,-90.62498314267427,-74.9999627976375,252000.0,0.0,0.0,125305600.0,513010400.0
2024-03-17,10052000.0,7.0,7.0,7.0,63.0,2024,3,17,6,1,11,1,0,0,504000.0,14560000.0,1848000.0,17533600.0,7239200.0,5206507.169558744,7460880.0,4747267.483685241,6917866.666666667,3909637.088821954,-30.96153633505932,443.9391537125791,1256500.0,4200000.0,41.782725648355985,135357600.0,523062400.0
2024-03-18,5891200.0,3.0,3.0,3.0,40.0,2024,3,18,0,1,12,0,0,0,10052000.0,1702400.0,1260000.0,8052800.0,7837600.0,4677974.5132553475,7615253.333333333,4612045.537034321,6893848.888888889,3909226.1752511184,246.05248704623648,367.5552638450287,1472800.0,4368000.0,74.14447410638341,141248800.0,528953600.0
2024-03-19,8271200.0,7.0,7.0,7.0,87.0,2024,3,19,1,1,12,0,0,0,5891200.0,10259200.0,10528000.0,4384800.0,7553600.0,4565448.9315582765,7540026.666666667,4581199.806625979,6937031.111111111,3902658.7496058666,-19.377727368827262,-21.43616817665576,1033900.0,0.0,0.0,149520000.0,537224800.0
2024-03-20,13092800.0,8.0,8.0,7.0,99.0,2024,3,20,2,1,12,0,0,0,8271200.0,3472000.0,3584000.0,7980000.0,8928000.0,4580036.2851546565,7856986.666666667,4626772.144493124,6993840.0,3954874.090150518,277.09669438459264,265.3124259730954,1454755.5555555555,2324000.0,17.750212502275104,162612800.0,550317600.0
2024-03-21,12751200.0,8.0,8.0,7.0,73.0,2024,3,21,3,1,12,0,0,0,13092800.0,13630400.0,3360000.0,11530400.0,8802400.0,4439486.817189565,8170026.666666667,4629717.380436163,7007404.444444444,3972661.9796396564,-6.450287119212414,279.4999168155009,1416800.0,5404000.0,42.38032166538665,175364000.0,563068800.0
2024-03-22,6361600.0,5.0,5.0,4.0,37.0,2024,3,22,4,1,12,0,0,0,12751200.0,11054400.0,11424000.0,11648000.0,8132000.0,4396858.85453088,8001280.0,4599182.870032462,6948666.666666667,3942242.0901725655,-42.4518705264989,-44.313721611193834,1060266.6666666667,3494400.0,54.929568830236285,181725600.0,569430400.0
2024-03-23,10113600.0,7.0,7.0,5.0,79.0,2024,3,23,5,1,12,1,0,0,6361600.0,504000.0,694400.0,11564000.0,9504800.0,2844365.8461362887,8315253.333333333,4400376.284516289,6932551.111111111,3926094.490361383,1906.6628836053899,1356.4496594906977,1264200.0,5964000.0,58.97009383700227,191839200.0,579544000.0
2024-03-24,11883200.0,7.0,7.0,7.0,97.0,2024,3,24,6,1,12,1,0,0,10113600.0,10052000.0,6938400.0,8388800.0,9766400.0,2983868.2723382087,8480080.0,4439460.65118043,6971377.777777778,3957808.3610025938,18.21726838268321,71.26714065675938,1485400.0,0.0,0.0,203722400.0,591427200.0
2024-03-25,4345600.0,5.0,5.0,4.0,44.0,2024,3,25,0,1,13,0,0,1,11883200.0,5891200.0,6490400.0,4334400.0,9545600.0,3352796.055036245,8408586.666666666,4489594.386082142,6971502.222222222,3957724.690704345,-26.23573699148951,-33.04572398531308,724266.6666666666,0.0,0.0,208068000.0,595772800.0
2024-03-26,6854400.0,4.0,3.0,2.0,62.0,2024,3,26,1,1,13,0,0,1,4345600.0,8271200.0,10903200.0,9889600.0,9343200.0,3482794.617353513,8273626.666666667,4472842.378170068,6937777.777777778,3945492.51934088,-17.12931411049012,-37.13404898249606,1370880.0,1075200.0,15.686272221307156,214922400.0,602627200.0
2024-03-27,8030400.0,5.0,5.0,5.0,68.0,2024,3,27,2,1,13,0,0,1,6854400.0,13092800.0,11575200.0,5566400.0,8620000.0,3076306.3913292624,8155466.666666667,4429225.698762116,6965155.555555556,3944418.3092633574,-38.66552313748601,-30.624090242579804,1338400.0,3192000.0,39.74894902508604,222952800.0,610657600.0
2024-03-28,5118400.0,4.0,4.0,4.0,41.0,2024,3,28,3,1,13,0,0,1,8030400.0,12751200.0,3337600.0,4491200.0,7529600.0,2697330.4728935105,8214826.666666667,4374019.672860967,6972124.444444444,3940550.445160739,-59.85945951287255,53.35568871174235,1023680.0,0.0,0.0,228071200.0,615776000.0
2024-03-29,9783200.0,6.0,6.0,6.0,69.0,2024,3,29,4,1,13,0,0,1,5118400.0,6361600.0,14375200.0,4485600.0,8018400.0,2759696.8722427827,8061760.0,4228948.300138159,7030986.666666667,3942556.6031205,53.7852028129397,-31.943901167016726,1397600.0,5768000.0,58.958208054807415,237854400.0,625559200.0
2024-03-30,2049600.0,2.0,2.0,2.0,23.0,2024,3,30,5,1,13,1,0,1,9783200.0,10113600.0,3998400.0,7229600.0,6866400.0,3357641.616770109,7996800.0,4307750.382420205,6973431.111111111,3977281.843412991,-79.7342113852425,-48.73948360857253,683200.0,0.0,0.0,239904000.0,627608800.0
2024-03-31,4704000.0,5.0,5.0,4.0,33.0,2024,3,31,6,1,13,1,0,1,2049600.0,11883200.0,6288800.0,6171200.0,5840800.0,2575113.180684153,7943973.333333333,4339021.9599489905,6957128.888888889,3983608.8755158563,-60.414698026230475,-25.200352181600277,784000.0,2956800.0,62.85712949465785,244608000.0,632312800.0
2024-04-01,12040000.0,8.0,8.0,8.0,87.0,2024,4,1,0,2,14,0,1,0,4704000.0,4345600.0,7352800.0,2637600.0,6940000.0,3354698.7067892193,8100213.333333333,4400947.609223096,7061600.0,3992335.9170549274,177.06181492502418,63.74713527538689,1337777.7777777778,3276000.0,27.209300065672753,12040000.0,12040000.0
2024-04-02,5364800.0,4.0,4.0,4.0,44.0,2024,4,2,1,2,14,0,1,0,12040000.0,6854400.0,11172000.0,3281600.0,6727200.0,3407857.618308986,7906640.0,4388874.451704859,7084746.666666667,3976180.3586249296,-21.73202297326929,-51.97994522198843,1072960.0,1344000.0,25.05218739707214,17404800.0,17404800.0
2024-04-03,6126400.0,5.0,5.0,5.0,45.0,2024,4,3,2,2,14,0,1,0,5364800.0,8030400.0,2128000.0,18435200.0,6455200.0,3362184.4010503935,8039920.0,4266339.855386021,6947982.222222222,3788648.2469946654,-23.70989941847238,187.89464854574786,1021066.6666666666,1344000.0,21.93783919792387,23531200.0,23531200.0
2024-04-04,2777600.0,3.0,3.0,3.0,31.0,2024,4,4,3,2,14,0,1,0,6126400.0,5118400.0,17903200.0,8377600.0,6120800.0,3623549.081586531,7535733.333333333,3941947.7535799537,6885760.0,3810825.76715278,-45.73303264046721,-84.4854503951556,694400.0,0.0,0.0,26308800.0,26308800.0
2024-04-05,11401600.0,9.0,9.0,8.0,90.0,2024,4,5,4,2,14,0,1,0,2777600.0,9783200.0,2721600.0,2559200.0,6352000.0,3934466.25943934,7825066.666666667,3894679.140724616,6984008.888888889,3812012.2277072817,16.54264284256247,318.92992396754704,1140160.0,4200000.0,36.83693193613774,37710400.0,37710400.0
2024-04-06,4737600.0,4.0,4.0,3.0,43.0,2024,4,6,5,2,14,1,0,0,11401600.0,2049600.0,6333600.0,6496000.0,6736000.0,3557705.2079488817,7771866.666666667,3926524.7996541266,6964471.111111111,3819041.2320326045,131.14747699674228,-25.198935013430745,947520.0,0.0,0.0,42448000.0,42448000.0
2024-04-07,5908000.0,4.0,4.0,4.0,33.0,2024,4,7,6,2,14,1,0,0,4737600.0,4704000.0,10847200.0,5779200.0,6908000.0,3471144.6258162824,7607226.666666667,3896565.4506229623,6965902.222222222,3818616.193293124,25.59523265407469,-45.53432724257622,1181600.0,2688000.0,45.49762263073415,48356000.0,48356000.0
2024-04-08,11071200.0,7.0,7.0,5.0,78.0,2024,4,8,0,2,15,0,0,0,5908000.0,12040000.0,5376000.0,5023200.0,6769600.0,3244323.2062583705,7797066.666666667,3922758.5696040904,7033102.222222222,3837215.4427888324,-8.046510959592112,105.93748029436752,1383900.0,4911200.0,44.360137621925574,59427200.0,59427200.0
2024-04-09,6109600.0,3.0,3.0,3.0,36.0,2024,4,9,1,2,15,0,0,0,11071200.0,5364800.0,14560000.0,6473600.0,6876000.0,3202516.9434888647,7515386.666666667,3718467.319013942,7029057.777777778,3838003.5349907917,13.883087182544143,-58.03845755230373,1527400.0,2520000.0,41.24655603532866,65536800.0,65536800.0
2024-04-10,4816000.0,3.0,3.0,3.0,25.0,2024,4,10,2,2,15,0,0,0,6109600.0,6126400.0,1702400.0,5796000.0,6688800.0,3290721.3393621254,7619173.333333333,3591924.3766455124,7018168.888888889,3842928.2098404574,-21.389393217975776,182.8946294086998,1204000.0,4592000.0,95.34881741095984,70352800.0,70352800.0
2024-04-11,6456800.0,7.0,7.0,7.0,67.0,2024,4,11,3,2,15,0,0,0,4816000.0,2777600.0,10259200.0,6580000.0,7214400.0,2822399.4708994087,7492426.666666667,3562521.0491267676,7016800.0,3843107.981946246,132.45962973083607,-37.063315164602,807100.0,537600.0,8.326104521418578,76809600.0,76809600.0
2024-04-12,571200.0,1.0,1.0,1.0,5.0,2024,4,12,4,2,15,0,0,0,6456800.0,11401600.0,3472000.0,8926400.0,5667200.0,3099416.616074696,7395733.333333333,3711650.764387946,6923964.444444444,3896998.4921936872,-94.9901684859872,-83.54836303330558,285600.0,0.0,0.0,77380800.0,77380800.0
2024-04-13,8741600.0,5.0,5.0,4.0,47.0,2024,4,13,5,2,15,1,0,0,571200.0,4737600.0,13630400.0,7201600.0,6239200.0,3264347.5958706653,7232773.333333333,3531424.447866401,6941075.555555556,3901609.4654890285,84.51534859098518,-35.86688315332762,1456933.3333333333,4004000.0,45.80396657317121,86122400.0,86122400.0
2024-04-14,8086400.0,5.0,5.0,4.0,65.0,2024,4,14,6,2,15,1,0,0,8741600.0,5908000.0,11054400.0,4888800.0,6550400.0,3330673.7976971855,7133840.0,3461552.443590035,6976604.444444444,3897267.6216852595,36.87203167365747,-26.849035058525562,1347733.3333333333,1176000.0,14.542934489645024,94208800.0,94208800.0
2024-04-15,8316000.0,5.0,5.0,4.0,66.0,2024,4,15,0,2,16,0,0,0,8086400.0,11071200.0,504000.0,14285600.0,6156800.0,2833007.5797051075,7394240.0,3231827.14047813,6910275.555555556,3821539.2729764595,-24.886188950954825,1549.9969246092767,1386000.0,3360000.0,40.40403554545027,102524800.0,102524800.0
2024-04-16,3612000.0,3.0,3.0,3.0,31.0,2024,4,16,1,2,16,0,0,0,8316000.0,6109600.0,10052000.0,9004800.0,5800000.0,2992719.6995375166,7179573.333333333,3262935.483836321,6850355.555555556,3830596.6727148145,-40.87991998168129,-64.06684599414584,903000.0,1568000.0,43.41084069467312,106136800.0,106136800.0
2024-04-17,11121600.0,9.0,8.0,7.0,82.0,2024,4,17,2,2,16,0,0,0,3612000.0,4816000.0,5891200.0,12174400.0,6700800.0,3545168.385281569,7353920.0,3330752.512923294,6838657.777777778,3815734.2377062985,130.93020537163508,88.78325489148988,1112160.0,6944000.0,62.43705380187619,117258400.0,117258400.0
2024-04-18,4166400.0,4.0,4.0,4.0,36.0,2024,4,18,3,2,16,0,0,0,11121600.0,6456800.0,8271200.0,3432800.0,6373600.0,3674768.5133442883,7217093.333333333,3375779.3062908626,6846808.888888889,3809154.830545254,-35.4726744714604,-49.627617561222365,833280.0,672000.0,16.129028386849946,121424800.0,121424800.0
2024-04-19,4872000.0,3.0,3.0,2.0,30.0,2024,4,19,4,2,16,0,0,0,4166400.0,571200.0,13092800.0,7604800.0,6988000.0,2797858.91471793,6943066.666666667,3212065.1177894166,6816444.444444444,3813933.836063198,752.9398582985674,-62.78870350202374,1218000.0,3528000.0,72.41377824019331,126296800.0,126296800.0
2024-04-20,6132000.0,4.0,4.0,4.0,58.0,2024,4,20,5,2,16,1,0,0,4872000.0,8741600.0,12751200.0,7711200.0,6615200.0,2697308.881088691,6722426.666666667,3020998.141392815,6798897.777777778,3813403.760215019,-29.852655137199697,-51.91040436112645,1226400.0,4368000.0,71.23286509574933,132428800.0,132428800.0
2024-04-21,4099200.0,4.0,4.0,4.0,23.0,2024,4,21,6,2,16,1,0,0,6132000.0,8086400.0,6361600.0,3533600.0,6045600.0,2755224.3901359327,6647013.333333333,3058323.6927230665,6805182.222222222,3808424.9262072737,-49.30747312679646,-35.56337469137093,819840.0,3136000.0,76.50271357759719,136528000.0,136528000.0
2024-04-22,7571200.0,5.0,5.0,4.0,65.0,2024,4,22,0,2,17,0,0,0,4099200.0,8316000.0,10113600.0,5919200.0,5939200.0,2665866.3732452765,6562266.666666667,2993489.5357958954,6823537.777777778,3808087.8338992796,-8.956227879241476,-25.138424978402846,1261866.6666666667,2856000.0,37.72188850883763,144099200.0,144099200.0
2024-04-23,8254400.0,5.0,5.0,5.0,59.0,2024,4,23,1,2,17,0,0,0,7571200.0,3612000.0,11883200.0,5454400.0,6602400.0,2566012.2317193383,6441306.666666667,2840473.809788067,6854648.888888889,3808214.288455493,128.52709619958577,-30.537226459436305,1375733.3333333333,1372000.0,16.621436249583706,152353600.0,152353600.0
2024-04-24,4760000.0,3.0,3.0,3.0,34.0,2024,4,24,2,2,17,0,0,0,8254400.0,11121600.0,4345600.0,10052000.0,5693600.0,1668150.656665415,6455120.0,2830922.4394544754,6795848.888888889,3799135.738773759,-57.200397676557536,9.536080279804796,1190000.0,1612800.0,33.882345823036594,157113600.0,157113600.0
2024-04-25,5908000.0,5.0,5.0,3.0,44.0,2024,4,25,3,2,17,0,0,1,4760000.0,4166400.0,6854400.0,6316800.0,5942400.0,1526252.3338775244,6423573.333333333,2831592.6668552607,6791306.666666667,3799959.211986902,41.801065235919445,-13.807187528129738,984666.6666666666,1344000.0,22.748811315367075,163021600.0,163021600.0
2024-04-26,8635200.0,6.0,6.0,6.0,65.0,2024,4,26,4,2,17,0,0,1,5908000.0,4872000.0,8030400.0,6305600.0,6480000.0,1734886.9550107846,6443733.333333333,2845545.8339892044,6817191.111111111,3804545.09733726,77.24136345620619,7.531379815279461,1233600.0,392000.0,4.539558488563265,171656800.0,171656800.0
2024-04-27,0.0,0.0,0.0,0.0,0.0,2024,4,27,5,2,17,1,0,1,8635200.0,6132000.0,5118400.0,8618400.0,5604000.0,3015423.145541366,6273120.0,3072170.552736847,6721431.111111111,3866654.6025796654,-99.99998369210964,-99.9999804626484,0.0,0.0,0.0,171656800.0,171656800.0
2024-04-28,5577600.0,4.0,3.0,4.0,33.0,2024,4,28,6,2,17,1,0,1,0.0,4099200.0,9783200.0,8433600.0,5815200.0,2943373.810216193,6132933.333333333,3001621.646001891,6689697.777777778,3864163.764790343,36.065564972295824,-42.98797499918482,1115520.0,4032000.0,72.2891436658879,177234400.0,177234400.0
2024-04-29,3360000.0,3.0,3.0,3.0,29.0,2024,4,29,0,2,18,0,0,1,5577600.0,7571200.0,2049600.0,3740800.0,5213600.0,2954987.575833992,6176613.333333333,2949228.727666257,6685466.666666667,3867635.89562457,-55.62129442871745,63.93439503591188,840000.0,0.0,0.0,180594400.0,180594400.0
2024-04-30,5023200.0,3.0,3.0,3.0,49.0,2024,4,30,1,2,18,0,0,1,3360000.0,8254400.0,4704000.0,6428800.0,4752000.0,2635968.3559051408,6187253.333333333,2944304.429037621,6669848.888888889,3871519.982585732,-39.14517843269306,6.7857128431732905,1255800.0,1344000.0,26.755847516354613,185617600.0,185617600.0
2024-05-01,5656000.0,5.0,5.0,5.0,51.0,2024,5,1,2,2,18,0,1,0,5023200.0,4760000.0,12040000.0,4704000.0,4880000.0,2658083.239228333,5974453.333333333,2729582.5114314845,6680426.666666667,3867386.857646479,18.823525457242553,-53.02325141002895,942666.6666666666,1344000.0,23.76237203635572,5656000.0,191273600.0
2024-05-02,13647200.0,10.0,9.0,7.0,94.0,2024,5,2,3,2,18,0,1,0,5656000.0,5908000.0,5364800.0,0.0,5985600.0,4274790.274777613,6250533.333333333,3064146.1607946544,6832062.222222222,3870056.539336086,130.99523849098875,154.38410483445705,1240654.5454545454,5544000.0,40.623714708972194,19303200.0,204920800.0
2024-05-03,7487200.0,5.0,5.0,5.0,54.0,2024,5,3,4,2,18,0,1,0,13647200.0,8635200.0,6126400.0,3707200.0,5821600.0,4177103.0982408435,6295893.333333333,3072306.606346814,6874062.222222222,3856249.458064992,-13.294421287935279,22.212062187897917,1247866.6666666667,1568000.0,20.9424055798689,26790400.0,212408000.0
2024-05-04,1982400.0,3.0,3.0,3.0,20.0,2024,5,4,5,2,18,1,1,0,7487200.0,0.0,2777600.0,5521600.0,6104800.0,3763335.3150275163,6269386.666666667,3106942.8774848757,6834737.777777778,3888110.308654417,198240000.0,-28.629021950956957,495600.0,537600.0,27.118630388100083,28772800.0,214390400.0
2024-05-05,4642400.0,4.0,4.0,4.0,32.0,2024,5,5,6,2,18,1,1,0,1982400.0,5577600.0,11401600.0,8293600.0,5971200.0,3801576.150317995,6044080.0,2963713.3416223493,6794168.888888889,3891764.133863721,-16.767065266949,-59.28290246255767,928480.0,2100000.0,45.235213416505815,33415200.0,219032800.0
2024-05-06,5096000.0,6.0,6.0,5.0,36.0,2024,5,6,0,2,19,0,0,0,4642400.0,3360000.0,4737600.0,6596800.0,6219200.0,3656705.4607483204,6056026.666666667,2958983.926135187,6777493.333333333,3895832.5399721293,51.66665128968712,7.565010223528744,728000.0,3584000.0,70.32965652871732,38511200.0,224128800.0
2024-05-07,11155200.0,7.0,7.0,6.0,81.0,2024,5,7,1,2,19,0,0,0,5096000.0,5023200.0,5908000.0,9374400.0,7095200.0,4037140.426919355,6230933.333333333,3101578.446348012,6797280.0,3913651.7765553575,122.07355429336792,88.81515084374563,1394400.0,1680000.0,15.060239613790912,49666400.0,235284000.0
2024-05-08,0.0,0.0,0.0,0.0,0.0,2024,5,8,2,2,19,0,0,0,11155200.0,5656000.0,11071200.0,6316800.0,6287200.0,4856122.173092428,5861893.333333333,3163828.486450889,6727093.333333333,3978470.7828596015,-99.99998231966366,-99.99999096755627,0.0,0.0,0.0,49666400.0,235284000.0
2024-05-09,14459200.0,9.0,9.0,7.0,94.0,2024,5,9,3,2,19,0,0,0,0.0,13647200.0,6109600.0,2178400.0,6403200.0,5066381.472675206,6140213.333333333,3532181.9607650447,6863546.666666667,4030963.8013086584,5.949938012930271,136.66358899705563,1445920.0,5712000.0,39.504257531242565,64125600.0,249743200.0
2024-05-10,10208800.0,8.0,8.0,5.0,68.0,2024,5,10,4,2,19,0,0,0,14459200.0,7487200.0,4816000.0,3158400.0,6792000.0,5264008.368787667,6319973.333333333,3599058.3993626675,6941884.444444444,4026655.359619027,36.35003254220101,111.97672093506625,1134311.111111111,6048000.0,59.24300023087922,74334400.0,259952000.0
2024-05-11,4726400.0,4.0,4.0,4.0,34.0,2024,5,11,5,2,19,1,0,0,10208800.0,1982400.0,6456800.0,4009600.0,7184000.0,4938243.747190553,6262293.333333333,3610637.3707023836,6949848.888888889,4021495.922720735,138.4180092725942,-26.79964892831605,945280.0,196000.0,4.146918553884869,79060800.0,264678400.0
2024-05-12,8394400.0,6.0,6.0,4.0,63.0,2024,5,12,6,2,19,1,0,0,4726400.0,4642400.0,571200.0,9161600.0,7720000.0,4818571.251591762,6523066.666666667,3465005.4387510996,6941324.444444444,4017566.1571449293,80.82024797082371,1369.6054453686181,1199200.0,3360000.0,40.026679688044446,87455200.0,273072800.0
2024-05-13,11032000.0,6.0,6.0,5.0,71.0,2024,5,13,0,2,20,0,0,0,8394400.0,5096000.0,8741600.0,1108800.0,8568000.0,4802117.82168381,6599413.333333333,3539994.8532724436,7051582.222222222,3991783.332892596,116.48349362568806,26.201150109688143,1576000.0,4928000.0,44.67004671228728,98487200.0,284104800.0
2024-05-14,7784000.0,4.0,4.0,3.0,53.0,2024,5,14,1,2,20,0,0,0,11032000.0,11155200.0,8086400.0,13596800.0,8086400.0,4666538.611576386,6589333.333333333,3536043.041294187,6986995.555555556,3931258.872051193,-30.220880825007097,-3.7396117259087203,1556800.0,2548000.0,32.73380874437195,106271200.0,291888800.0
2024-05-15,7772800.0,6.0,6.0,5.0,66.0,2024,5,15,2,2,20,0,0,0,7784000.0,0.0,8316000.0,2016000.0,9196800.0,3075089.6615654314,6571226.666666667,3528278.819122895,7050960.0,3896145.2192671215,777280000.0,-6.53198574651446,1110400.0,0.0,0.0,114044000.0,299661600.0
2024-05-16,4793600.0,5.0,5.0,5.0,33.0,2024,5,16,3,2,20,0,0,0,7772800.0,14459200.0,3612000.0,1848000.0,7816000.0,2418198.866925532,6610613.333333333,3500591.999956708,7083688.888888889,3864188.5188049492,-66.84740048914183,32.71316923777153,798933.3333333334,1372000.0,28.62148935633149,118837600.0,304455200.0
2024-05-17,9643200.0,4.0,4.0,4.0,74.0,2024,5,17,4,2,20,0,0,0,4793600.0,10208800.0,11121600.0,1260000.0,7735200.0,2332865.9798625223,6561333.333333333,3444860.7988826116,7176835.555555556,3823050.5594152506,-5.540317614184075,-13.293050164270415,1928640.0,0.0,0.0,128480800.0,314098400.0
2024-05-18,7240800.0,7.0,7.0,6.0,39.0,2024,5,18,5,2,20,1,0,0,9643200.0,4726400.0,4166400.0,10528000.0,8094400.0,1955418.263867502,6663813.333333333,3416773.1124388464,7140311.111111111,3806340.6765183173,53.19904087698018,73.7903048698385,905100.0,1344000.0,18.5614823553361,135721600.0,321339200.0
2024-05-19,10253600.0,7.0,6.0,5.0,69.0,2024,5,19,6,2,20,1,0,0,7240800.0,8394400.0,4872000.0,3584000.0,8360000.0,2122117.8352453937,6843200.0,3460448.458878085,7214417.777777778,3801246.644906221,22.14809609405126,110.45974744258058,1281700.0,7212800.0,70.3440674159254,145975200.0,331592800.0
2024-05-20,5252800.0,6.0,5.0,4.0,41.0,2024,5,20,0,2,21,0,0,0,10253600.0,11032000.0,6132000.0,3360000.0,7534400.0,2031588.2522466488,6813893.333333333,3470388.0477582016,7235448.888888889,3784882.6576216486,-52.38578205350054,-14.337897205170059,750400.0,1344000.0,25.586349073570464,151228000.0,336845600.0
2024-05-21,4597600.0,4.0,4.0,4.0,29.0,2024,5,21,1,2,21,0,0,0,5252800.0,7784000.0,4099200.0,11424000.0,7079200.0,2304927.6836088784,6830506.666666667,3458115.4874847084,7159600.0,3768365.4857454277,-40.935246539665144,12.158466979296698,919520.0,2195200.0,47.7466400411867,155825600.0,341443200.0
2024-05-22,12336800.0,8.0,8.0,7.0,73.0,2024,5,22,2,2,21,0,0,0,4597600.0,7772800.0,7571200.0,694400.0,7731200.0,3056732.9662020844,6989360.0,3599865.5493667037,7288960.0,3743683.8322280184,58.717571696483674,62.94377866866828,1370755.5555555555,4088000.0,33.13662917963903,168162400.0,353780000.0
2024-05-23,9570400.0,6.0,6.0,6.0,82.0,2024,5,23,3,2,21,0,0,0,12336800.0,4793600.0,8254400.0,6938400.0,8413600.0,2815290.78190275,7033226.666666667,3623751.34251342,7318204.444444444,3751187.2478016852,99.64951192224801,15.943010280212944,1367200.0,1344000.0,14.043298708173252,177732800.0,363350400.0
2024-05-24,7470400.0,3.0,3.0,3.0,44.0,2024,5,24,4,2,21,0,0,0,9570400.0,9643200.0,4760000.0,6490400.0,8103200.0,2776642.039106457,7123573.333333333,3598823.2052592756,7329093.333333333,3750179.5395762385,-22.53193726854807,56.941164508158714,1867600.0,3528000.0,47.22638048479593,185203200.0,370820800.0
2024-05-25,1344000.0,1.0,1.0,1.0,2.0,2024,5,25,5,2,21,1,0,1,7470400.0,7240800.0,5908000.0,10903200.0,7260800.0,3791086.753601566,6971440.0,3745460.877087505,7222880.0,3783040.4138541794,-81.43850383403715,-77.25117175843404,672000.0,1344000.0,99.99992559529346,186547200.0,372164800.0
2024-05-26,11586400.0,5.0,5.0,5.0,81.0,2024,5,26,6,2,21,1,0,1,1344000.0,10253600.0,8635200.0,11575200.0,7451200.0,3994459.3092599227,7069813.333333333,3828501.4505753387,7223004.444444444,3783185.375051369,12.998360283377519,34.1763903353263,1931066.6666666667,9251200.0,79.84532901977067,198133600.0,383751200.0
2024-05-27,10124800.0,6.0,6.0,6.0,82.0,2024,5,27,0,2,22,0,0,1,11586400.0,5252800.0,0.0,3337600.0,8147200.0,3971953.621750041,7407306.666666667,3624623.2042872375,7298417.777777778,3772496.498790732,92.75051539169293,1012480000.0,1446400.0,4872000.0,48.11946427391511,208258400.0,393876000.0
2024-05-28,4849600.0,5.0,5.0,5.0,42.0,2024,5,28,1,2,22,0,0,1,10124800.0,4597600.0,5577600.0,14375200.0,8183200.0,3935393.3949902984,7383040.0,3639701.00416561,7192577.777777778,3704736.7608126253,5.481119392483167,-13.05220649522976,808266.6666666666,1344000.0,27.713620151431012,213108000.0,398725600.0
2024-05-29,2889600.0,3.0,3.0,3.0,25.0,2024,5,29,2,2,22,0,0,1,4849600.0,12336800.0,3360000.0,3998400.0,6833600.0,3893237.5969964373,7367360.0,3658594.2981348503,7180257.777777778,3717300.5990960724,-76.57738825486446,-13.999995833334575,722400.0,1120000.0,38.75967650897131,215997600.0,401615200.0
2024-05-30,3539200.0,3.0,3.0,3.0,34.0,2024,5,30,3,2,22,0,0,1,2889600.0,9570400.0,5023200.0,6288800.0,5972000.0,3853792.701569013,7317893.333333333,3701166.4948651865,7149706.666666667,3735961.610273622,-63.01930295292747,-29.54291496597488,884800.0,1344000.0,37.97467281457029,219536800.0,405154400.0
2024-05-31,6305600.0,5.0,5.0,5.0,31.0,2024,5,31,4,2,22,0,0,1,3539200.0,7470400.0,5656000.0,7352800.0,5805600.0,3803125.311284557,7339546.666666667,3692999.6759697464,7138071.111111111,3736952.5814806344,-15.59220181085326,11.4851464842386,1050933.3333333333,3584000.0,56.83835688303145,225842400.0,411460000.0
2024-06-01,1355200.0,3.0,3.0,3.0,18.0,2024,6,1,5,2,22,1,1,0,6305600.0,1344000.0,13647200.0,11172000.0,5807200.0,3800937.1756625045,6929813.333333333,3650690.175251545,7028995.555555556,3761076.1401645313,0.8333327132941122,-90.06975129918582,338800.0,0.0,0.0,1355200.0,412815200.0
2024-06-02,5762400.0,5.0,5.0,5.0,46.0,2024,6,2,6,2,22,1,1,0,1355200.0,11586400.0,7487200.0,2128000.0,4975200.0,2841361.9645045674,6872320.0,3655188.2512395983,7069377.777777778,3727222.1844270253,-50.26582456450455,-23.03664613785579,960400.0,0.0,0.0,7117600.0,418577600.0
2024-06-03,12549600.0,6.0,6.0,5.0,77.0,2024,6,3,0,2,23,0,1,0,5762400.0,10124800.0,1982400.0,17903200.0,5321600.0,3616011.4159111725,7224560.0,3676812.8696392523,7009893.333333333,3592669.1270362795,23.9491126788566,533.0505785660923,1792800.0,6048000.0,48.19276724415381,19667200.0,431127200.0
2024-06-04,6955200.0,3.0,3.0,3.0,48.0,2024,6,4,1,2,23,0,1,0,12549600.0,4849600.0,4642400.0,2721600.0,5622400.0,3657543.160829856,7301653.333333333,3644913.018945468,7056933.333333333,3563487.6596144945,43.41800490390859,49.81904837604507,1738800.0,3024000.0,43.478254618378394,26622400.0,438082400.0
2024-06-05,4956000.0,4.0,4.0,4.0,46.0,2024,6,5,2,2,23,0,1,0,6955200.0,2889600.0,5096000.0,6333600.0,5917600.0,3479262.9411030803,7296986.666666667,3647922.725638509,7041626.666666667,3569583.0587987434,71.51160315905206,-2.7472522081530206,991200.0,0.0,0.0,31578400.0,443038400.0
2024-06-06,6417600.0,5.0,5.0,4.0,64.0,2024,6,6,3,2,23,0,0,0,4956000.0,3539200.0,11155200.0,10847200.0,6328800.0,3317660.7984140357,7139066.666666667,3576996.5013366602,6992408.888888889,3546988.2331651887,81.32909094453805,-42.46987571089038,1069600.0,0.0,0.0,37996000.0,449456000.0
2024-06-07,7072800.0,5.0,5.0,5.0,62.0,2024,6,7,4,2,23,0,0,0,6417600.0,6305600.0,0.0,5376000.0,6438400.0,3329418.159378591,7374826.666666667,3313623.1353915767,7011262.222222222,3542807.029238545,12.16696077027392,707280000.0,1178800.0,2548000.0,36.025331406892406,45068800.0,456528800.0
2024-06-08,9822400.0,7.0,7.0,6.0,69.0,2024,6,8,5,2,23,1,0,0,7072800.0,1355200.0,14459200.0,14560000.0,7648000.0,2641992.944729401,7220266.666666667,3071046.413300144,6958622.222222222,3463698.635000949,624.7929273960099,-32.06816199594984,1227800.0,4480000.0,45.610029564054656,54891200.0,466351200.0
2024-06-09,11513600.0,7.0,7.0,6.0,78.0,2024,6,9,6,2,23,1,0,0,9822400.0,5762400.0,10208800.0,1702400.0,8469600.0,2844378.971468687,7263760.0,3123620.16782252,7067635.555555556,3450780.617965797,99.80561922018269,12.781128753513757,1439200.0,8204000.0,71.25485762447387,66404800.0,477864800.0
2024-06-10,4687200.0,6.0,6.0,6.0,48.0,2024,6,10,0,2,24,0,0,0,11513600.0,12549600.0,4726400.0,10259200.0,7346400.0,2495731.4385432703,7262453.333333333,3124726.195313465,7005724.444444444,3442851.824238953,-62.650597417399965,-0.8293837107769739,669600.0,2200800.0,46.95339500055577,71092000.0,482552000.0
2024-06-11,2576000.0,1.0,1.0,1.0,21.0,2024,6,11,1,2,24,0,0,0,4687200.0,6955200.0,8394400.0,3472000.0,6720800.0,3088583.9171590046,7068506.666666667,3230813.831383273,6995768.888888889,3454460.8562785336,-62.96295391031833,-69.31286699313031,1288000.0,0.0,0.0,73668000.0,485128000.0
2024-06-12,8691200.0,6.0,6.0,4.0,59.0,2024,6,12,2,2,24,0,0,0,2576000.0,4956000.0,11032000.0,13630400.0,7254400.0,3055349.3548201537,6990480.0,3159265.4744745474,6940888.888888889,3386438.2141237236,75.36721643115084,-21.21827218833646,1241600.0,2867200.0,32.98968692589206,82359200.0,493819200.0
2024-06-13,7677600.0,5.0,5.0,5.0,62.0,2024,6,13,3,2,24,0,0,0,8691200.0,6417600.0,7784000.0,11054400.0,7434400.0,3034881.1640655603,6986933.333333333,3158403.5379453553,6903368.888888889,3358945.5413244036,19.63350479408115,-1.3669062992155319,1279600.0,0.0,0.0,90036800.0,501496800.0
2024-06-14,5062400.0,3.0,3.0,3.0,23.0,2024,6,14,4,2,24,0,0,0,7677600.0,7072800.0,7772800.0,504000.0,7147200.0,3167050.800560872,6896586.666666667,3173876.346779072,6954017.777777778,3295127.855001087,-28.42438236280082,-34.870312516684784,1265600.0,1344000.0,26.54866732208689,95099200.0,506559200.0
2024-06-15,13563200.0,8.0,8.0,7.0,108.0,2024,6,15,5,2,24,1,0,0,5062400.0,9822400.0,4793600.0,10052000.0,7681600.0,3919832.9488214925,7188906.666666667,3371221.4701267667,6993031.111111111,3352505.3969791164,38.08437468598564,182.94388706944946,1507022.2222222222,4256000.0,31.37902328513748,108662400.0,520122400.0
2024-06-16,6675200.0,7.0,7.0,5.0,66.0,2024,6,16,6,2,24,1,0,0,13563200.0,11513600.0,9643200.0,5891200.0,6990400.0,3539652.9246052634,7089973.333333333,3340119.740052002,7001742.222222222,3350628.2861770727,-42.02334265361463,-30.778161732810506,834400.0,0.0,0.0,115337600.0,526797600.0
2024-06-17,4872000.0,2.0,2.0,2.0,29.0,2024,6,17,0,2,25,0,0,0,6675200.0,4687200.0,7240800.0,8271200.0,7016800.0,3520247.7791579664,7011013.333333333,3364342.498835583,6963973.333333333,3355312.870851754,3.9426514885962862,-32.71461265127988,1624000.0,4872000.0,99.99997947455266,120209600.0,531669600.0
2024-06-18,5527200.0,6.0,6.0,6.0,43.0,2024,6,18,1,2,25,0,0,0,4872000.0,2576000.0,10253600.0,13092800.0,7438400.0,3044307.3695013006,6853466.666666667,3317601.533860155,6879911.111111111,3294255.976779792,114.56517291724654,-46.09502554273372,789600.0,336000.0,6.079026255784799,125736800.0,537196800.0
2024-06-19,3628800.0,4.0,3.0,4.0,26.0,2024,6,19,2,2,25,0,0,0,5527200.0,8691200.0,5252800.0,12751200.0,6715200.0,3288597.9991479535,6799333.333333333,3357628.2011966794,6778551.111111111,3251640.7975412626,-58.247415978528174,-30.916838463897644,725760.0,0.0,0.0,129365600.0,540825600.0
2024-06-20,8965600.0,7.0,7.0,7.0,75.0,2024,6,20,3,2,25,0,0,0,3628800.0,7677600.0,4597600.0,6361600.0,6899200.0,3386009.3325329046,6944933.333333333,3353564.484435085,6807484.444444444,3259464.92678919,16.776073671971233,95.00606946970822,1120700.0,2060800.0,22.985631415004974,138331200.0,549791200.0
2024-06-21,8708000.0,4.0,4.0,4.0,66.0,2024,6,21,4,2,25,0,0,0,8965600.0,5062400.0,12336800.0,10113600.0,7420000.0,3336406.4980154815,6823973.333333333,3214957.961105891,6791866.666666667,3246788.456720995,72.01326011116069,-29.41443247726862,1741600.0,2150400.0,24.69453092621372,147039200.0,558499200.0
2024-06-22,985600.0,1.0,1.0,1.0,10.0,2024,6,22,5,2,25,1,0,0,8708000.0,13563200.0,9570400.0,11883200.0,5623200.0,2824087.3263174044,6537813.333333333,3341638.0632891655,6670782.222222222,3257967.01587576,-92.73327144528788,-89.70157049845665,492800.0,0.0,0.0,148024800.0,559484800.0
2024-06-23,12852000.0,7.0,7.0,6.0,70.0,2024,6,23,6,2,25,1,0,0,985600.0,6675200.0,7470400.0,4345600.0,6505600.0,3948654.8865826777,6717200.0,3532429.326818231,6765297.777777778,3312682.577609131,92.5335431846921,72.0389708664903,1606500.0,5600000.0,43.57298135908953,160876800.0,572336800.0
2024-06-24,8254400.0,4.0,4.0,3.0,53.0,2024,6,24,0,2,26,0,0,0,12852000.0,4872000.0,1344000.0,6854400.0,6988800.0,3922297.993098764,6947546.666666667,3392504.768449709,6780853.333333333,3316390.636483115,69.42527310647104,514.1662841024671,1650880.0,5880000.0,71.23472678393017,169131200.0,580591200.0
2024-06-25,5555200.0,5.0,5.0,5.0,37.0,2024,6,25,1,2,26,0,0,1,8254400.0,5527200.0,11586400.0,8030400.0,6992800.0,3920572.9105153233,6746506.666666667,3285132.265529498,6753351.111111111,3316175.128039875,0.5065855213154,-52.054127938434036,925866.6666666666,1534400.0,27.62096276984397,174686400.0,586146400.0
2024-06-26,9133600.0,5.0,5.0,5.0,54.0,2024,6,26,2,2,26,0,0,1,5555200.0,3628800.0,10124800.0,5118400.0,7779200.0,3677927.532365648,6713466.666666667,3254828.3791117542,6797964.444444444,3320937.90712674,151.6974890604362,-9.789822041934453,1522266.6666666667,3920000.0,42.918450236659126,183820000.0,595280000.0
2024-06-27,1282400.0,2.0,2.0,2.0,8.0,2024,6,27,3,2,26,0,0,1,9133600.0,8965600.0,4849600.0,9783200.0,6681600.0,4349917.442894741,6594560.0,3387714.354444649,6703511.111111111,3355784.5995760267,-85.69643016681202,-73.55656681858981,427466.6666666667,980000.0,76.4191543830674,185102400.0,596562400.0
2024-06-28,5773600.0,6.0,6.0,5.0,48.0,2024,6,28,4,2,26,0,0,1,1282400.0,8708000.0,2889600.0,2049600.0,6262400.0,4262603.999122281,6690693.333333333,3319179.61435771,6744888.888888889,3320529.5875316304,-33.697745326395804,99.80616701060111,824800.0,448000.0,7.7594554940668745,190876000.0,602336000.0
2024-06-29,3326400.0,5.0,4.0,4.0,21.0,2024,6,29,5,2,26,1,0,1,5773600.0,985600.0,3539200.0,4704000.0,6596800.0,3851654.868581373,6683600.0,3326366.434290184,6729582.222222222,3333194.207086107,237.49975903027698,-6.01265652897363,554400.0,0.0,0.0,194202400.0,605662400.0
2024-06-30,10948000.0,9.0,9.0,8.0,70.0,2024,6,30,6,2,26,1,0,1,3326400.0,12852000.0,6305600.0,12040000.0,6324800.0,3373894.825470003,6838346.666666667,3414979.797156711,6717448.888888889,3315587.3009080375,-14.81481366209044,73.62343415005168,1094800.0,8036000.0,73.40152782229377,205150400.0,616610400.0
2024-07-01,7767200.0,6.0,6.0,6.0,55.0,2024,7,1,0,3,27,0,1,0,10948000.0,8254400.0,1355200.0,5364800.0,6255200.0,3332222.737653241,7052080.0,3256970.966637135,6744142.222222222,3314245.3759347983,-5.902305933525643,473.14014673838057,1109600.0,3724000.0,47.945199306674304,7767200.0,7767200.0
2024-07-02,4093600.0,4.0,4.0,3.0,35.0,2024,7,2,1,3,27,0,1,0,7767200.0,5555200.0,5762400.0,6126400.0,6046400.0,3427817.155761558,6996453.333333333,3293800.0068816147,6721555.555555556,3325410.5923765576,-26.31047913477838,-28.960150465057882,818720.0,2856000.0,69.76742481741626,11860800.0,11860800.0
2024-07-03,8758400.0,5.0,5.0,4.0,51.0,2024,7,3,2,3,27,0,1,0,4093600.0,9133600.0,12549600.0,2777600.0,5992800.0,3374008.7966690194,6870080.0,3142656.17749238,6788008.888888889,3305409.517325129,-4.107908808365945,-30.209725392863092,1459733.3333333333,6608000.0,75.44756171817207,20619200.0,20619200.0
2024-07-04,6574400.0,4.0,4.0,3.0,50.0,2024,7,4,3,3,27,0,1,0,8758400.0,1282400.0,6955200.0,11401600.0,6748800.0,2659989.052609038,6857386.666666667,3143069.5257906727,6734373.333333333,3268665.7607440907,412.66343366856387,-5.475039470462463,1314880.0,4978400.0,75.72400892491954,27193600.0,27193600.0
2024-07-05,13708800.0,9.0,9.0,7.0,103.0,2024,7,5,4,3,27,0,1,0,6574400.0,5773600.0,4956000.0,4737600.0,7882400.0,3673066.2213832466,7149146.666666667,3359292.6788068125,6834053.333333333,3343033.886675507,137.4393554386595,176.61013385590522,1370880.0,4256000.0,31.045749369328508,40902400.0,40902400.0
2024-07-06,5314400.0,5.0,5.0,4.0,30.0,2024,7,6,5,3,27,1,0,0,13708800.0,3326400.0,6417600.0,5908000.0,8166400.0,3322182.7362945084,7112373.333333333,3373584.7005341593,6827457.777777778,3345466.1284191133,59.76429179765158,-17.190224197484387,885733.3333333334,5208000.0,97.99787407837684,46216800.0,46216800.0
2024-07-07,6356000.0,4.0,4.0,4.0,42.0,2024,7,7,6,3,27,1,0,0,5314400.0,10948000.0,7072800.0,11071200.0,7510400.0,3129144.888517191,7088480.0,3376411.8173403926,6775066.666666667,3315043.4635075135,-41.94373018416787,-10.134598725455445,1271200.0,5096000.0,80.17619883949043,52572800.0,52572800.0
2024-07-08,4300800.0,5.0,5.0,5.0,34.0,2024,7,8,0,3,28,0,0,0,6356000.0,7767200.0,9822400.0,6109600.0,7015200.0,3348340.65969,6904426.666666667,3372736.1162132416,6754968.888888889,3324592.512790093,-44.62868927944571,-56.214361437697356,716800.0,0.0,0.0,56873600.0,56873600.0
2024-07-09,5493600.0,5.0,5.0,5.0,49.0,2024,7,9,1,3,28,0,0,0,4300800.0,4093600.0,11513600.0,4816000.0,7215200.0,3182447.4606817835,6703760.0,3266459.952999837,6762497.777777778,3320917.393928739,34.199718047753066,-52.28598767666172,915600.0,0.0,0.0,62367200.0,62367200.0
2024-07-10,7324800.0,4.0,4.0,4.0,57.0,2024,7,10,2,3,28,0,0,0,5493600.0,8758400.0,4687200.0,6456800.0,7010400.0,3111933.3668958806,6791680.0,3245741.7024305137,6772142.222222222,3321280.007919584,-16.368284576145804,56.27238942814699,1464960.0,3360000.0,45.87155337052843,69692000.0,69692000.0
2024-07-11,4939200.0,3.0,3.0,3.0,33.0,2024,7,11,3,3,28,0,0,0,7324800.0,6574400.0,2576000.0,571200.0,6776800.0,3209947.206211747,6870453.333333333,3167637.5615267893,6820675.555555556,3261016.210342249,-24.872227903348154,91.73909482177997,1234800.0,2184000.0,44.21767812243316,74631200.0,74631200.0
2024-07-12,4116000.0,3.0,3.0,3.0,30.0,2024,7,12,4,3,28,0,0,0,4939200.0,13708800.0,8691200.0,8741600.0,5406400.0,1133124.435649764,6717946.666666667,3187032.1842216067,6769280.0,3266847.021837716,-69.97548509165755,-52.64174652041761,1029000.0,1512000.0,36.73468495270045,78747200.0,78747200.0
2024-07-13,4614400.0,3.0,3.0,3.0,31.0,2024,7,13,5,3,28,1,0,0,4116000.0,5314400.0,7677600.0,8086400.0,5306400.0,1172790.5411168966,6615840.0,3204249.608599004,6730702.222222222,3271615.2815287057,-13.171757268599038,-39.89787955899245,1153600.0,2867200.0,62.135908864444154,83361600.0,83361600.0
2024-07-14,5633600.0,4.0,4.0,3.0,38.0,2024,7,14,6,3,28,1,0,0,4614400.0,6356000.0,5062400.0,8316000.0,5203200.0,1094187.2112820835,6634880.0,3196388.0208113315,6700897.777777778,3269228.40736857,-11.365636978345346,11.28318361188693,1126720.0,4659200.0,82.70376265553773,88995200.0,88995200.0
2024-07-15,8831200.0,7.0,7.0,6.0,70.0,2024,7,15,0,3,29,0,0,0,5633600.0,4300800.0,13563200.0,3612000.0,5850400.0,1663302.802658994,6477146.666666667,2949960.8670383133,6758888.888888889,3260098.0040567797,105.33851717389389,-34.88851931044891,1103900.0,4580800.0,51.87063458299727,97826400.0,97826400.0
2024-07-16,1148000.0,2.0,2.0,2.0,9.0,2024,7,16,1,3,29,0,0,0,8831200.0,5493600.0,6675200.0,11121600.0,5229600.0,2445641.30376198,6292906.666666667,3105656.9749669516,6648071.111111111,3279587.6082641426,-79.10294176806798,-82.8020010183963,382666.6666666667,0.0,0.0,98974400.0,98974400.0
2024-07-17,8125600.0,5.0,5.0,5.0,55.0,2024,7,17,2,3,29,0,0,0,1148000.0,7324800.0,4872000.0,4166400.0,5344000.0,2575276.999987884,6401360.0,3111131.169559853,6692062.222222222,3272471.276689701,10.932720219975941,66.78159548817827,1354266.6666666667,3584000.0,44.10750663243248,107100000.0,107100000.0
2024-07-18,5891200.0,5.0,5.0,4.0,51.0,2024,7,18,3,3,29,0,0,0,8125600.0,4939200.0,5527200.0,4872000.0,5480000.0,2575474.1492263637,6413493.333333333,3108312.9278107383,6703386.666666667,3267862.3855062826,19.274372514906762,6.585611777100199,981866.6666666666,3964800.0,67.30036880425571,112991200.0,112991200.0
2024-07-19,3309600.0,3.0,3.0,3.0,28.0,2024,7,19,4,3,29,0,0,0,5891200.0,4116000.0,3628800.0,6132000.0,5364800.0,2663194.99348682,6402853.333333333,3118702.808555492,6672026.666666667,3286894.442089413,-19.591831974773573,-8.796293872273514,827400.0,1344000.0,40.60912478573701,116300800.0,116300800.0
2024-07-20,5208000.0,5.0,5.0,5.0,61.0,2024,7,20,5,3,29,1,0,0,3309600.0,4614400.0,8965600.0,4099200.0,5449600.0,2644705.221128925,6277600.0,3087529.204776011,6684346.666666667,3279211.603905896,12.864074882091955,-41.91130075942483,868000.0,0.0,0.0,121508800.0,121508800.0
2024-07-21,8853600.0,6.0,6.0,6.0,70.0,2024,7,21,6,3,29,1,0,0,5208000.0,5633600.0,8708000.0,7571200.0,5909600.0,2945022.7571276813,6282453.333333333,3091593.085118735,6698595.555555556,3285887.8309724606,57.15704750833437,1.672025531462387,1264800.0,2240000.0,25.30043990010392,130362400.0,130362400.0
2024-07-22,4424000.0,5.0,5.0,5.0,37.0,2024,7,22,0,3,30,0,0,0,8853600.0,8831200.0,985600.0,8254400.0,5280000.0,2675052.7072688863,6397066.666666667,2948895.721935677,6656035.555555556,3290313.4514904115,-49.904877037675845,348.8632824033255,737333.3333333334,0.0,0.0,134786400.0,134786400.0
2024-07-23,7560000.0,5.0,5.0,5.0,61.0,2024,7,23,1,3,30,0,0,0,4424000.0,1148000.0,12852000.0,4760000.0,6196000.0,2048862.526704333,6220666.666666667,2696973.6179821836,6687146.666666667,3285418.1783392304,558.5360988361509,-41.1764673843396,1260000.0,0.0,0.0,142346400.0,142346400.0
2024-07-24,4390400.0,3.0,2.0,3.0,41.0,2024,7,24,2,3,30,0,0,0,7560000.0,8125600.0,8254400.0,5908000.0,5662400.0,1946396.6022713005,6091866.666666667,2688753.433680074,6670284.444444444,3293346.9666399746,-45.968292068488225,-46.81139188658269,1097600.0,0.0,0.0,146736800.0,146736800.0
2024-07-25,15372000.0,12.0,12.0,9.0,95.0,2024,7,25,3,3,30,0,0,1,4390400.0,5891200.0,5555200.0,8635200.0,7016800.0,4165612.11188303,6419093.333333333,3174646.331747542,6745137.777777778,3412897.935198907,160.931531618086,176.71367786692147,1182461.5384615385,2184000.0,14.207649348968948,162108800.0,162108800.0
2024-07-26,10992800.0,6.0,6.0,4.0,71.0,2024,7,26,4,3,30,0,0,1,15372000.0,3309600.0,9133600.0,0.0,8114400.0,4036213.3541228874,6481066.666666667,3246791.6579117025,6867280.0,3365161.401248015,232.14883002512994,20.355607826529756,1570400.0,4883200.0,44.42179932121031,173101600.0,173101600.0
2024-07-27,5336800.0,2.0,2.0,2.0,37.0,2024,7,27,5,3,30,1,0,1,10992800.0,5208000.0,1282400.0,5577600.0,8132800.0,4021020.606761414,6616213.333333333,3104186.819357243,6864604.444444444,3366293.851257462,2.473117804700882,316.1569587048045,1778933.3333333333,3528000.0,66.10701804320604,178438400.0,178438400.0
2024-07-28,16284800.0,7.0,7.0,5.0,100.0,2024,7,28,6,3,30,1,0,1,5336800.0,8853600.0,5773600.0,3360000.0,9194400.0,5083604.852202152,6966586.666666667,3564828.3084577294,7008213.333333333,3488575.0413522897,83.93420936859476,182.05622452954404,2035600.0,13227200.0,81.22420409067325,194723200.0,194723200.0
2024-07-29,6669600.0,4.0,4.0,4.0,37.0,2024,7,29,0,3,31,0,0,1,16284800.0,4424000.0,3326400.0,5023200.0,9515200.0,4795062.393754635,7078026.666666667,3498751.9996602256,7026506.666666667,3482360.252833833,50.75948219722374,100.50502029069857,1333920.0,3225600.0,48.36271315180623,201392800.0,201392800.0
2024-07-30,8226400.0,5.0,5.0,5.0,56.0,2024,7,30,1,3,31,0,0,1,6669600.0,7560000.0,10948000.0,5656000.0,9610400.0,4756232.705268593,6987306.666666667,3429546.392337533,7055066.666666667,3481534.234445791,8.814813648834173,-24.859332767689736,1371066.6666666667,2352000.0,28.590874672897666,209619200.0,209619200.0
2024-07-31,6524000.0,3.0,3.0,3.0,41.0,2024,7,31,2,3,31,0,0,1,8226400.0,4390400.0,7767200.0,13647200.0,9915200.0,4422624.427493996,6945866.666666667,3427308.0142245456,6975920.0,3410226.2076343293,48.596927706603566,-16.0057657835815,1631000.0,4592000.0,70.38625530560158,216143200.0,216143200.0
2024-08-01,6227200.0,5.0,5.0,4.0,43.0,2024,8,1,3,3,31,0,1,0,6524000.0,15372000.0,4093600.0,7487200.0,8608800.0,3856499.9675871814,7016986.666666667,3387991.376829529,6961920.0,3410689.9734659535,-59.48997791504177,52.120370304775676,1037866.6666666666,0.0,0.0,6227200.0,222370400.0
2024-08-02,3836000.0,4.0,4.0,3.0,39.0,2024,8,2,4,3,31,0,1,0,6227200.0,10992800.0,8758400.0,1982400.0,7586400.0,4062318.7861121795,6852906.666666667,3419793.147095233,6982515.555555556,3385788.745107548,-65.1044260693885,-56.20203961887563,767200.0,0.0,0.0,10063200.0,226206400.0
2024-08-03,12521600.0,8.0,7.0,7.0,110.0,2024,8,3,5,3,31,1,1,0,3836000.0,5336800.0,6574400.0,4642400.0,8612800.0,4299915.186760463,7051146.666666667,3572076.162038302,7070062.222222222,3426225.4281678963,134.62746690386246,90.45995216902651,1391288.888888889,5600000.0,44.72271556967835,22584800.0,238728000.0
2024-08-04,10505600.0,7.0,7.0,7.0,60.0,2024,8,4,6,3,31,1,1,0,12521600.0,16284800.0,13708800.0,5096000.0,7787200.0,2912256.3989685494,6944373.333333333,3410425.1868537473,7130168.888888889,3438633.2633649902,-35.48830593631448,-23.36601136744198,1313200.0,3920000.0,37.31342928405524,33090400.0,249233600.0
2024-08-05,4256000.0,2.0,2.0,2.0,28.0,2024,8,5,0,3,32,0,1,0,10505600.0,6669600.0,5314400.0,11155200.0,7442400.0,3195714.7974540214,6909093.333333333,3433266.246486624,7053511.111111111,3424768.9663550924,-36.18807182018834,-19.91569699012175,1418666.6666666667,2016000.0,47.368409922836015,37346400.0,253489600.0
2024-08-06,8276800.0,5.0,5.0,4.0,58.0,2024,8,6,1,3,32,0,0,0,4256000.0,8226400.0,6356000.0,0.0,7449600.0,3197831.6320073195,6973120.0,3440498.7776333443,7145475.555555556,3343395.3432392003,0.6126616001335213,30.220259562577162,1379466.6666666667,3920000.0,47.36129333059959,45623200.0,261766400.0
2024-08-07,12437600.0,10.0,9.0,7.0,113.0,2024,8,7,2,3,32,0,0,0,8276800.0,6524000.0,4300800.0,14459200.0,8294400.0,3660245.0336919515,7244346.666666667,3541800.894317536,7123013.333333333,3300218.977658065,90.64376293014057,189.1926643432235,1130690.9090909092,5880000.0,47.27599799993584,58060800.0,274204000.0
2024-08-08,4648000.0,3.0,3.0,3.0,30.0,2024,8,8,3,3,32,0,0,0,12437600.0,6227200.0,5493600.0,10208800.0,8068800.0,3852510.2604232733,7216160.0,3559534.6516470173,7061226.666666667,3293846.2543273224,-25.35970815780637,-15.39245387497199,1162000.0,4060000.0,87.34937879746583,62708800.0,278852000.0
2024-08-09,4883200.0,3.0,3.0,2.0,41.0,2024,8,9,4,3,32,0,0,0,4648000.0,3836000.0,7324800.0,4726400.0,8218400.0,3677086.759922851,7134773.333333333,3584788.298364625,7062968.888888889,3292638.65962263,27.299262956396518,-33.33332878258399,1220800.0,0.0,0.0,67592000.0,283735200.0
2024-08-10,10640000.0,7.0,7.0,5.0,77.0,2024,8,10,5,3,32,1,0,0,4883200.0,12521600.0,4939200.0,8394400.0,7949600.0,3365675.8726888616,7324800.0,3615356.494464821,7087920.0,3311296.945517469,-15.026832431411927,115.4194777657358,1330000.0,2688000.0,25.26315552038012,78232000.0,294375200.0
2024-08-11,5544000.0,3.0,3.0,3.0,21.0,2024,8,11,6,3,32,1,0,0,10640000.0,10505600.0,4116000.0,11032000.0,7240800.0,3258415.713195591,7372400.0,3580888.703409657,7026942.222222222,3288301.4637004994,-47.228140493818486,34.69386912199487,1386000.0,5544000.0,99.99998196248522,83776000.0,299919200.0
2024-08-12,5376000.0,4.0,4.0,4.0,44.0,2024,8,12,0,3,33,0,0,0,5544000.0,4256000.0,4614400.0,7784000.0,7400800.0,3111614.95475687,7397786.666666667,3563318.23152612,7000186.666666667,3291866.9036400854,26.315783290464452,16.50485079211798,1075200.0,0.0,0.0,89152000.0,305295200.0
2024-08-13,8366400.0,8.0,8.0,7.0,72.0,2024,8,13,1,3,33,0,0,0,5376000.0,8276800.0,5633600.0,7772800.0,7413600.0,3116000.273855347,7488880.0,3551574.6147890226,7006782.222222222,3294026.255824699,1.0825438475565619,48.50893771142117,929600.0,3360000.0,40.1606377700519,97518400.0,313661600.0
2024-08-14,7201600.0,6.0,6.0,6.0,63.0,2024,8,14,2,3,33,0,0,0,8366400.0,12437600.0,8831200.0,4793600.0,6665600.0,2203958.039527961,7434560.0,3542787.5836934415,7033537.777777778,3285616.5083101927,-42.09815059994287,-18.452756312533257,1028800.0,840000.0,11.66407303042754,104720000.0,320863200.0
2024-08-15,10309600.0,4.0,4.0,4.0,64.0,2024,8,15,3,3,33,0,0,0,7201600.0,4648000.0,1148000.0,9643200.0,7474400.0,2372534.172567369,7739946.666666667,3372997.0297310855,7040942.222222222,3292307.7903329763,121.80720270929373,798.0480853239675,2061920.0,6244000.0,60.56490450018386,115029600.0,331172800.0
2024-08-16,2744000.0,3.0,3.0,3.0,15.0,2024,8,16,4,3,33,0,0,0,10309600.0,4883200.0,8125600.0,7240800.0,7168800.0,2851377.9592797933,7560560.0,3492758.652984773,6990977.777777778,3323217.5274546184,-43.80733047851194,-66.2301779277619,686000.0,2548000.0,92.85710901708855,117773600.0,333916800.0
2024-08-17,3561600.0,3.0,3.0,3.0,31.0,2024,8,17,5,3,33,1,0,0,2744000.0,10640000.0,5891200.0,10253600.0,6157600.0,2664179.7336766277,7482906.666666667,3556468.338785207,6916622.222222222,3324262.682794456,-66.52630953700098,-39.543719523404484,890400.0,0.0,0.0,121335200.0,337478400.0
2024-08-18,5796000.0,5.0,5.0,5.0,57.0,2024,8,18,6,3,33,1,0,0,3561600.0,5544000.0,3309600.0,5252800.0,6193600.0,2656197.141277971,7565786.666666667,3484095.0788456947,6922657.777777778,3321700.0241002245,4.545453725567509,75.12688085361347,966000.0,1512000.0,26.086952020884745,127131200.0,343274400.0
2024-08-19,7901600.0,5.0,5.0,5.0,62.0,2024,8,19,0,3,34,0,0,0,5796000.0,5376000.0,5208000.0,4597600.0,6554400.0,2697834.232614487,7655573.333333333,3455831.654477973,6959368.888888889,3313963.7222335003,46.97915792798402,51.72042017657063,1316933.3333333333,4491200.0,56.83911399727726,135032800.0,351176000.0
2024-08-20,10360000.0,5.0,5.0,5.0,65.0,2024,8,20,1,3,34,0,0,0,7901600.0,8366400.0,8853600.0,12336800.0,6839200.0,3008358.560189692,7705786.666666667,3484663.0205390956,6937404.444444444,3284341.042519123,23.828645076897462,17.014545832819888,1726666.6666666667,5376000.0,51.8918868830225,145392800.0,361536000.0
2024-08-21,8982400.0,8.0,8.0,7.0,61.0,2024,8,21,2,3,34,0,0,0,10360000.0,7201600.0,4424000.0,9570400.0,7093600.0,3117431.216028125,7857733.333333333,3435666.872106778,6930871.111111111,3279625.991051204,24.727834824506385,103.03795139286814,998044.4444444445,3768800.0,41.95760131394713,154375200.0,370518400.0
2024-08-22,4356800.0,3.0,3.0,3.0,33.0,2024,8,22,3,3,34,0,0,0,8982400.0,10309600.0,7560000.0,7470400.0,6243200.0,2898143.7001409363,7750960.0,3494509.3462113724,6896275.555555556,3290275.5681973994,-57.74035290017528,-42.37036476582476,1089200.0,0.0,0.0,158732000.0,374875200.0
2024-08-23,8153600.0,5.0,5.0,4.0,65.0,2024,8,23,4,3,34,0,0,0,4356800.0,2744000.0,4390400.0,1344000.0,7016000.0,2504000.468583542,7876400.0,3436783.6367041287,6971937.777777778,3239059.643763949,197.14278529781876,85.71426619117479,1358933.3333333333,5264000.0,64.56043164241174,166885600.0,383028800.0
2024-08-24,2755200.0,2.0,2.0,2.0,17.0,2024,8,24,5,3,34,1,0,0,8153600.0,3561600.0,15372000.0,11586400.0,6900800.0,2700270.0506924484,7455840.0,3255073.0691094142,6873813.333333333,3231455.6773807793,-22.641503076846618,-82.07649739288983,918400.0,2329600.0,84.55281484000623,169640800.0,385784000.0
2024-08-25,8159200.0,5.0,5.0,5.0,53.0,2024,8,25,6,3,34,1,0,1,2755200.0,5796000.0,10992800.0,10124800.0,7238400.0,2686817.2397838915,7361386.666666667,3189349.226424092,6851973.333333333,3215841.392365923,40.77293982523467,-25.776869789601392,1359866.6666666667,3225600.0,39.533282731973394,177800000.0,393943200.0
2024-08-26,3981600.0,4.0,4.0,4.0,36.0,2024,8,26,0,3,35,0,0,1,8159200.0,7901600.0,5336800.0,4849600.0,6678400.0,2923628.8318913872,7316213.333333333,3228372.5695916745,6842328.888888889,3223207.2176514133,-49.61019924949387,-25.393489470564855,796320.0,537600.0,13.502106313515593,181781600.0,397924800.0
2024-08-27,3774400.0,4.0,4.0,4.0,36.0,2024,8,27,1,3,35,0,0,1,3981600.0,10360000.0,16284800.0,2889600.0,5737600.0,2580986.1887787385,6899200.0,2810946.492210221,6852160.0,3212346.595429672,-63.56756143170257,-76.82255374198309,754880.0,1176000.0,31.157261774782274,185556000.0,401699200.0
2024-08-28,7380800.0,3.0,3.0,2.0,44.0,2024,8,28,2,3,35,0,0,1,3774400.0,8982400.0,6669600.0,3539200.0,5508800.0,2301226.8959549814,6922906.666666667,2811942.1898866184,6894844.444444444,3193296.995625716,-17.830421955109777,10.663306545623943,1845200.0,4508000.0,61.077381709654546,192936800.0,409080000.0
2024-08-29,8752800.0,8.0,8.0,7.0,67.0,2024,8,29,3,3,35,0,0,1,7380800.0,4356800.0,8226400.0,6305600.0,6136800.0,2523542.99084969,6940453.333333333,2821980.996995246,6922035.555555556,3198637.7283733385,100.89971977145618,6.398910045839,972533.3333333334,3136000.0,35.82853077546262,201689600.0,417832800.0
2024-08-30,9990400.0,6.0,6.0,5.0,77.0,2024,8,30,4,3,35,0,0,1,8752800.0,8153600.0,6524000.0,1355200.0,6399200.0,2843424.864489992,7056000.0,2874812.953435643,7017982.222222222,3159044.2638958856,22.527469764586225,53.133039066057776,1427200.0,358400.0,3.5874435870992567,211680000.0,427823200.0
2024-08-31,6272000.0,3.0,3.0,3.0,30.0,2024,8,31,5,3,35,1,0,1,9990400.0,2755200.0,6227200.0,5762400.0,6901600.0,2362237.402689788,7057493.333333333,2874379.1872972855,7023644.444444444,3157224.66687179,127.64223009500941,0.7194243449023084,1568000.0,3360000.0,53.57142003006696,217952000.0,434095200.0
2024-09-01,8372000.0,6.0,6.0,6.0,47.0,2024,9,1,6,3,35,1,1,0,6272000.0,8159200.0,3836000.0,12549600.0,6932000.0,2382402.2386378413,7208693.333333333,2817823.0833250573,6977226.666666667,3105352.3550024345,2.608098513567689,118.24814435658384,1196000.0,4704000.0,56.18728425856614,8372000.0,442467200.0
2024-09-02,2867200.0,1.0,1.0,1.0,16.0,2024,9,2,0,3,36,0,1,0,8372000.0,3981600.0,12521600.0,6955200.0,6772800.0,2636138.8734283196,6886880.0,2740364.646060683,6931804.444444444,3135430.237879533,-27.988741212391698,-77.10196164212547,1433600.0,2867200.0,99.99996512278003,11239200.0,445334400.0
2024-09-03,3287200.0,2.0,2.0,2.0,24.0,2024,9,3,1,3,36,0,1,0,2867200.0,3774400.0,10505600.0,4956000.0,6703200.0,2733144.2406137167,6646266.666666667,2728546.8646595846,6913262.222222222,3152135.930401068,-12.908008449552657,-68.71001478163886,1095733.3333333333,0.0,0.0,14526400.0,448621600.0
2024-09-04,8881600.0,7.0,7.0,7.0,92.0,2024,9,4,2,3,36,0,1,0,3287200.0,7380800.0,4256000.0,6417600.0,6917600.0,2851460.9682289646,6800453.333333333,2719496.6973159984,6940640.0,3158476.6203153566,20.333836395263873,108.68418498961819,1110200.0,0.0,0.0,23408000.0,457503200.0
2024-09-05,5728800.0,5.0,5.0,5.0,46.0,2024,9,5,3,3,36,0,1,0,8881600.0,8752800.0,8276800.0,7072800.0,6485600.0,2754508.3142610523,6715520.0,2711575.6811784906,6925706.666666667,3161020.9477461474,-34.54894039062467,-30.784840664889735,954800.0,0.0,0.0,29136800.0,463232000.0
2024-09-06,8825600.0,4.0,4.0,4.0,50.0,2024,9,6,4,3,36,0,0,0,5728800.0,9990400.0,12437600.0,9822400.0,6319200.0,2533839.3319229875,6595120.0,2522327.8168089585,6914631.111111111,3152492.2863031817,-11.659191658072583,-29.040970199960586,1765120.0,6944000.0,78.68019413068866,37962400.0,472057600.0
2024-09-07,7845600.0,4.0,4.0,4.0,47.0,2024,9,7,5,3,36,1,0,0,8825600.0,6272000.0,4648000.0,11513600.0,6544000.0,2597947.0869643586,6701706.666666667,2504709.999447702,6873875.555555556,3115865.841045763,25.08928171408136,68.7951659218662,1569120.0,0.0,0.0,45808000.0,479903200.0
2024-09-08,7392000.0,7.0,7.0,7.0,65.0,2024,9,8,6,3,36,1,0,0,7845600.0,8372000.0,4883200.0,4687200.0,6404000.0,2507864.1111511467,6785333.333333333,2483693.919358311,6903928.888888889,3107571.0181167647,-11.705684220534613,51.37613626799307,924000.0,2777600.0,37.575752492457724,53200000.0,487295200.0
2024-09-09,4760000.0,4.0,4.0,4.0,35.0,2024,9,9,0,3,37,0,0,0,7392000.0,2867200.0,10640000.0,2576000.0,6674400.0,2137688.121936078,6589333.333333333,2399600.319210262,6928195.555555556,3081815.5555098257,66.01560197558524,-55.26315270083151,952000.0,3046400.0,63.99998655462468,57960000.0,492055200.0
2024-09-10,5572000.0,4.0,4.0,4.0,42.0,2024,9,10,1,3,37,0,0,0,4760000.0,3287200.0,5544000.0,8691200.0,7000800.0,1654018.6536634334,6590266.666666667,2399185.122197677,6893537.777777778,3079304.2966862787,69.50594137687351,0.5050504139519455,1114400.0,1344000.0,24.12059868618114,63532000.0,497627200.0
2024-09-11,5980800.0,4.0,4.0,3.0,56.0,2024,9,11,2,3,37,0,0,0,5572000.0,8881600.0,5376000.0,7677600.0,6586400.0,1455768.1866743977,6610426.666666667,2391157.5726403673,6874684.444444444,3079644.2539304127,-32.66077816375674,11.24999790736646,1196160.0,0.0,0.0,69512800.0,503608000.0
2024-09-12,0.0,0.0,0.0,0.0,0.0,2024,9,12,3,3,37,0,0,0,5980800.0,5728800.0,8366400.0,5062400.0,5768000.0,2906094.267798838,6331546.666666667,2652861.034057937,6818435.555555556,3158343.2116090814,-99.99998254434043,-99.99998804742923,0.0,0.0,0.0,69512800.0,503608000.0
2024-09-13,2956800.0,2.0,2.0,2.0,25.0,2024,9,13,4,3,37,0,0,0,0.0,8825600.0,7201600.0,13563200.0,4929600.0,2717407.745137499,6190053.333333333,2717274.1772406413,6700586.666666667,3101208.831479993,-66.49745439432397,-58.94244904709384,985600.0,0.0,0.0,72469600.0,506564800.0
2024-09-14,6322400.0,5.0,5.0,4.0,51.0,2024,9,14,5,3,37,1,0,0,2956800.0,7845600.0,10309600.0,6675200.0,4712000.0,2497038.8009266634,6057146.666666667,2603980.475022576,6696666.666666667,3101464.2445504325,-19.41470130841474,-38.674629600117406,1053733.3333333333,179200.0,2.83436624788589,78792000.0,512887200.0
2024-09-15,6384000.0,5.0,5.0,4.0,45.0,2024,9,15,6,3,37,1,0,0,6322400.0,7392000.0,2744000.0,4872000.0,4568000.0,2340913.2349007023,6178480.0,2527974.2063284633,6713466.666666667,3095558.8182593845,-13.636361791617723,132.65301288155507,1064000.0,1344000.0,21.052628281229907,85176000.0,519271200.0
2024-09-16,9088800.0,7.0,7.0,5.0,66.0,2024,9,16,0,3,38,0,0,0,6384000.0,4760000.0,3561600.0,5527200.0,5186400.0,2904108.795023573,6362720.0,2532087.351328659,6753040.0,3102979.9863494863,90.94115736530307,155.1886356725529,1136100.0,3864000.0,42.51385853865653,94264800.0,528360000.0
2024-09-17,12723200.0,8.0,7.0,6.0,96.0,2024,9,17,1,3,38,0,0,0,9088800.0,5572000.0,5796000.0,3628800.0,6208000.0,4081504.7943946607,6593626.666666667,2782132.163614098,6854088.888888889,3147851.242592826,128.34168550938884,119.51688759197935,1413688.888888889,3892000.0,30.589786328141795,106988000.0,541083200.0
2024-09-18,10024000.0,8.0,7.0,8.0,84.0,2024,9,18,2,3,38,0,0,0,12723200.0,5980800.0,7901600.0,8965600.0,6785600.0,4322942.133933008,6664373.333333333,2842861.817803744,6865848.888888889,3157789.571702985,67.60298495134683,26.860379307940253,1113777.7777777778,1932000.0,19.27374109400029,117012000.0,551107200.0
2024-09-19,784000.0,1.0,1.0,1.0,6.0,2024,9,19,3,3,38,0,0,0,10024000.0,0.0,10360000.0,8708000.0,6897600.0,4123388.5612038313,6345173.333333333,2949216.792692394,6777804.444444444,3215784.829430224,78400000.0,-92.43242351038383,392000.0,0.0,0.0,117796000.0,551891200.0
2024-09-20,6266400.0,5.0,5.0,4.0,53.0,2024,9,20,4,3,38,0,0,0,784000.0,2956800.0,8982400.0,985600.0,7370400.0,3770891.3464413956,6254640.0,2906851.9720326834,6836480.0,3156543.520051259,111.93178032610243,-30.23690436443441,1044400.0,3136000.0,50.04467476626536,124062400.0,558157600.0
2024-09-21,10516800.0,7.0,7.0,6.0,72.0,2024,9,21,5,3,38,1,0,0,6266400.0,6322400.0,4356800.0,12852000.0,7969600.0,3907385.608477012,6459973.333333333,2984692.1004413073,6810533.333333333,3115876.2474163747,66.34188498957911,141.38814235490673,1314600.0,2856000.0,27.1565469385605,134579200.0,568674400.0
2024-09-22,7229600.0,4.0,4.0,4.0,50.0,2024,9,22,6,3,38,1,0,0,10516800.0,6384000.0,8153600.0,8254400.0,8090400.0,3863014.7536175163,6429173.333333333,2971350.0694341618,6799146.666666667,3112411.0800962145,13.245611960273814,-11.332416192550996,1445920.0,2016000.0,27.885356328793247,141808800.0,575904000.0
2024-09-23,358400.0,1.0,1.0,1.0,1.0,2024,9,23,0,3,39,0,0,0,7229600.0,9088800.0,2755200.0,5555200.0,6843200.0,4786017.211279813,6349280.0,3102854.282686534,6741404.444444444,3183150.659257374,-96.05667458226888,-86.99183834500641,179200.0,358400.0,99.99972098292137,142167200.0,576262400.0
2024-09-24,4424000.0,4.0,4.0,4.0,38.0,2024,9,24,1,3,39,0,0,0,358400.0,12723200.0,8159200.0,9133600.0,5657600.0,4059440.8810409596,6224773.333333333,3102664.4370475346,6689075.555555556,3182093.8592472007,-65.2288681126707,-45.77899233025391,884800.0,0.0,0.0,146591200.0,580686400.0
2024-09-25,7733600.0,5.0,5.0,5.0,60.0,2024,9,25,2,3,39,0,0,1,4424000.0,10024000.0,3981600.0,1282400.0,5330400.0,3727583.438815725,6349840.0,3084693.8753386345,6760755.555555556,3131187.2089238623,-22.84915973172788,94.23345031307758,1288933.3333333333,1344000.0,17.37870883175897,154324800.0,588420000.0
2024-09-26,588000.0,1.0,1.0,1.0,8.0,2024,9,26,3,3,39,0,0,1,7733600.0,784000.0,3774400.0,5773600.0,5302400.0,3767943.439065923,6243626.666666667,3227960.9431185513,6703137.777777778,3196584.0604324494,-24.99996811228557,-84.42134261833864,294000.0,0.0,0.0,154912800.0,589008000.0
2024-09-27,9032800.0,7.0,7.0,6.0,56.0,2024,9,27,4,3,39,0,0,1,588000.0,6266400.0,7380800.0,3326400.0,5697600.0,4022389.286647088,6298693.333333333,3261941.341882931,6766542.222222222,3185427.627722179,44.14655238309837,22.382394539562846,1129100.0,6070400.0,67.20396032194222,163945600.0,598040800.0
2024-09-28,13076000.0,7.0,7.0,7.0,83.0,2024,9,28,5,3,39,1,0,1,9032800.0,10516800.0,8752800.0,10948000.0,6063200.0,4607207.177166365,6442800.0,3463373.9897827106,6790186.666666667,3224472.483960794,24.33439598220029,49.3921888547449,1634500.0,7660800.0,58.58671928825946,177021600.0,611116800.0
2024-09-29,6266400.0,5.0,5.0,5.0,42.0,2024,9,29,6,3,39,1,0,1,13076000.0,7229600.0,9990400.0,7767200.0,5925600.0,4580873.512042575,6318666.666666667,3397956.7951357407,6773511.111111111,3223243.5334001,-13.323003579312328,-37.27578102220321,1044400.0,2688000.0,42.895435513941734,183288000.0,617383200.0
2024-09-30,3948000.0,5.0,5.0,5.0,36.0,2024,9,30,0,3,40,0,0,1,6266400.0,358400.0,6272000.0,4093600.0,6438400.0,4020423.937845353,6241200.0,3425437.556746929,6771893.333333333,3224639.9570052275,1001.5597054695718,-37.05356552079631,658000.0,448000.0,11.34751485625257,187236000.0,621331200.0
2024-10-01,12521600.0,7.0,7.0,6.0,79.0,2024,10,1,1,4,40,0,1,0,3948000.0,4424000.0,8372000.0,8758400.0,7595200.0,4482615.736375351,6379520.0,3594076.515832006,6813706.666666667,3274697.8931522523,183.03793330968958,49.565211470949414,1565200.0,8568000.0,68.42575482160788,12521600.0,12521600.0
2024-10-02,5264000.0,4.0,4.0,3.0,46.0,2024,10,2,2,4,40,0,1,0,12521600.0,7733600.0,2867200.0,6574400.0,7242400.0,4566310.090215067,6459413.333333333,3539533.861744615,6799146.666666667,3278684.5875349757,-31.933377478357105,83.59372084482392,1052800.0,1344000.0,25.531910043330157,17785600.0,17785600.0
2024-10-03,5292000.0,3.0,3.0,2.0,31.0,2024,10,3,3,4,40,0,1,0,5264000.0,588000.0,3287200.0,13708800.0,7914400.0,3684857.7503073215,6526240.0,3496237.58933849,6705626.666666667,3198438.534653296,799.9986394580961,60.98805640421745,1323000.0,4200000.0,79.36506436790167,23077600.0,23077600.0
2024-10-04,2811200.0,3.0,3.0,3.0,18.0,2024,10,4,4,4,40,0,1,0,5292000.0,9032800.0,8881600.0,5314400.0,7025600.0,4097379.9238049593,6323893.333333333,3530713.1125882003,6677813.333333333,3221473.3028102485,-68.8778597026548,-68.3480377017612,702800.0,896000.0,31.872498622474875,25888800.0,25888800.0
2024-10-05,4592000.0,4.0,4.0,3.0,41.0,2024,10,5,5,4,40,1,1,0,2811200.0,13076000.0,5728800.0,6356000.0,5813600.0,3156041.672728663,6286000.0,3543397.739750496,6658213.333333333,3228811.153642732,-64.88222201879611,-19.84359379912132,918400.0,0.0,0.0,30480800.0,30480800.0
2024-10-06,3460800.0,4.0,4.0,4.0,22.0,2024,10,6,6,4,40,1,0,0,4592000.0,6266400.0,8825600.0,4300800.0,5412800.0,3265214.3819357306,6107173.333333333,3546183.8463858254,6648880.0,3236906.077341164,-44.77211081767668,-60.78679514290302,692160.0,168000.0,4.8543675293667565,33941600.0,33941600.0
2024-10-07,8657600.0,4.0,4.0,4.0,64.0,2024,10,7,0,4,41,0,0,0,3460800.0,3948000.0,7845600.0,5493600.0,6085600.0,3395688.9060493456,6134240.0,3562969.2531699506,6684035.555555556,3241396.5239135,119.29074992635513,10.34974885926521,1731520.0,0.0,0.0,42599200.0,42599200.0
2024-10-08,3528000.0,3.0,3.0,3.0,31.0,2024,10,8,1,4,41,0,0,0,8657600.0,12521600.0,7392000.0,7324800.0,4800800.0,1947154.4776930092,6005440.0,3585702.40602196,6641848.888888889,3257630.2544773957,-71.82468120490343,-52.272720201201274,882000.0,0.0,0.0,46127200.0,46127200.0
2024-10-09,9643200.0,5.0,5.0,5.0,64.0,2024,10,9,2,4,41,0,0,0,3528000.0,5264000.0,4760000.0,4939200.0,5426400.0,2684620.375397597,6168213.333333333,3637675.995859242,6694115.555555556,3267726.1047570114,83.19147355785077,102.58821374197191,1607200.0,6260800.0,64.92449965524933,55770400.0,55770400.0
2024-10-10,7621600.0,5.0,4.0,5.0,50.0,2024,10,10,3,4,41,0,0,0,9643200.0,5292000.0,5572000.0,4116000.0,5759200.0,2806797.349293307,6236533.333333333,3645331.1976046623,6733066.666666667,3257527.181809047,44.02115570272946,36.78391299642624,1270266.6666666667,0.0,0.0,63392000.0,63392000.0
2024-10-11,4866400.0,4.0,4.0,4.0,36.0,2024,10,11,4,4,41,0,0,0,7621600.0,2811200.0,5980800.0,4614400.0,6052800.0,2542034.9223932,6199386.666666667,3653695.4190228367,6735866.666666667,3255793.4666572693,73.10754371530174,-18.632955686036034,973280.0,2867200.0,58.91828478582015,68258400.0,68258400.0
2024-10-12,7532000.0,4.0,4.0,4.0,52.0,2024,10,12,5,4,41,1,0,0,4866400.0,4592000.0,0.0,5633600.0,6472800.0,2503029.673548958,6450453.333333333,3467025.1849272028,6756960.0,3254721.3770808456,64.02437630131178,753200000.0,1506400.0,0.0,0.0,75790400.0,75790400.0
2024-10-13,5493600.0,4.0,4.0,3.0,55.0,2024,10,13,6,4,41,1,0,0,7532000.0,3460800.0,2956800.0,8831200.0,6763200.0,2194208.6196774,6535013.333333333,3409333.4783667927,6719875.555555556,3249832.55306967,58.73784710533775,85.79542552914451,1098720.0,0.0,0.0,81284000.0,81284000.0
2024-10-14,5465600.0,4.0,4.0,4.0,37.0,2024,10,14,0,4,42,0,0,0,5493600.0,8657600.0,6322400.0,1148000.0,6307200.0,2062634.690551529,6506453.333333333,3414760.3463880653,6767848.888888889,3198113.7606950654,-36.86933597424968,-13.551813622704412,1093120.0,840000.0,15.36884964709279,86749600.0,86749600.0
2024-10-15,2805600.0,3.0,3.0,3.0,31.0,2024,10,15,1,4,42,0,0,0,5465600.0,3528000.0,6384000.0,8125600.0,6204000.0,2235675.4922543215,6387173.333333333,3481040.012542158,6708737.777777778,3221813.5932023423,-20.476184672283257,-56.05262279877462,701400.0,0.0,0.0,89555200.0,89555200.0
2024-10-16,5006400.0,3.0,3.0,3.0,31.0,2024,10,16,2,4,42,0,0,0,2805600.0,9643200.0,9088800.0,5891200.0,5541600.0,1659528.1578408368,6251093.333333333,3451455.2795669446,6698906.666666667,3225683.8995018853,-48.08361870710773,-44.91681576040668,1251600.0,0.0,0.0,94561600.0,94561600.0
2024-10-17,1159200.0,1.0,1.0,1.0,10.0,2024,10,17,3,4,42,0,0,0,5006400.0,7621600.0,12723200.0,3309600.0,4618400.0,2059010.4548868292,5865626.666666667,3347904.33338099,6675013.333333333,3258864.883346682,-84.79058402558728,-90.88907736347166,579600.0,0.0,0.0,95720800.0,95720800.0
2024-10-18,2368800.0,4.0,3.0,4.0,21.0,2024,10,18,4,4,42,0,0,0,1159200.0,4866400.0,10024000.0,5208000.0,4261600.0,2219053.732262155,5610453.333333333,3311566.794479433,6643466.666666667,3286847.482198714,-51.32334963764803,-76.36870746521275,473760.0,716800.0,30.260034506908767,98089600.0,98089600.0
2024-10-19,2032800.0,3.0,3.0,3.0,19.0,2024,10,19,5,4,42,1,0,0,2368800.0,7532000.0,784000.0,8853600.0,3476000.0,1802639.6644920288,5652080.0,3256191.622591401,6567680.0,3313839.2804192402,-73.01114272289662,159.2855111154195,508200.0,0.0,0.0,100122400.0,100122400.0
2024-10-20,11116000.0,9.0,9.0,8.0,102.0,2024,10,20,6,4,42,1,0,0,2032800.0,5493600.0,6266400.0,4424000.0,4279200.0,3398039.560295505,5813733.333333333,3404732.0584570235,6642035.555555556,3340171.7351499605,102.34452775146939,77.39051490640321,1111600.0,4905600.0,44.130978397716945,111238400.0,111238400.0
2024-10-21,1444800.0,2.0,2.0,2.0,19.0,2024,10,21,0,4,43,0,0,0,11116000.0,5465600.0,10516800.0,7560000.0,3704800.0,3502303.2421536455,5511333.333333333,3375362.9736189987,6574088.888888889,3383209.688454885,-73.56556031075083,-86.26197262836864,481600.0,0.0,0.0,112683200.0,112683200.0
2024-10-22,4452000.0,5.0,5.0,5.0,41.0,2024,10,22,1,4,43,0,0,0,1444800.0,2805600.0,7229600.0,4390400.0,3940000.0,3487101.9944934123,5418746.666666667,3364683.512065844,6574773.333333333,3382769.153157015,58.682613814295046,-38.419824275226254,742000.0,358400.0,8.050312657162475,117135200.0,117135200.0
2024-10-23,7039200.0,5.0,5.0,5.0,52.0,2024,10,23,2,4,43,0,0,0,4452000.0,5006400.0,358400.0,15372000.0,4230400.0,3670531.0351500823,5641440.0,3236871.3606260777,6482186.666666667,3250741.150934982,40.60401873521518,1864.0572989472685,1173200.0,3404800.0,48.36912598461104,124174400.0,124174400.0
2024-10-24,9548000.0,6.0,6.0,5.0,73.0,2024,10,24,3,4,43,0,0,0,7039200.0,1159200.0,4424000.0,10992800.0,5428800.0,3864976.3017815864,5812240.0,3304889.907040038,6466133.333333333,3231727.700176789,723.6708732997988,115.82275862957536,1364000.0,3864000.0,40.46920397264307,133722400.0,133722400.0
2024-10-25,5387200.0,5.0,5.0,5.0,49.0,2024,10,25,4,4,43,0,0,1,9548000.0,2368800.0,7733600.0,5336800.0,5860000.0,3627782.7792376527,5734026.666666667,3285559.505276473,6466693.333333333,3231534.169233155,127.42311405643613,-30.3403291687792,897866.6666666666,537600.0,9.979208126817618,139109600.0,139109600.0
2024-10-26,1971200.0,2.0,2.0,2.0,15.0,2024,10,26,5,4,43,1,0,1,5387200.0,2032800.0,588000.0,16284800.0,5851200.0,3638672.1680671647,5780133.333333333,3219903.810657237,6307653.333333333,3092121.5065155914,-3.0303015395997934,235.23769517398782,657066.6666666666,0.0,0.0,141080800.0,141080800.0
2024-10-27,9284800.0,6.0,6.0,6.0,76.0,2024,10,27,6,4,43,1,0,1,1971200.0,11116000.0,9032800.0,6669600.0,5589600.0,3241194.7097739438,5788533.333333333,3228997.74749585,6336711.111111111,3107809.2586924564,-16.47355015531215,2.789832301187638,1326400.0,2688000.0,28.950539704620486,150365600.0,150365600.0
2024-10-28,11328800.0,8.0,8.0,6.0,90.0,2024,10,28,0,4,44,0,0,1,9284800.0,1444800.0,13076000.0,8226400.0,7001600.0,3287220.215724313,5730293.333333333,3106455.9834633647,6371182.222222222,3145975.957913595,684.1080536350681,-13.361883346445142,1258755.5555555555,2688000.0,23.727135819580557,161694400.0,161694400.0
2024-10-29,0.0,0.0,0.0,0.0,0.0,2024,10,29,1,4,44,0,0,1,11328800.0,4452000.0,6266400.0,6524000.0,6365600.0,4173834.58544617,5521413.333333333,3275256.874551793,6298693.333333333,3216780.707854833,-99.99997753819014,-99.99998404187667,0.0,0.0,0.0,161694400.0,161694400.0
2024-10-30,0.0,0.0,0.0,0.0,0.0,2024,10,30,2,4,44,0,0,1,0.0,7039200.0,3948000.0,6227200.0,5360000.0,4787377.113479426,5389813.333333333,3416908.963672125,6229502.222222222,3284592.756758117,-99.99998579384223,-99.99997467072576,0.0,0.0,0.0,161694400.0,161694400.0
2024-10-31,0.0,0.0,0.0,0.0,0.0,2024,10,31,3,4,44,0,0,1,0.0,9548000.0,12521600.0,3836000.0,3996000.0,4755359.463454535,4972426.666666667,3277636.3273610286,6186880.0,3340415.197607113,-99.99998952660353,-99.99999201380079,0.0,0.0,0.0,161694400.0,161694400.0
2024-11-01,778400.0,2.0,2.0,2.0,7.0,2024,11,1,4,4,44,0,1,0,0.0,5387200.0,5264000.0,12521600.0,3337600.0,4848775.449533617,4822906.666666667,3365024.2336508334,6056400.0,3319479.423651398,-85.5509196705302,-85.2127497696144,259466.66666666666,358400.0,46.043106316667114,778400.0,162472800.0
2024-11-02,1596000.0,1.0,1.0,1.0,20.0,2024,11,2,5,4,44,1,1,0,778400.0,1971200.0,5292000.0,10505600.0,3284000.0,4868431.4900523415,4699706.666666667,3414551.950103252,5957404.444444444,3318155.3035394633,-19.03408125300261,-69.84125664375347,798000.0,0.0,0.0,2374400.0,164068800.0
2024-11-03,0.0,0.0,0.0,0.0,0.0,2024,11,3,6,4,44,1,1,0,1596000.0,9284800.0,2811200.0,4256000.0,1957600.0,4176710.1822686475,4606000.0,3505528.356654705,5910115.555555556,3372556.777173811,-99.99998922970993,-99.99996442801493,0.0,0.0,0.0,2374400.0,164068800.0
2024-11-04,2800000.0,1.0,1.0,1.0,19.0,2024,11,4,0,4,45,0,1,0,0.0,11328800.0,4592000.0,8276800.0,739200.0,1093023.7935805728,4546266.666666667,3521008.5770330243,5849262.222222222,3378778.338047349,-75.2842246942108,-39.02438174556146,1400000.0,0.0,0.0,5174400.0,166868800.0
2024-11-05,1478400.0,1.0,1.0,1.0,11.0,2024,11,5,1,4,45,0,1,0,2800000.0,0.0,3460800.0,12437600.0,950400.0,1068953.3822076933,4480186.666666667,3560463.5091257407,5727493.333333333,3335879.993422565,147840000.0,-57.28153684652773,739200.0,0.0,0.0,6652800.0,168347200.0
2024-11-06,2464000.0,1.0,1.0,1.0,12.0,2024,11,6,2,4,45,0,0,0,1478400.0,0.0,8657600.0,4648000.0,1302400.0,1108780.4712084655,4273733.333333333,3488728.88988616,5703226.666666667,3351726.988855194,246400000.0,-71.53944839915815,1232000.0,2464000.0,99.9999594156009,9116800.0,170811200.0
2024-11-07,3768800.0,3.0,3.0,3.0,32.0,2024,11,7,3,4,45,0,0,0,2464000.0,0.0,3528000.0,4883200.0,1840800.0,1273716.7450679918,4281760.0,3487230.67377795,5690844.444444444,3356844.98231687,376880000.0,6.8253948907610855,942200.0,0.0,0.0,12885600.0,174580000.0
2024-11-08,4015200.0,3.0,3.0,2.0,32.0,2024,11,8,4,4,45,0,0,0,3768800.0,778400.0,9643200.0,10640000.0,2303200.0,1404561.1034530562,4094160.0,3337006.4943257584,5617235.555555556,3319527.400311422,415.8268039223999,-58.36236328580105,1003800.0,0.0,0.0,16900800.0,178595200.0
2024-11-09,0.0,0.0,0.0,0.0,0.0,2024,11,9,5,4,45,1,0,0,4015200.0,1596000.0,7621600.0,5544000.0,2075200.0,1647091.4647745786,3840106.6666666665,3349296.2627716223,5555635.555555556,3371927.721589025,-99.99993734339765,-99.99998687939713,0.0,0.0,0.0,16900800.0,178595200.0
2024-11-10,812000.0,2.0,2.0,2.0,5.0,2024,11,10,6,4,45,1,0,0,0.0,0.0,4866400.0,5376000.0,2191200.0,1498470.8294346607,3704960.0,3388031.630516334,5504924.444444444,3408777.7598795975,81200000.0,-83.31413707994881,270666.6666666667,0.0,0.0,17712800.0,179407200.0
2024-11-11,0.0,0.0,0.0,0.0,0.0,2024,11,11,0,4,46,0,0,0,812000.0,2800000.0,7532000.0,8366400.0,1791200.0,1672483.6302138406,3453893.3333333335,3373698.731816064,5411964.444444444,3443765.8507332834,-99.99996428572703,-99.99998672331563,0.0,0.0,0.0,17712800.0,179407200.0
2024-11-12,0.0,0.0,0.0,0.0,0.0,2024,11,12,1,4,46,0,0,0,0.0,1478400.0,5493600.0,7201600.0,1580000.0,1806540.1776139017,3270773.3333333335,3408085.9159209426,5331946.666666667,3485133.5563272587,-99.99993235935311,-99.99998179700346,0.0,0.0,0.0,17712800.0,179407200.0
2024-11-13,0.0,0.0,0.0,0.0,0.0,2024,11,13,2,4,46,0,0,0,0.0,2464000.0,5465600.0,10309600.0,1228000.0,1845225.3918333664,3088586.6666666665,3432709.6633591624,5217395.555555556,3489115.5345536005,-99.9999594156009,-99.99998170375042,0.0,0.0,0.0,17712800.0,179407200.0
2024-11-14,0.0,0.0,0.0,0.0,0.0,2024,11,14,3,4,46,0,0,0,0.0,3768800.0,2805600.0,2744000.0,689600.0,1497349.765418866,2995066.6666666665,3478596.029646313,5186906.666666667,3522797.9675507736,-99.99997346636238,-99.999964357013,0.0,0.0,0.0,17712800.0,179407200.0
2024-11-15,0.0,0.0,0.0,0.0,0.0,2024,11,15,4,4,46,0,0,0,0.0,4015200.0,5006400.0,3561600.0,116000.0,306907.1520833835,2828186.6666666665,3498806.5665539075,5147333.333333333,3561057.830969009,-99.99997509464656,-99.99998002557126,0.0,0.0,0.0,17712800.0,179407200.0
2024-11-16,0.0,0.0,0.0,0.0,0.0,2024,11,16,5,4,46,1,0,0,0.0,0.0,1159200.0,5796000.0,116000.0,306907.1520833835,2789546.6666666665,3524182.9875122947,5082933.333333333,3601375.8848903496,0.0,-99.99991373368381,0.0,0.0,0.0,17712800.0,179407200.0
2024-11-17,0.0,0.0,0.0,0.0,0.0,2024,11,17,6,4,46,1,0,0,0.0,812000.0,2368800.0,7901600.0,0.0,0.0,2710586.6666666665,3560286.740460474,4995137.777777778,3628104.156631378,-99.99987684744231,-99.99995778455008,0.0,0.0,0.0,17712800.0,179407200.0
2024-11-18,0.0,0.0,0.0,0.0,0.0,2024,11,18,0,4,47,0,0,0,0.0,0.0,2032800.0,10360000.0,0.0,0.0,2642826.6666666665,3592826.911858478,4880026.666666667,3620318.0431645797,0.0,-99.9999508067932,0.0,0.0,0.0,17712800.0,179407200.0
2024-11-19,0.0,0.0,0.0,0.0,0.0,2024,11,19,1,4,47,0,0,0,0.0,0.0,11116000.0,8982400.0,0.0,0.0,2272293.3333333335,3245234.0081325457,4780222.222222222,3629754.152004664,0.0,-99.99999100395907,0.0,0.0,0.0,17712800.0,179407200.0
2024-11-20,0.0,0.0,0.0,0.0,0.0,2024,11,20,2,4,47,0,0,0,0.0,0.0,1444800.0,4356800.0,0.0,0.0,2224133.3333333335,3268574.2935786964,4731813.333333333,3664352.3937304793,0.0,-99.9999307863159,0.0,0.0,0.0,17712800.0,179407200.0
2024-11-21,0.0,0.0,0.0,0.0,0.0,2024,11,21,3,4,47,0,0,0,0.0,0.0,4452000.0,8153600.0,0.0,0.0,2075733.3333333333,3264999.6666138107,4641217.777777778,3679564.4846888967,0.0,-99.99997753819014,0.0,0.0,0.0,17712800.0,179407200.0
2024-11-22,0.0,0.0,0.0,0.0,0.0,2024,11,22,4,4,47,0,0,0,0.0,0.0,7039200.0,2755200.0,0.0,0.0,1841093.3333333333,3146796.1347610215,4610604.444444444,3706792.7784005664,0.0,-99.99998579384223,0.0,0.0,0.0,17712800.0,179407200.0
2024-11-23,0.0,0.0,0.0,0.0,0.0,2024,11,23,5,4,47,1,0,0,0.0,0.0,9548000.0,8159200.0,0.0,0.0,1522826.6666666667,2804687.3060612967,4519946.666666667,3718785.1079849834,0.0,-99.99998952660353,0.0,0.0,0.0,17712800.0,179407200.0
2024-11-24,0.0,0.0,0.0,0.0,0.0,2024,11,24,6,4,47,1,0,0,0.0,0.0,5387200.0,3981600.0,0.0,0.0,1343253.3333333333,2719914.286140977,4475706.666666667,3748823.3857715894,0.0,-99.99998143748489,0.0,0.0,0.0,17712800.0,179407200.0
2024-11-25,0.0,0.0,0.0,0.0,0.0,2024,11,25,0,4,48,0,0,1,0.0,0.0,1971200.0,3774400.0,0.0,0.0,1277546.6666666667,2728019.172211548,4433768.888888889,3777757.289615896,0.0,-99.99994926950626,0.0,0.0,0.0,17712800.0,179407200.0
2024-11-26,0.0,0.0,0.0,0.0,0.0,2024,11,26,1,4,48,0,0,1,0.0,0.0,9284800.0,7380800.0,0.0,0.0,968053.3333333334,2277801.4608363584,4351760.0,3793144.4448512266,0.0,-99.99998922970993,0.0,0.0,0.0,17712800.0,179407200.0
2024-11-27,0.0,0.0,0.0,0.0,0.0,2024,11,27,2,4,48,0,0,1,0.0,0.0,11328800.0,8752800.0,0.0,0.0,590426.6666666666,1171162.1716771522,4254506.666666667,3791244.3606851655,0.0,-99.99999117294054,0.0,0.0,0.0,17712800.0,179407200.0
2024-11-28,0.0,0.0,0.0,0.0,0.0,2024,11,28,3,4,48,0,0,1,0.0,0.0,0.0,9990400.0,0.0,0.0,590426.6666666666,1171162.1716771522,4143502.222222222,3767596.7428056314,0.0,0.0,0.0,0.0,0.0,17712800.0,179407200.0
2024-11-29,0.0,0.0,0.0,0.0,0.0,2024,11,29,4,4,48,0,0,1,0.0,0.0,0.0,6272000.0,0.0,0.0,590426.6666666666,1171162.1716771522,4073813.3333333335,3785746.335845931,0.0,0.0,0.0,0.0,0.0,17712800.0,179407200.0
2024-11-30,0.0,0.0,0.0,0.0,0.0,2024,11,30,5,4,48,1,0,1,0.0,0.0,0.0,8372000.0,0.0,0.0,590426.6666666666,1171162.1716771522,3980791.111111111,3781800.9915509154,0.0,0.0,0.0,0.0,0.0,17712800.0,179407200.0
2024-12-01,2038400.0,2.0,2.0,2.0,30.0,2024,12,1,6,4,48,1,1,0,0.0,0.0,778400.0,2867200.0,291200.0,770442.7817819654,632426.6666666666,1200364.5558122348,3971582.222222222,3785550.3415546524,203840000.0,161.87029564453283,679466.6666666666,336000.0,16.483508397022963,2038400.0,181445600.0
2024-12-02,0.0,0.0,0.0,0.0,0.0,2024,12,2,0,4,49,0,1,0,2038400.0,0.0,1596000.0,3287200.0,291200.0,770442.7817819654,579226.6666666666,1191521.1902649074,3935057.777777778,3808019.121050634,0.0,-99.99993734339765,0.0,0.0,0.0,2038400.0,181445600.0
2024-12-03,0.0,0.0,0.0,0.0,0.0,2024,12,3,1,4,49,0,1,0,0.0,0.0,0.0,8881600.0,291200.0,770442.7817819654,579226.6666666666,1191521.1902649074,3836373.3333333335,3793444.6424668934,0.0,0.0,0.0,0.0,0.0,2038400.0,181445600.0
2024-12-04,2016000.0,2.0,2.0,2.0,19.0,2024,12,4,2,4,49,0,1,0,0.0,0.0,2800000.0,5728800.0,579200.0,989193.4492301964,553093.3333333334,1148971.872328485,3795120.0,3792821.5694648568,201600000.0,-27.99999000000357,672000.0,0.0,0.0,4054400.0,183461600.0
2024-12-05,1120000.0,1.0,1.0,1.0,8.0,2024,12,5,3,4,49,0,1,0,2016000.0,0.0,1478400.0,8825600.0,739200.0,970293.2615108003,541146.6666666666,1140853.636758665,3709502.222222222,3764858.0518171187,112000000.0,-24.242407844691662,560000.0,0.0,0.0,5174400.0,184581600.0
2024-12-06,2268000.0,1.0,1.0,1.0,10.0,2024,12,6,4,4,49,0,0,0,1120000.0,0.0,2464000.0,7845600.0,1063200.0,1057102.5557311203,534613.3333333334,1129971.6284912322,3647528.888888889,3741844.853444094,226800000.0,-7.95454222624098,1134000.0,0.0,0.0,7442400.0,186849600.0
2024-12-07,0.0,0.0,0.0,0.0,0.0,2024,12,7,5,4,49,1,0,0,2268000.0,0.0,3768800.0,7392000.0,1063200.0,1057102.5557311203,408986.6666666667,953769.7762157848,3565395.5555555555,3739856.89241052,0.0,-99.99997346636238,0.0,0.0,0.0,7442400.0,186849600.0
2024-12-08,1568000.0,1.0,1.0,1.0,9.0,2024,12,8,6,4,49,1,0,0,0.0,2038400.0,4015200.0,4760000.0,996000.0,998080.8250503896,327413.3333333333,707583.0116929731,3529928.888888889,3743534.3989650765,-23.076911755832143,-60.94838091542615,784000.0,1568000.0,99.99993622453047,9010400.0,188417600.0
2024-12-09,0.0,0.0,0.0,0.0,0.0,2024,12,9,0,4,50,0,0,0,1568000.0,0.0,0.0,5572000.0,996000.0,998080.8250503896,327413.3333333333,707583.0116929731,3468017.777777778,3755439.2114227796,0.0,0.0,0.0,0.0,0.0,9010400.0,188417600.0
2024-12-10,504000.0,1.0,1.0,1.0,6.0,2024,12,10,1,4,50,0,0,0,0.0,0.0,812000.0,5980800.0,1068000.0,930121.13906376,317146.6666666667,702525.8447732928,3407164.4444444445,3758636.275593165,50400000.0,-37.93098776971949,252000.0,0.0,0.0,9514400.0,188921600.0
